# Blender 5.0.1
# www.blender.org
mtllib human_lowpoly.mtl
o Human_Body
v -0.000010 0.866000 0.080000
v 0.071988 0.868048 0.073879
v 0.122787 0.873892 0.056062
v 0.154939 0.882649 0.027906
v 0.165984 0.892981 -0.012000
v 0.154936 0.881117 -0.061449
v 0.122783 0.871061 -0.096338
v 0.071978 0.864348 -0.118416
v -0.000018 0.862000 -0.126000
v -0.000040 0.928000 0.085000
v 0.072827 0.927968 0.078680
v 0.124235 0.927938 0.060282
v 0.156753 0.927907 0.031207
v 0.167931 0.927903 -0.010000
v 0.156750 0.927903 -0.059883
v 0.124228 0.927929 -0.095078
v 0.072810 0.927956 -0.117349
v -0.000060 0.928000 -0.125000
v -0.000130 0.932001 0.094000
v 0.077072 0.931894 0.087081
v 0.131387 0.931694 0.066940
v 0.165857 0.931614 0.035111
v 0.177701 0.931590 -0.010000
v 0.165858 0.931614 -0.062919
v 0.131386 0.931690 -0.100256
v 0.077056 0.931881 -0.123883
v -0.000152 0.932001 -0.132000
v -0.000403 1.015009 0.097000
v 0.072482 1.014450 0.090147
v 0.123885 1.014060 0.070200
v 0.156412 1.013813 0.038678
v 0.167588 1.013733 -0.006000
v 0.156415 1.013818 -0.054148
v 0.123890 1.014062 -0.088118
v 0.072486 1.014446 -0.109615
v -0.000392 1.015009 -0.117000
v 0.000456 1.100003 0.103000
v 0.072729 1.098758 0.096296
v 0.121005 1.097964 0.076661
v 0.151094 1.097487 0.045158
v 0.161368 1.097332 -0.002000
v 0.151095 1.097490 -0.047811
v 0.121007 1.097961 -0.078414
v 0.072733 1.098749 -0.097487
v 0.000459 1.100003 -0.104000
v 0.002823 1.180012 0.112000
v 0.076302 1.180380 0.105571
v 0.120993 1.180404 0.086261
v 0.146799 1.179825 0.054569
v 0.156080 1.178710 0.003740
v 0.147819 1.178523 -0.043853
v 0.121933 1.178922 -0.074492
v 0.078365 1.177786 -0.093740
v 0.002854 1.180013 -0.100000
v 0.005617 1.260260 0.120000
v 0.080294 1.262452 0.113495
v 0.122702 1.262130 0.094061
v 0.144986 1.260533 0.061820
v 0.153711 1.257174 0.006714
v 0.146723 1.256655 -0.043466
v 0.124078 1.258226 -0.074546
v 0.081153 1.259929 -0.093512
v 0.005744 1.260206 -0.100000
v 0.008668 1.329532 0.115789
v 0.083477 1.329505 0.109225
v 0.125248 1.328338 0.090260
v 0.150921 1.339568 0.059115
v 0.143204 1.320409 0.000066
v 0.150441 1.331986 -0.057871
v 0.126677 1.320987 -0.075899
v 0.083755 1.324815 -0.094805
v 0.007989 1.327497 -0.101107
v 0.009626 1.392612 0.105595
v 0.089401 1.390372 0.098991
v 0.136625 1.386797 0.080357
v 0.185032 1.378494 0.066037
v 0.183757 1.370792 -0.064316
v 0.134743 1.378468 -0.076634
v 0.088088 1.385044 -0.094319
v 0.010155 1.388892 -0.100000
v 0.011486 1.427605 0.082000
v 0.072964 1.427895 0.075359
v 0.118560 1.426402 0.057525
v 0.211759 1.404985 0.045052
v 0.223965 1.405883 -0.005397
v 0.207904 1.403678 -0.051966
v 0.116501 1.437941 -0.072137
v 0.071845 1.446875 -0.088946
v 0.012321 1.452806 -0.095000
v 0.012284 1.457575 0.058000
v 0.041242 1.457074 0.053312
v 0.070428 1.461600 0.038709
v 0.092817 1.468297 0.016663
v 0.098719 1.473863 -0.008371
v 0.091697 1.477369 -0.036074
v 0.070761 1.481049 -0.059778
v 0.044750 1.485475 -0.075551
v 0.013693 1.488532 -0.081000
v 0.012333 1.454388 0.048072
v 0.036924 1.454393 0.044032
v 0.058443 1.456585 0.032407
v 0.075346 1.462671 0.014113
v 0.080787 1.470264 -0.007532
v 0.076456 1.474920 -0.032244
v 0.061547 1.479285 -0.053536
v 0.039294 1.482786 -0.067185
v 0.013585 1.484698 -0.071632
v 0.013801 1.489728 0.042160
v 0.035606 1.489788 0.038834
v 0.055155 1.491718 0.029215
v 0.070046 1.496092 0.013618
v 0.077408 1.502846 -0.006513
v 0.074259 1.508434 -0.031321
v 0.059638 1.513013 -0.053340
v 0.038026 1.516383 -0.066711
v 0.013758 1.518114 -0.070707
v 0.015249 1.510566 0.037224
v 0.033882 1.510863 0.034332
v 0.051230 1.513223 0.026190
v 0.065458 1.518068 0.012403
v 0.073494 1.525318 -0.006344
v 0.071577 1.533339 -0.031722
v 0.057274 1.540004 -0.055149
v 0.036190 1.544431 -0.068617
v 0.013142 1.546408 -0.072206
v 0.019117 1.526746 0.088841
v 0.047919 1.527269 0.082489
v 0.065681 1.531666 0.071832
v 0.081156 1.544386 0.051966
v 0.088281 1.556973 0.019407
v 0.083325 1.561291 -0.036331
v 0.070051 1.562888 -0.059597
v 0.048566 1.564353 -0.070236
v 0.012914 1.565827 -0.071697
v 0.021508 1.544371 0.097792
v 0.049498 1.544767 0.085556
v 0.068498 1.549104 0.073671
v 0.082878 1.557559 0.052259
v 0.090554 1.569885 0.018210
v 0.087292 1.578995 -0.038992
v 0.072099 1.582089 -0.068552
v 0.048317 1.584483 -0.082652
v 0.012416 1.586232 -0.085073
v 0.023020 1.567811 0.099099
v 0.048650 1.568268 0.092562
v 0.068569 1.571865 0.076648
v 0.084417 1.579093 0.052321
v 0.093038 1.589747 0.015898
v 0.089600 1.596853 -0.038584
v 0.071968 1.597934 -0.074665
v 0.045664 1.599160 -0.093182
v 0.011936 1.600436 -0.097183
v 0.024346 1.590140 0.102482
v 0.049872 1.590050 0.094797
v 0.069547 1.591970 0.076651
v 0.085188 1.596328 0.052130
v 0.093536 1.602893 0.015473
v 0.089781 1.606765 -0.040658
v 0.071924 1.606850 -0.078822
v 0.045501 1.607498 -0.098455
v 0.011740 1.608593 -0.102768
v 0.026484 1.603591 0.125016
v 0.047229 1.598751 0.099892
v 0.071357 1.604194 0.075108
v 0.087414 1.608003 0.050777
v 0.095974 1.613801 0.014478
v 0.092030 1.616619 -0.042524
v 0.073569 1.615746 -0.082314
v 0.046369 1.615856 -0.102785
v 0.011663 1.616808 -0.107291
v 0.026934 1.630641 0.113493
v 0.050095 1.629458 0.091240
v 0.076602 1.629248 0.077080
v 0.093084 1.629854 0.050919
v 0.099643 1.631225 0.013158
v 0.095454 1.631140 -0.044618
v 0.076227 1.630221 -0.086038
v 0.047928 1.630337 -0.107352
v 0.011825 1.631333 -0.112035
v 0.027360 1.654584 0.104139
v 0.053762 1.652790 0.078560
v 0.075418 1.651670 0.067081
v 0.092332 1.650339 0.045628
v 0.101158 1.648770 0.010672
v 0.096832 1.646760 -0.047305
v 0.077301 1.645802 -0.089966
v 0.048623 1.645913 -0.111939
v 0.012042 1.646917 -0.116808
v 0.028061 1.677634 0.101133
v 0.054661 1.676086 0.083893
v 0.075929 1.674784 0.071256
v 0.092268 1.673037 0.045413
v 0.100888 1.671082 0.010137
v 0.096500 1.668807 -0.048380
v 0.077155 1.667828 -0.091470
v 0.048806 1.667918 -0.113702
v 0.012683 1.668904 -0.118676
v 0.027684 1.707365 0.080091
v 0.052409 1.706359 0.074624
v 0.072698 1.705205 0.061297
v 0.088818 1.703826 0.038338
v 0.097434 1.702305 0.005022
v 0.093462 1.699970 -0.047447
v 0.074419 1.698130 -0.089275
v 0.046904 1.697667 -0.111429
v 0.013854 1.698378 -0.116630
v 0.027397 1.734045 0.062326
v 0.047290 1.733227 0.057673
v 0.064675 1.732232 0.046115
v 0.078817 1.731038 0.026367
v 0.086555 1.729745 -0.001574
v 0.083350 1.727777 -0.043530
v 0.066540 1.726057 -0.080182
v 0.042616 1.725560 -0.100164
v 0.015617 1.726084 -0.105085
v 0.026100 1.754030 0.033280
v 0.038187 1.753523 0.030198
v 0.049471 1.752865 0.022354
v 0.058873 1.752064 0.009051
v 0.064123 1.751211 -0.009278
v 0.062128 1.750054 -0.035230
v 0.050819 1.749046 -0.060051
v 0.035004 1.748774 -0.074026
v 0.018307 1.749097 -0.077642
v 0.022780 1.762685 -0.019451
v 0.200919 1.315274 -0.054302
v 0.245784 1.325133 -0.038990
v 0.262114 1.329899 0.003052
v 0.244447 1.329016 0.046914
v 0.198724 1.324476 0.063791
v 0.163279 1.318530 0.047667
v 0.150324 1.312291 0.004217
v 0.164501 1.310684 -0.038047
v 0.202371 1.253367 -0.046415
v 0.245489 1.258829 -0.031376
v 0.261500 1.264079 0.009776
v 0.244642 1.266271 0.052091
v 0.201314 1.264465 0.068335
v 0.163869 1.259912 0.052846
v 0.150054 1.254379 0.010923
v 0.164313 1.251525 -0.030486
v 0.202476 1.217643 -0.041223
v 0.243843 1.222204 -0.026470
v 0.259451 1.227506 0.013864
v 0.243966 1.230636 0.055277
v 0.202661 1.229337 0.071214
v 0.164407 1.225061 0.056118
v 0.149976 1.219723 0.015034
v 0.164216 1.216527 -0.025609
v 0.201968 1.221413 -0.031718
v 0.236823 1.225154 -0.019620
v 0.250015 1.229602 0.013477
v 0.237064 1.232316 0.047582
v 0.202300 1.231263 0.060720
v 0.170345 1.227690 0.048320
v 0.158240 1.223241 0.014494
v 0.170104 1.220531 -0.018881
v 0.206431 1.158308 -0.024166
v 0.239825 1.162030 -0.012645
v 0.252442 1.166689 0.018896
v 0.240007 1.169805 0.052159
v 0.206682 1.168995 0.064975
v 0.176189 1.165388 0.052888
v 0.164657 1.160624 0.019902
v 0.176006 1.157629 -0.011916
v 0.210919 1.095094 -0.013178
v 0.239925 1.098901 -0.003099
v 0.250808 1.104534 0.024508
v 0.239899 1.108829 0.053079
v 0.210884 1.108737 0.064098
v 0.184056 1.104997 0.053734
v 0.173992 1.099276 0.025410
v 0.184081 1.095089 -0.002446
v 0.218470 1.050487 -0.006869
v 0.243778 1.057044 0.006134
v 0.250191 1.068454 0.035305
v 0.237093 1.076393 0.058643
v 0.209274 1.077106 0.065358
v 0.185214 1.071251 0.054002
v 0.178829 1.061371 0.028924
v 0.191900 1.051890 0.001497
v 0.225739 1.002349 0.020898
v 0.250650 1.011960 0.035758
v 0.253981 1.027504 0.063852
v 0.236445 1.040075 0.088795
v 0.206213 1.041028 0.093851
v 0.183478 1.031640 0.079142
v 0.181107 1.015890 0.050579
v 0.197682 1.003512 0.026108
v 0.228847 0.935340 0.066194
v 0.248380 0.943487 0.078596
v 0.250484 0.957058 0.102408
v 0.236031 0.968299 0.123827
v 0.211837 0.969472 0.128375
v 0.193765 0.961430 0.115950
v 0.192389 0.947606 0.091620
v 0.206166 0.936613 0.070770
v 0.232023 0.877321 0.106124
v 0.245982 0.883814 0.116318
v 0.246621 0.895047 0.135995
v 0.234963 0.904638 0.153851
v 0.216685 0.905972 0.157597
v 0.203467 0.899467 0.147094
v 0.203508 0.887927 0.126872
v 0.214775 0.878632 0.109791
v 0.234740 0.834788 0.132931
v 0.245896 0.840639 0.142683
v 0.245074 0.851071 0.160881
v 0.233753 0.860163 0.177148
v 0.217603 0.861658 0.180063
v 0.207134 0.855797 0.169861
v 0.208923 0.845049 0.151166
v 0.219896 0.836252 0.135825
v 0.236696 0.810991 0.140074
v 0.247313 0.817236 0.152027
v 0.244402 0.829609 0.173875
v 0.229905 0.842305 0.195418
v 0.212365 0.845487 0.199590
v 0.202085 0.838601 0.186256
v 0.206574 0.824499 0.161476
v 0.220029 0.813514 0.143152
v 0.238311 0.775342 0.150493
v 0.247240 0.782662 0.164447
v 0.241404 0.798108 0.191479
v 0.225578 0.812570 0.215774
v 0.208365 0.816487 0.221057
v 0.199466 0.809040 0.206813
v 0.205661 0.793247 0.179204
v 0.221330 0.779125 0.155563
v 0.237520 0.748244 0.163546
v 0.244165 0.755545 0.177285
v 0.236933 0.771578 0.205211
v 0.221525 0.786492 0.230294
v 0.206351 0.790814 0.236460
v 0.200030 0.783561 0.222831
v 0.207404 0.767545 0.194952
v 0.222708 0.752612 0.169832
v 0.234190 0.742440 0.175395
v 0.238179 0.748242 0.186184
v 0.231670 0.761350 0.208952
v 0.219535 0.773689 0.229762
v 0.208544 0.777443 0.235337
v 0.204895 0.771687 0.224667
v 0.211532 0.758596 0.201944
v 0.223539 0.746240 0.181089
v 0.221216 0.757326 0.206829
v 0.218299 0.788693 0.212523
v 0.219337 0.793721 0.221281
v 0.212100 0.798644 0.226426
v 0.203825 0.798538 0.222812
v 0.202787 0.793510 0.214054
v 0.210024 0.788587 0.208909
v 0.215778 0.778650 0.218588
v 0.216816 0.783678 0.227346
v 0.209580 0.788601 0.232491
v 0.201305 0.788495 0.228877
v 0.200267 0.783467 0.220119
v 0.207504 0.778544 0.214974
v 0.207784 0.750107 0.236587
v 0.208602 0.754268 0.244735
v 0.202176 0.759111 0.249166
v 0.194933 0.759792 0.245448
v 0.194115 0.755630 0.237300
v 0.200541 0.750788 0.232869
v 0.196196 0.730649 0.246141
v 0.196546 0.733718 0.254069
v 0.191001 0.738989 0.257793
v 0.185106 0.741190 0.253589
v 0.184755 0.738120 0.245661
v 0.190301 0.732850 0.241937
v 0.186625 0.720728 0.249880
v 0.186632 0.723115 0.257238
v 0.181902 0.728310 0.260473
v 0.177164 0.731120 0.256350
v 0.177157 0.728733 0.248992
v 0.181887 0.723538 0.245757
v 0.178976 0.722592 0.254198
v 0.225327 0.779902 0.196193
v 0.226366 0.784505 0.205525
v 0.218852 0.789046 0.211205
v 0.210298 0.788984 0.207554
v 0.209258 0.784381 0.198222
v 0.216773 0.779840 0.192542
v 0.223091 0.769429 0.201609
v 0.224131 0.774032 0.210940
v 0.216617 0.778573 0.216621
v 0.208063 0.778511 0.212969
v 0.207023 0.773908 0.203637
v 0.214537 0.769367 0.197957
v 0.215219 0.736455 0.219412
v 0.216046 0.740203 0.228060
v 0.209362 0.744729 0.232994
v 0.201850 0.745507 0.229281
v 0.201023 0.741759 0.220633
v 0.207708 0.737233 0.215699
v 0.203065 0.714054 0.228595
v 0.203433 0.716683 0.236947
v 0.197639 0.721717 0.241176
v 0.191476 0.724122 0.237053
v 0.191107 0.721492 0.228701
v 0.196902 0.716458 0.224472
v 0.192836 0.702600 0.232050
v 0.192862 0.704558 0.239773
v 0.187904 0.709567 0.243488
v 0.182920 0.712618 0.239480
v 0.182894 0.710661 0.231757
v 0.187852 0.705652 0.228042
v 0.184747 0.703783 0.236745
v 0.231890 0.771238 0.180051
v 0.232867 0.775051 0.189189
v 0.225675 0.778844 0.194923
v 0.217506 0.778824 0.191519
v 0.216530 0.775012 0.182381
v 0.223722 0.771219 0.176647
v 0.229943 0.760386 0.184787
v 0.230919 0.764199 0.193925
v 0.223727 0.767992 0.199659
v 0.215559 0.767972 0.196255
v 0.214582 0.764159 0.187117
v 0.221774 0.760366 0.181383
v 0.223391 0.728186 0.199534
v 0.224177 0.731224 0.207971
v 0.217767 0.735067 0.212989
v 0.210572 0.735871 0.209571
v 0.209786 0.732833 0.201134
v 0.216196 0.728990 0.196115
v 0.212510 0.706335 0.206874
v 0.212882 0.708320 0.214964
v 0.207301 0.712709 0.219338
v 0.201350 0.715112 0.215621
v 0.200978 0.713126 0.207531
v 0.206559 0.708738 0.203157
v 0.203158 0.695155 0.209496
v 0.203211 0.696535 0.216950
v 0.198422 0.700950 0.220827
v 0.193580 0.703986 0.217250
v 0.193526 0.702606 0.209797
v 0.198315 0.698191 0.205920
v 0.195515 0.695853 0.214082
v 0.237260 0.763722 0.165929
v 0.238122 0.766426 0.174185
v 0.231782 0.769150 0.179535
v 0.224581 0.769170 0.176629
v 0.223719 0.766465 0.168372
v 0.230058 0.763741 0.163022
v 0.235675 0.752468 0.169780
v 0.236537 0.755172 0.178037
v 0.230197 0.757896 0.183387
v 0.222996 0.757915 0.180481
v 0.222134 0.755211 0.172224
v 0.228474 0.752487 0.166874
v 0.231253 0.725766 0.179510
v 0.231959 0.727839 0.187100
v 0.226297 0.730677 0.191821
v 0.219929 0.731443 0.188952
v 0.219223 0.729369 0.181362
v 0.224885 0.726531 0.176641
v 0.223075 0.707628 0.184053
v 0.223440 0.708795 0.191268
v 0.218484 0.712178 0.195457
v 0.213165 0.714394 0.192431
v 0.212801 0.713227 0.185217
v 0.217756 0.709844 0.181028
v 0.215832 0.698354 0.185523
v 0.215926 0.699028 0.192140
v 0.211659 0.702490 0.195890
v 0.207298 0.705277 0.193022
v 0.207204 0.704603 0.186405
v 0.211471 0.701141 0.182655
v 0.209380 0.698750 0.189616
v 0.219211 0.835889 0.177652
v 0.220624 0.845969 0.183970
v 0.214718 0.856294 0.182547
v 0.207400 0.856540 0.174806
v 0.205987 0.846460 0.168488
v 0.211893 0.836134 0.169911
v 0.208637 0.829965 0.188159
v 0.210184 0.841005 0.195079
v 0.203716 0.852314 0.193520
v 0.195701 0.852582 0.185042
v 0.194154 0.841542 0.178123
v 0.200622 0.830234 0.179681
v 0.196052 0.826252 0.198803
v 0.196792 0.835605 0.205296
v 0.191773 0.845686 0.203465
v 0.186013 0.846414 0.195142
v 0.185273 0.837062 0.188649
v 0.190293 0.826981 0.190480
v 0.169636 0.817972 0.212655
v 0.169548 0.826311 0.219030
v 0.165699 0.835851 0.216944
v 0.161939 0.837052 0.208484
v 0.162027 0.828714 0.202109
v 0.165876 0.819173 0.204194
v 0.150118 0.813829 0.216488
v 0.149391 0.821072 0.222365
v 0.146609 0.829765 0.220311
v 0.144556 0.831216 0.212378
v 0.145283 0.823973 0.206501
v 0.148065 0.815280 0.208555
v 0.141187 0.820859 0.215721
v -0.000004 0.826000 -0.010000
v 0.125996 0.029000 0.196795
v 0.154498 0.031000 0.181733
v 0.154835 0.019801 0.181698
v 0.142467 0.016408 0.182998
v 0.107017 0.016408 0.186724
v 0.094649 0.019801 0.188023
v 0.090928 0.031000 0.188415
v 0.099891 0.040298 0.187472
v 0.113776 0.045338 0.186013
v 0.135708 0.045338 0.183708
v 0.149593 0.040298 0.182249
v 0.161407 0.035000 0.154864
v 0.161854 0.018575 0.154817
v 0.145484 0.013599 0.156537
v 0.098565 0.013599 0.161469
v 0.082195 0.018575 0.163189
v 0.077271 0.035000 0.163707
v 0.089133 0.048637 0.162460
v 0.107510 0.056029 0.160528
v 0.136538 0.056029 0.157477
v 0.154915 0.048637 0.155546
v 0.161916 0.040000 0.117606
v 0.162412 0.019096 0.117554
v 0.144223 0.012762 0.119466
v 0.092091 0.012762 0.124945
v 0.073902 0.019096 0.126857
v 0.068431 0.040000 0.127432
v 0.081611 0.057356 0.126047
v 0.102030 0.066764 0.123901
v 0.134284 0.066764 0.120511
v 0.154702 0.057356 0.118365
v 0.156193 0.047000 0.079999
v 0.156669 0.020870 0.079949
v 0.139208 0.012953 0.081784
v 0.089161 0.012953 0.087044
v 0.071700 0.020870 0.088879
v 0.066448 0.047000 0.089431
v 0.079101 0.068695 0.088101
v 0.098703 0.080454 0.086041
v 0.129666 0.080454 0.082787
v 0.149268 0.068695 0.080726
v 0.149386 0.052500 0.040494
v 0.149443 0.022264 0.036734
v 0.132954 0.013103 0.037330
v 0.086036 0.013103 0.042261
v 0.069784 0.022264 0.045107
v 0.065250 0.052500 0.049337
v 0.077437 0.077605 0.051172
v 0.095989 0.091212 0.050911
v 0.125017 0.091212 0.047860
v 0.143218 0.077605 0.044258
v 0.142998 0.054500 0.004967
v 0.140995 0.022771 -0.018094
v 0.124984 0.013157 -0.023462
v 0.081193 0.013157 -0.018859
v 0.066647 0.022771 -0.010280
v 0.064470 0.054500 0.013220
v 0.077551 0.080844 0.031167
v 0.095791 0.095123 0.039723
v 0.122884 0.095123 0.036875
v 0.138947 0.080844 0.024714
v 0.139262 0.060000 -0.013745
v 0.136225 0.030137 -0.046456
v 0.120633 0.021089 -0.054825
v 0.078927 0.021089 -0.050442
v 0.065417 0.030137 -0.039014
v 0.064473 0.060000 -0.005885
v 0.077869 0.084795 0.020132
v 0.095749 0.098234 0.033117
v 0.121552 0.098234 0.030405
v 0.136341 0.084795 0.013986
v 0.138373 0.077500 -0.022199
v 0.135063 0.058462 -0.057508
v 0.119389 0.052694 -0.066665
v 0.077683 0.052694 -0.062281
v 0.064255 0.058462 -0.050066
v 0.063585 0.077500 -0.014338
v 0.077207 0.093307 0.013836
v 0.095210 0.101874 0.027991
v 0.121013 0.101874 0.025279
v 0.135680 0.093307 0.007690
v 0.142598 0.100000 -0.026207
v 0.132428 0.098824 -0.053022
v 0.111233 0.098098 -0.067005
v 0.085883 0.098098 -0.064341
v 0.069034 0.098824 -0.046359
v 0.065025 0.100000 -0.018054
v 0.074769 0.102351 0.008200
v 0.094951 0.103804 0.021937
v 0.120301 0.103804 0.019273
v 0.138163 0.102351 0.001537
v 0.158761 0.104000 -0.020726
v 0.148526 0.095771 -0.056897
v 0.121061 0.090685 -0.077926
v 0.084788 0.090685 -0.077926
v 0.057814 0.095771 -0.056897
v 0.047761 0.104000 -0.020726
v 0.057814 0.111053 0.014239
v 0.084788 0.115413 0.034567
v 0.121061 0.115413 0.034567
v 0.148526 0.111053 0.014239
v 0.157075 0.150000 -0.017065
v 0.147022 0.150000 -0.052633
v 0.120048 0.150000 -0.073311
v 0.084428 0.150000 -0.073311
v 0.057945 0.150000 -0.052633
v 0.048075 0.150000 -0.017065
v 0.057945 0.150000 0.016695
v 0.084428 0.150000 0.036322
v 0.120048 0.150000 0.036322
v 0.147022 0.150000 0.016695
v 0.155657 0.245000 -0.009502
v 0.145604 0.245000 -0.046276
v 0.118630 0.245000 -0.067656
v 0.083337 0.245000 -0.067656
v 0.057344 0.245000 -0.046276
v 0.047657 0.245000 -0.009502
v 0.057344 0.245000 0.024257
v 0.083337 0.245000 0.043884
v 0.118630 0.245000 0.043884
v 0.145604 0.245000 0.024257
v 0.157164 0.345000 -0.001542
v 0.146563 0.345000 -0.041330
v 0.118118 0.345000 -0.064462
v 0.081191 0.345000 -0.064462
v 0.054217 0.345000 -0.041330
v 0.044164 0.345000 -0.001542
v 0.054217 0.345000 0.032820
v 0.081191 0.345000 0.052798
v 0.118118 0.345000 0.052798
v 0.146563 0.345000 0.032820
v 0.155896 0.430000 0.005224
v 0.145294 0.430000 -0.032756
v 0.116849 0.430000 -0.054836
v 0.079595 0.430000 -0.054836
v 0.052131 0.430000 -0.032756
v 0.041896 0.430000 0.005224
v 0.052131 0.430000 0.040792
v 0.079595 0.430000 0.061470
v 0.116849 0.430000 0.061470
v 0.145294 0.430000 0.040792
v 0.157939 0.495000 0.009878
v 0.146790 0.495000 -0.026293
v 0.116873 0.495000 -0.047322
v 0.077985 0.495000 -0.047322
v 0.049540 0.495000 -0.026293
v 0.038939 0.495000 0.009878
v 0.049540 0.495000 0.048460
v 0.077985 0.495000 0.070891
v 0.116873 0.495000 0.070891
v 0.146790 0.495000 0.048460
v 0.164902 0.580000 0.007805
v 0.152291 0.580000 -0.032586
v 0.118451 0.580000 -0.056068
v 0.075641 0.580000 -0.056068
v 0.045235 0.580000 -0.032586
v 0.033902 0.580000 0.007805
v 0.045235 0.580000 0.050607
v 0.075641 0.580000 0.075491
v 0.118451 0.580000 0.075491
v 0.152291 0.580000 0.050607
v 0.172461 0.680000 -0.001520
v 0.155232 0.680000 -0.046452
v 0.119670 0.680000 -0.070102
v 0.076474 0.680000 -0.071230
v 0.044704 0.680000 -0.050120
v 0.026771 0.680000 0.000615
v 0.040354 0.680000 0.055567
v 0.073444 0.680000 0.081979
v 0.126068 0.680000 0.079499
v 0.162378 0.680000 0.047284
v 0.177621 0.770000 -0.012135
v 0.155778 0.770000 -0.061058
v 0.120259 0.769997 -0.083936
v 0.078665 0.768467 -0.086225
v 0.047520 0.764995 -0.068662
v 0.021960 0.762044 -0.007405
v 0.037433 0.763838 0.059203
v 0.072146 0.767758 0.085885
v 0.133942 0.770000 0.080075
v 0.171001 0.770000 0.040997
v 0.111571 0.000000 0.059551
v 0.148166 -0.000000 0.193372
v 0.161394 -0.000000 0.181626
v 0.172730 -0.000000 0.153978
v 0.174849 0.000000 0.116301
v 0.168872 0.000000 0.078589
v 0.160711 0.000000 0.039216
v 0.153550 0.000000 -0.000231
v 0.147893 0.000000 -0.034877
v 0.140101 0.000000 -0.060480
v 0.126199 0.000000 -0.073593
v 0.097146 -0.000000 -0.077693
v 0.070558 0.000000 -0.067735
v 0.060686 0.000000 -0.052093
v 0.059396 0.000000 -0.025494
v 0.065050 0.000000 0.009164
v 0.069223 0.000000 0.048844
v 0.067438 0.000000 0.089174
v 0.065446 0.000000 0.127732
v 0.074354 0.000000 0.164290
v 0.090343 -0.000000 0.189226
v 0.126342 -0.000000 0.201770
v 0.149664 0.004000 0.195972
v 0.163942 0.004000 0.183210
v 0.175668 0.004000 0.154582
v 0.177845 0.004000 0.116146
v 0.171823 0.004000 0.078047
v 0.163656 0.004000 0.038643
v 0.156506 0.004000 -0.000743
v 0.150822 0.004000 -0.035529
v 0.142725 0.004000 -0.061936
v 0.127308 0.004000 -0.076380
v 0.096833 0.004000 -0.080677
v 0.068840 0.004000 -0.070194
v 0.057783 0.004000 -0.052847
v 0.056404 0.004000 -0.025278
v 0.062076 0.004000 0.009557
v 0.066224 0.004000 0.048934
v 0.064441 0.004000 0.089031
v 0.062458 0.004000 0.128006
v 0.071572 0.004000 0.165411
v 0.088589 0.004000 0.191659
v 0.126127 0.004000 0.204763
v 0.149664 0.024000 0.195972
v 0.163942 0.024000 0.183210
v 0.175668 0.024000 0.154582
v 0.177845 0.024000 0.116146
v 0.171823 0.024000 0.078047
v 0.163656 0.024000 0.038643
v 0.156506 0.024000 -0.000743
v 0.150822 0.024000 -0.035529
v 0.142725 0.024000 -0.061936
v 0.127308 0.024000 -0.076380
v 0.096833 0.024000 -0.080677
v 0.068840 0.024000 -0.070194
v 0.057783 0.024000 -0.052847
v 0.056404 0.024000 -0.025278
v 0.062076 0.024000 0.009557
v 0.066224 0.024000 0.048934
v 0.064441 0.024000 0.089031
v 0.062458 0.024000 0.128006
v 0.071572 0.024000 0.165411
v 0.088589 0.024000 0.191659
v 0.126127 0.024000 0.204763
v 0.148166 0.027000 0.193372
v 0.161394 0.027000 0.181626
v 0.172730 0.027000 0.153978
v 0.174849 0.027000 0.116301
v 0.168872 0.027000 0.078589
v 0.160711 0.027000 0.039216
v 0.153550 0.027000 -0.000231
v 0.147893 0.027000 -0.034877
v 0.140101 0.027000 -0.060480
v 0.126199 0.027000 -0.073593
v 0.097146 0.027000 -0.077693
v 0.070558 0.027000 -0.067735
v 0.060686 0.027000 -0.052093
v 0.059396 0.027000 -0.025494
v 0.065050 0.027000 0.009164
v 0.069223 0.027000 0.048844
v 0.067438 0.027000 0.089174
v 0.065446 0.027000 0.127732
v 0.074354 0.027000 0.164290
v 0.090343 0.027000 0.189226
v 0.126342 0.027000 0.201770
v 0.111571 0.027000 0.059551
v 0.093678 1.598188 -0.015066
v 0.098750 1.606987 -0.007038
v 0.102671 1.604188 -0.010925
v 0.102037 1.601874 -0.018975
v 0.097482 1.602359 -0.023138
v 0.093561 1.605157 -0.019251
v 0.094195 1.607471 -0.011201
v 0.103435 1.625273 -0.009463
v 0.108274 1.621668 -0.015784
v 0.107228 1.616482 -0.028367
v 0.101344 1.614901 -0.034630
v 0.096505 1.618506 -0.028310
v 0.097551 1.623692 -0.015727
v 0.105914 1.645562 -0.014369
v 0.110709 1.642254 -0.022518
v 0.109425 1.636302 -0.038175
v 0.103347 1.633657 -0.045684
v 0.098552 1.636964 -0.037535
v 0.099836 1.642917 -0.021878
v 0.104779 1.659256 -0.022538
v 0.109614 1.658218 -0.029742
v 0.108583 1.654457 -0.042823
v 0.102719 1.651736 -0.048701
v 0.097884 1.652774 -0.041497
v 0.098914 1.656535 -0.028416
v 0.099778 1.665010 -0.036946
v -0.072021 0.868063 0.073879
v -0.122828 0.873924 0.056062
v -0.154973 0.882686 0.027906
v -0.166015 0.893018 -0.012000
v -0.154975 0.881157 -0.061449
v -0.122832 0.871099 -0.096338
v -0.072031 0.864372 -0.118416
v -0.072917 0.928033 0.078680
v -0.124338 0.928063 0.060282
v -0.156891 0.928094 0.031207
v -0.168066 0.928098 -0.010000
v -0.156893 0.928098 -0.059883
v -0.124345 0.928071 -0.095078
v -0.072933 0.928044 -0.117349
v -0.077346 0.932109 0.087081
v -0.131976 0.932315 0.066940
v -0.166448 0.932394 0.035111
v -0.178287 0.932416 -0.010000
v -0.166446 0.932393 -0.062919
v -0.131977 0.932318 -0.100256
v -0.077361 0.932121 -0.123883
v -0.073248 1.015567 0.090147
v -0.124664 1.015957 0.070200
v -0.157202 1.016203 0.038678
v -0.168377 1.016281 -0.006000
v -0.157197 1.016195 -0.054148
v -0.124659 1.015954 -0.088118
v -0.073246 1.015574 -0.109615
v -0.071853 1.101248 0.096296
v -0.120164 1.102042 0.076661
v -0.150275 1.102516 0.045158
v -0.160555 1.102668 -0.002000
v -0.150273 1.102508 -0.047811
v -0.120160 1.102039 -0.078414
v -0.071847 1.101258 -0.097487
v -0.071206 1.184338 0.105566
v -0.115987 1.186688 0.086232
v -0.142151 1.187406 0.054485
v -0.152093 1.186703 0.003563
v -0.150275 1.183159 -0.045301
v -0.120681 1.182698 -0.075302
v -0.072890 1.181872 -0.093740
v -0.069017 1.267359 0.113494
v -0.111510 1.269727 0.094041
v -0.134181 1.269296 0.061723
v -0.143984 1.266008 0.006414
v -0.137726 1.264427 -0.043943
v -0.114207 1.264322 -0.074876
v -0.070510 1.263691 -0.093634
v -0.066895 1.334663 0.109222
v -0.109126 1.336452 0.090261
v -0.134028 1.349129 0.059098
v -0.128428 1.328578 -0.000101
v -0.134804 1.340404 -0.058056
v -0.111601 1.327052 -0.076052
v -0.067784 1.328381 -0.094802
v -0.068752 1.395764 0.098933
v -0.116316 1.395792 0.080305
v -0.165173 1.390686 0.066024
v -0.164172 1.382741 -0.064285
v -0.114486 1.386149 -0.076514
v -0.067518 1.389487 -0.094188
v -0.050157 1.431935 0.075271
v -0.095825 1.433890 0.057428
v -0.190053 1.418952 0.045033
v -0.202091 1.420680 -0.005398
v -0.186051 1.417429 -0.051936
v -0.092100 1.444849 -0.071993
v -0.047482 1.451030 -0.088946
v -0.016525 1.458803 0.053312
v -0.045458 1.465663 0.038633
v -0.067130 1.473907 0.016618
v -0.072502 1.479845 -0.008389
v -0.065055 1.482808 -0.036052
v -0.044259 1.485134 -0.059321
v -0.018222 1.487695 -0.075240
v -0.012129 1.455885 0.044119
v -0.033360 1.459588 0.032603
v -0.049743 1.467070 0.014472
v -0.054689 1.474980 -0.006862
v -0.050330 1.479376 -0.031297
v -0.035541 1.482743 -0.052611
v -0.013487 1.484639 -0.066612
v -0.007846 1.491202 0.039141
v -0.027129 1.494496 0.029871
v -0.041705 1.499960 0.014731
v -0.048869 1.507256 -0.004797
v -0.046141 1.512657 -0.029092
v -0.032286 1.516256 -0.051312
v -0.011322 1.518109 -0.065532
v -0.003328 1.512129 0.035061
v -0.020611 1.515703 0.027685
v -0.034829 1.521564 0.014762
v -0.043089 1.529398 -0.002993
v -0.042289 1.537326 -0.027617
v -0.029698 1.543047 -0.051554
v -0.009861 1.546036 -0.066594
v -0.009974 1.529279 0.084870
v -0.028092 1.534933 0.075738
v -0.044014 1.548764 0.057379
v -0.052749 1.561917 0.026010
v -0.052914 1.566059 -0.029218
v -0.042363 1.566816 -0.053297
v -0.022351 1.566829 -0.066130
v -0.007547 1.546759 0.088613
v -0.027319 1.552453 0.078823
v -0.043157 1.561966 0.059155
v -0.053439 1.574928 0.026413
v -0.056176 1.584011 -0.030331
v -0.044688 1.586167 -0.061230
v -0.022865 1.586967 -0.078116
v -0.003105 1.570081 0.095624
v -0.024446 1.575116 0.082169
v -0.042404 1.583533 0.059933
v -0.054425 1.594910 0.024985
v -0.057282 1.601987 -0.029188
v -0.044515 1.602000 -0.067037
v -0.020938 1.601484 -0.088770
v -0.001879 1.591863 0.098012
v -0.023434 1.595228 0.082442
v -0.041570 1.600768 0.060096
v -0.053865 1.608054 0.024914
v -0.057091 1.611899 -0.031002
v -0.044551 1.610917 -0.071024
v -0.021096 1.609822 -0.093955
v 0.002421 1.600321 0.102761
v -0.024200 1.607542 0.081242
v -0.042858 1.612566 0.059202
v -0.055516 1.619104 0.024426
v -0.058914 1.621896 -0.032407
v -0.046132 1.619928 -0.074185
v -0.022071 1.618247 -0.098109
v 0.001040 1.631177 0.094475
v -0.027010 1.632878 0.083931
v -0.046649 1.634747 0.060215
v -0.057983 1.636741 0.023752
v -0.061601 1.636633 -0.033933
v -0.048319 1.634576 -0.077509
v -0.023281 1.632828 -0.102459
v -0.002292 1.654753 0.082352
v -0.025296 1.655197 0.073908
v -0.044972 1.655146 0.054963
v -0.058512 1.654356 0.021574
v -0.062259 1.652325 -0.036397
v -0.048857 1.650215 -0.081299
v -0.023511 1.648436 -0.106983
v -0.000675 1.678023 0.087682
v -0.023496 1.678264 0.078069
v -0.043278 1.677780 0.054708
v -0.056734 1.676596 0.020966
v -0.060549 1.674300 -0.037591
v -0.047386 1.672184 -0.082914
v -0.022403 1.670409 -0.108810
v 0.002435 1.708107 0.078058
v -0.019515 1.708430 0.067633
v -0.038677 1.708286 0.047097
v -0.051847 1.707527 0.015278
v -0.055252 1.705172 -0.037230
v -0.042275 1.702212 -0.081258
v -0.018144 1.699943 -0.106961
v 0.007046 1.734635 0.060437
v -0.011781 1.734907 0.051367
v -0.028536 1.734793 0.033743
v -0.040089 1.734176 0.007127
v -0.042790 1.732189 -0.034863
v -0.031305 1.729480 -0.073459
v -0.010428 1.727415 -0.096519
v 0.013700 1.754380 0.031880
v 0.001433 1.754545 0.025654
v -0.009732 1.754464 0.013764
v -0.017482 1.754066 -0.003672
v -0.019136 1.752897 -0.029647
v -0.011421 1.751224 -0.055775
v 0.002279 1.749919 -0.071778
v -0.185707 1.328889 -0.054394
v -0.229510 1.341793 -0.039006
v -0.245442 1.347626 0.003050
v -0.227858 1.345464 0.046919
v -0.182499 1.337747 0.063805
v -0.147754 1.329226 0.047638
v -0.135771 1.321759 0.004084
v -0.150322 1.321267 -0.038267
v -0.191358 1.267182 -0.046463
v -0.233851 1.275607 -0.031387
v -0.249435 1.281940 0.009771
v -0.232444 1.282928 0.052092
v -0.189310 1.278088 0.068343
v -0.152384 1.270922 0.052827
v -0.139250 1.264397 0.010845
v -0.153905 1.262623 -0.030624
v -0.193808 1.231495 -0.041231
v -0.234730 1.238919 -0.026471
v -0.249931 1.245299 0.013863
v -0.234258 1.247334 0.055277
v -0.193143 1.243158 0.071215
v -0.155295 1.236221 0.056114
v -0.141311 1.229888 0.015022
v -0.155791 1.227708 -0.025634
v -0.193008 1.235206 -0.031717
v -0.227517 1.241369 -0.019619
v -0.240366 1.246726 0.013477
v -0.227257 1.248531 0.047581
v -0.192651 1.245055 0.060718
v -0.161024 1.239262 0.048319
v -0.149259 1.233979 0.014492
v -0.161283 1.232103 -0.018882
v -0.201861 1.172569 -0.024162
v -0.234914 1.178609 -0.012643
v -0.247176 1.184136 0.018895
v -0.234554 1.186378 0.052153
v -0.201366 1.183247 0.064965
v -0.171199 1.177520 0.052880
v -0.160028 1.171961 0.019895
v -0.171558 1.169765 -0.011918
v -0.210747 1.109827 -0.013174
v -0.239418 1.115643 -0.003097
v -0.249881 1.122018 0.024506
v -0.238699 1.125547 0.053069
v -0.209761 1.123437 0.064084
v -0.183260 1.117829 0.053724
v -0.173620 1.111413 0.025404
v -0.183976 1.107942 -0.002446
v -0.221391 1.065859 -0.006874
v -0.246182 1.074157 0.006132
v -0.251783 1.085984 0.035305
v -0.238162 1.093002 0.058641
v -0.210360 1.091778 0.065355
v -0.186768 1.084249 0.054001
v -0.181089 1.073939 0.028925
v -0.194789 1.065397 0.001495
v -0.232001 1.018336 0.020888
v -0.256181 1.029659 0.035754
v -0.258420 1.045399 0.063856
v -0.240049 1.056725 0.088802
v -0.209824 1.055571 0.093859
v -0.187800 1.044612 0.079148
v -0.186533 1.028729 0.050583
v -0.203932 1.017537 0.026104
v -0.239777 0.951704 0.066190
v -0.258694 0.961194 0.078595
v -0.259846 0.974879 0.102409
v -0.244644 0.985087 0.123831
v -0.220427 0.984571 0.128379
v -0.202961 0.975286 0.115952
v -0.202553 0.961398 0.091621
v -0.217064 0.951392 0.070768
v -0.246994 0.894048 0.106125
v -0.260465 0.901499 0.116318
v -0.260317 0.912750 0.135994
v -0.248019 0.921504 0.153851
v -0.229693 0.921560 0.157597
v -0.216961 0.914149 0.147092
v -0.217809 0.902639 0.126870
v -0.229699 0.894154 0.109790
v -0.252671 0.851808 0.132932
v -0.263390 0.858424 0.142683
v -0.261843 0.868772 0.160881
v -0.249916 0.877052 0.177148
v -0.233699 0.877418 0.180062
v -0.223664 0.870840 0.169859
v -0.226200 0.860243 0.151164
v -0.237763 0.852233 0.135824
v -0.256283 0.828206 0.140075
v -0.266437 0.835177 0.152029
v -0.262668 0.847315 0.173876
v -0.247323 0.858970 0.195418
v -0.229608 0.860921 0.199591
v -0.219829 0.853334 0.186257
v -0.225290 0.839579 0.161475
v -0.239480 0.829560 0.143151
v -0.260378 0.792756 0.150493
v -0.268775 0.800681 0.164447
v -0.261875 0.815683 0.191480
v -0.245080 0.829005 0.215774
v -0.227641 0.831712 0.221058
v -0.219280 0.823663 0.206814
v -0.226559 0.808340 0.179204
v -0.243175 0.795346 0.155563
v -0.261480 0.765669 0.163546
v -0.267599 0.773415 0.177285
v -0.259266 0.788905 0.205212
v -0.242855 0.802708 0.230294
v -0.227419 0.805962 0.236460
v -0.221617 0.798285 0.222831
v -0.230090 0.782822 0.194952
v -0.246398 0.768993 0.169832
v -0.258562 0.759647 0.175395
v -0.262137 0.765713 0.186184
v -0.254730 0.778335 0.208952
v -0.241764 0.789797 0.229762
v -0.230537 0.792775 0.235337
v -0.227299 0.786779 0.224667
v -0.234833 0.774183 0.201944
v -0.247672 0.762695 0.181089
v -0.244581 0.773592 0.206829
v -0.239484 0.804679 0.212523
v -0.240168 0.809767 0.221281
v -0.232606 0.814173 0.226426
v -0.224359 0.813491 0.222812
v -0.223674 0.808402 0.214054
v -0.231237 0.803996 0.208909
v -0.237670 0.794484 0.218588
v -0.238355 0.799573 0.227346
v -0.230792 0.803979 0.232491
v -0.222545 0.803296 0.228877
v -0.221860 0.798208 0.220119
v -0.229423 0.793802 0.214974
v -0.231686 0.765453 0.236586
v -0.232212 0.769662 0.244734
v -0.225464 0.774044 0.249165
v -0.218190 0.774218 0.245448
v -0.217665 0.770010 0.237300
v -0.224413 0.765628 0.232869
v -0.221484 0.745234 0.246141
v -0.221619 0.748321 0.254069
v -0.215719 0.753192 0.257793
v -0.209685 0.754976 0.253589
v -0.209550 0.751890 0.245661
v -0.215449 0.747019 0.241937
v -0.212628 0.734670 0.249880
v -0.212468 0.737051 0.257238
v -0.207387 0.741904 0.260473
v -0.202465 0.744376 0.256350
v -0.202625 0.741995 0.248992
v -0.207706 0.737142 0.245757
v -0.204867 0.735996 0.254198
v -0.247107 0.796399 0.196194
v -0.247824 0.801064 0.205525
v -0.240011 0.805070 0.211205
v -0.231482 0.804411 0.207554
v -0.230766 0.799747 0.198222
v -0.238579 0.795741 0.192542
v -0.245608 0.785796 0.201609
v -0.246324 0.790461 0.210940
v -0.238511 0.794466 0.216621
v -0.229983 0.793808 0.212969
v -0.229266 0.789144 0.203637
v -0.237079 0.785138 0.197957
v -0.240056 0.752354 0.219412
v -0.240619 0.756150 0.228060
v -0.233635 0.760198 0.232994
v -0.226088 0.760450 0.229281
v -0.225524 0.756654 0.220633
v -0.232508 0.752606 0.215699
v -0.229494 0.729159 0.228595
v -0.229678 0.731808 0.236947
v -0.223546 0.736425 0.241176
v -0.217230 0.738394 0.237053
v -0.217046 0.735745 0.228701
v -0.223178 0.731127 0.224472
v -0.220089 0.717020 0.232050
v -0.219978 0.718975 0.239773
v -0.214682 0.723626 0.243488
v -0.209497 0.726322 0.239480
v -0.209608 0.724367 0.231757
v -0.214904 0.719716 0.228042
v -0.211937 0.717636 0.236745
v -0.254259 0.788215 0.180051
v -0.254968 0.792086 0.189189
v -0.247529 0.795368 0.194923
v -0.239381 0.794779 0.191519
v -0.238673 0.790907 0.182381
v -0.246112 0.787625 0.176647
v -0.253074 0.777253 0.184787
v -0.253782 0.781124 0.193925
v -0.246343 0.784406 0.199659
v -0.238196 0.783817 0.196255
v -0.237487 0.779945 0.187117
v -0.244926 0.776663 0.181383
v -0.248784 0.744674 0.199534
v -0.249356 0.747760 0.207971
v -0.242694 0.751147 0.212989
v -0.235460 0.751447 0.209571
v -0.234888 0.748361 0.201134
v -0.241550 0.744974 0.196115
v -0.239454 0.722117 0.206874
v -0.239686 0.724124 0.214964
v -0.233813 0.728113 0.219338
v -0.227708 0.730095 0.215621
v -0.227477 0.728088 0.207531
v -0.233350 0.724100 0.203157
v -0.230904 0.710313 0.209496
v -0.230861 0.711693 0.216950
v -0.225776 0.715763 0.220827
v -0.220733 0.718454 0.217251
v -0.220776 0.717074 0.209797
v -0.225861 0.713003 0.205920
v -0.223231 0.710476 0.214082
v -0.260140 0.781091 0.165928
v -0.260811 0.783849 0.174185
v -0.254297 0.786124 0.179535
v -0.247112 0.785641 0.176629
v -0.246441 0.782883 0.168372
v -0.252955 0.780608 0.163022
v -0.259344 0.769754 0.169780
v -0.260015 0.772512 0.178037
v -0.253501 0.774787 0.183387
v -0.246316 0.774304 0.180481
v -0.245645 0.771546 0.172224
v -0.252159 0.769271 0.166874
v -0.256796 0.742809 0.179510
v -0.257356 0.744926 0.187100
v -0.251510 0.747363 0.191821
v -0.245104 0.747682 0.188952
v -0.244544 0.745564 0.181362
v -0.250390 0.743128 0.176641
v -0.249903 0.724145 0.184053
v -0.250185 0.725335 0.191268
v -0.245006 0.728364 0.195457
v -0.239545 0.730203 0.192431
v -0.239263 0.729013 0.185217
v -0.244442 0.725984 0.181028
v -0.243325 0.714388 0.185523
v -0.243371 0.715067 0.192140
v -0.238873 0.718222 0.195890
v -0.234328 0.720699 0.193022
v -0.234282 0.720019 0.186405
v -0.238780 0.716864 0.182655
v -0.236861 0.714333 0.189616
v -0.237102 0.851823 0.177652
v -0.237808 0.861977 0.183970
v -0.231196 0.871865 0.182547
v -0.223878 0.871600 0.174806
v -0.223173 0.861446 0.168488
v -0.229784 0.851557 0.169911
v -0.226967 0.845176 0.188159
v -0.227740 0.856297 0.195079
v -0.220498 0.867127 0.193520
v -0.212484 0.866836 0.185042
v -0.211711 0.855715 0.178123
v -0.218952 0.844885 0.179681
v -0.214671 0.840594 0.198803
v -0.214757 0.849976 0.205296
v -0.209046 0.859682 0.203465
v -0.203250 0.860007 0.195142
v -0.203165 0.850626 0.188649
v -0.208875 0.840919 0.190480
v -0.188897 0.830492 0.212655
v -0.188227 0.838804 0.219030
v -0.183723 0.848053 0.216944
v -0.179887 0.848989 0.208484
v -0.180557 0.840677 0.202109
v -0.185062 0.831428 0.204194
v -0.169716 0.824998 0.216488
v -0.168485 0.832172 0.222365
v -0.165104 0.840650 0.220311
v -0.162954 0.841954 0.212378
v -0.164185 0.834780 0.206501
v -0.167566 0.826302 0.208555
v -0.160316 0.831387 0.215721
v -0.125996 0.029000 0.196795
v -0.154498 0.031000 0.181733
v -0.154835 0.019801 0.181698
v -0.142467 0.016408 0.182998
v -0.107017 0.016408 0.186724
v -0.094649 0.019801 0.188024
v -0.090928 0.031000 0.188415
v -0.099891 0.040298 0.187472
v -0.113776 0.045338 0.186013
v -0.135708 0.045338 0.183708
v -0.149593 0.040298 0.182249
v -0.161407 0.035000 0.154864
v -0.161854 0.018575 0.154817
v -0.145484 0.013599 0.156537
v -0.098565 0.013599 0.161469
v -0.082195 0.018575 0.163189
v -0.077271 0.035000 0.163707
v -0.089133 0.048637 0.162460
v -0.107510 0.056028 0.160528
v -0.136538 0.056028 0.157477
v -0.154915 0.048637 0.155546
v -0.161916 0.040000 0.117606
v -0.162411 0.019096 0.117554
v -0.144223 0.012762 0.119466
v -0.092091 0.012762 0.124945
v -0.073902 0.019096 0.126857
v -0.068431 0.040000 0.127432
v -0.081611 0.057356 0.126047
v -0.102030 0.066764 0.123901
v -0.134284 0.066764 0.120511
v -0.154702 0.057356 0.118365
v -0.156193 0.047000 0.079999
v -0.156669 0.020870 0.079949
v -0.139208 0.012953 0.081784
v -0.089161 0.012953 0.087044
v -0.071700 0.020870 0.088879
v -0.066447 0.047000 0.089431
v -0.079101 0.068695 0.088101
v -0.098703 0.080454 0.086041
v -0.129666 0.080454 0.082787
v -0.149268 0.068695 0.080726
v -0.149386 0.052500 0.040494
v -0.149443 0.022264 0.036734
v -0.132954 0.013103 0.037330
v -0.086036 0.013103 0.042261
v -0.069784 0.022264 0.045107
v -0.065250 0.052500 0.049337
v -0.077437 0.077605 0.051172
v -0.095989 0.091212 0.050912
v -0.125017 0.091212 0.047860
v -0.143218 0.077605 0.044258
v -0.142998 0.054500 0.004967
v -0.140995 0.022771 -0.018094
v -0.124984 0.013157 -0.023462
v -0.081193 0.013157 -0.018859
v -0.066647 0.022771 -0.010280
v -0.064470 0.054500 0.013220
v -0.077551 0.080844 0.031167
v -0.095791 0.095123 0.039723
v -0.122884 0.095123 0.036875
v -0.138947 0.080844 0.024714
v -0.139261 0.060000 -0.013745
v -0.136225 0.030137 -0.046456
v -0.120633 0.021089 -0.054825
v -0.078927 0.021089 -0.050442
v -0.065417 0.030137 -0.039014
v -0.064473 0.060000 -0.005885
v -0.077869 0.084795 0.020132
v -0.095749 0.098234 0.033117
v -0.121552 0.098234 0.030405
v -0.136341 0.084795 0.013986
v -0.138373 0.077500 -0.022199
v -0.135063 0.058462 -0.057508
v -0.119389 0.052694 -0.066665
v -0.077683 0.052694 -0.062281
v -0.064255 0.058462 -0.050066
v -0.063585 0.077500 -0.014338
v -0.077207 0.093307 0.013836
v -0.095210 0.101874 0.027991
v -0.121013 0.101874 0.025279
v -0.135680 0.093307 0.007690
v -0.142598 0.100000 -0.026207
v -0.132428 0.098824 -0.053022
v -0.111233 0.098098 -0.067005
v -0.085883 0.098098 -0.064341
v -0.069034 0.098824 -0.046359
v -0.065025 0.100000 -0.018054
v -0.074769 0.102351 0.008200
v -0.094951 0.103804 0.021937
v -0.120301 0.103804 0.019273
v -0.138163 0.102351 0.001537
v -0.158761 0.104000 -0.020726
v -0.148526 0.095771 -0.056897
v -0.121061 0.090685 -0.077926
v -0.084788 0.090685 -0.077926
v -0.057814 0.095771 -0.056897
v -0.047761 0.104000 -0.020726
v -0.057814 0.111053 0.014239
v -0.084788 0.115413 0.034567
v -0.121061 0.115413 0.034567
v -0.148526 0.111053 0.014239
v -0.157075 0.150000 -0.017065
v -0.147022 0.150000 -0.052633
v -0.120048 0.150000 -0.073311
v -0.084428 0.150000 -0.073311
v -0.057945 0.150000 -0.052633
v -0.048075 0.150000 -0.017065
v -0.057945 0.150000 0.016695
v -0.084428 0.150000 0.036322
v -0.120048 0.150000 0.036322
v -0.147022 0.150000 0.016695
v -0.155657 0.245000 -0.009502
v -0.145604 0.245000 -0.046276
v -0.118630 0.245000 -0.067656
v -0.083337 0.245000 -0.067656
v -0.057344 0.245000 -0.046276
v -0.047657 0.245000 -0.009502
v -0.057344 0.245000 0.024257
v -0.083337 0.245000 0.043884
v -0.118630 0.245000 0.043884
v -0.145604 0.245000 0.024257
v -0.157164 0.345000 -0.001542
v -0.146563 0.345000 -0.041330
v -0.118118 0.345000 -0.064462
v -0.081191 0.345000 -0.064462
v -0.054217 0.345000 -0.041330
v -0.044164 0.345000 -0.001542
v -0.054217 0.345000 0.032820
v -0.081191 0.345000 0.052798
v -0.118118 0.345000 0.052798
v -0.146563 0.345000 0.032820
v -0.155896 0.430000 0.005224
v -0.145294 0.430000 -0.032756
v -0.116849 0.430000 -0.054836
v -0.079595 0.430000 -0.054836
v -0.052131 0.430000 -0.032756
v -0.041896 0.430000 0.005224
v -0.052131 0.430000 0.040792
v -0.079595 0.430000 0.061470
v -0.116849 0.430000 0.061470
v -0.145294 0.430000 0.040792
v -0.157939 0.495000 0.009878
v -0.146790 0.495000 -0.026293
v -0.116873 0.495000 -0.047322
v -0.077985 0.495000 -0.047322
v -0.049540 0.495000 -0.026293
v -0.038939 0.495000 0.009878
v -0.049540 0.495000 0.048460
v -0.077985 0.495000 0.070891
v -0.116873 0.495000 0.070891
v -0.146790 0.495000 0.048460
v -0.164902 0.580000 0.007805
v -0.152291 0.580000 -0.032586
v -0.118451 0.580000 -0.056068
v -0.075641 0.580000 -0.056068
v -0.045235 0.580000 -0.032586
v -0.033902 0.580000 0.007805
v -0.045235 0.580000 0.050607
v -0.075641 0.580000 0.075491
v -0.118451 0.580000 0.075491
v -0.152291 0.580000 0.050607
v -0.172461 0.680000 -0.001520
v -0.155232 0.680000 -0.046452
v -0.119670 0.680000 -0.070102
v -0.076474 0.680000 -0.071230
v -0.044704 0.680000 -0.050120
v -0.026771 0.680000 0.000615
v -0.040354 0.680000 0.055567
v -0.073444 0.680000 0.081979
v -0.126068 0.680000 0.079499
v -0.162378 0.680000 0.047284
v -0.177621 0.770000 -0.012135
v -0.155778 0.770000 -0.061058
v -0.120270 0.770002 -0.083936
v -0.078677 0.768470 -0.086225
v -0.047520 0.764995 -0.068662
v -0.021960 0.762044 -0.007405
v -0.037433 0.763838 0.059203
v -0.072146 0.767758 0.085885
v -0.133942 0.770000 0.080075
v -0.171001 0.770000 0.040997
v -0.111571 -0.000000 0.059551
v -0.148166 -0.000000 0.193372
v -0.161394 -0.000000 0.181626
v -0.172730 -0.000000 0.153978
v -0.174849 -0.000000 0.116301
v -0.168872 -0.000000 0.078589
v -0.160711 -0.000000 0.039216
v -0.153550 -0.000000 -0.000231
v -0.147893 -0.000000 -0.034877
v -0.140101 -0.000000 -0.060480
v -0.126199 -0.000000 -0.073593
v -0.097146 -0.000000 -0.077693
v -0.070558 -0.000000 -0.067735
v -0.060686 -0.000000 -0.052093
v -0.059396 -0.000000 -0.025494
v -0.065050 -0.000000 0.009164
v -0.069223 -0.000000 0.048844
v -0.067438 -0.000000 0.089174
v -0.065446 -0.000000 0.127732
v -0.074354 -0.000000 0.164290
v -0.090343 -0.000000 0.189226
v -0.126342 -0.000000 0.201770
v -0.149664 0.004000 0.195972
v -0.163942 0.004000 0.183210
v -0.175668 0.004000 0.154582
v -0.177845 0.004000 0.116146
v -0.171823 0.004000 0.078047
v -0.163656 0.004000 0.038643
v -0.156506 0.004000 -0.000743
v -0.150822 0.004000 -0.035529
v -0.142725 0.004000 -0.061936
v -0.127308 0.004000 -0.076380
v -0.096833 0.004000 -0.080677
v -0.068840 0.004000 -0.070194
v -0.057783 0.004000 -0.052847
v -0.056404 0.004000 -0.025278
v -0.062076 0.004000 0.009557
v -0.066224 0.004000 0.048934
v -0.064441 0.004000 0.089030
v -0.062458 0.004000 0.128006
v -0.071572 0.004000 0.165411
v -0.088589 0.004000 0.191659
v -0.126127 0.004000 0.204763
v -0.149664 0.024000 0.195972
v -0.163942 0.024000 0.183210
v -0.175668 0.024000 0.154582
v -0.177845 0.024000 0.116146
v -0.171823 0.024000 0.078047
v -0.163656 0.024000 0.038643
v -0.156506 0.024000 -0.000743
v -0.150822 0.024000 -0.035529
v -0.142725 0.024000 -0.061936
v -0.127308 0.024000 -0.076380
v -0.096833 0.024000 -0.080677
v -0.068840 0.024000 -0.070194
v -0.057783 0.024000 -0.052847
v -0.056404 0.024000 -0.025278
v -0.062076 0.024000 0.009557
v -0.066224 0.024000 0.048934
v -0.064441 0.024000 0.089030
v -0.062458 0.024000 0.128006
v -0.071572 0.024000 0.165411
v -0.088589 0.024000 0.191659
v -0.126127 0.024000 0.204763
v -0.148166 0.027000 0.193372
v -0.161394 0.027000 0.181626
v -0.172730 0.027000 0.153978
v -0.174849 0.027000 0.116301
v -0.168872 0.027000 0.078589
v -0.160711 0.027000 0.039216
v -0.153550 0.027000 -0.000231
v -0.147893 0.027000 -0.034877
v -0.140101 0.027000 -0.060480
v -0.126199 0.027000 -0.073593
v -0.097146 0.027000 -0.077693
v -0.070558 0.027000 -0.067735
v -0.060686 0.027000 -0.052093
v -0.059396 0.027000 -0.025494
v -0.065050 0.027000 0.009164
v -0.069223 0.027000 0.048844
v -0.067438 0.027000 0.089174
v -0.065446 0.027000 0.127732
v -0.074354 0.027000 0.164290
v -0.090343 0.027000 0.189226
v -0.126342 0.027000 0.201770
v -0.111571 0.027000 0.059551
v -0.058121 1.603499 -0.004637
v -0.061425 1.612590 0.003967
v -0.066025 1.610089 0.000665
v -0.066659 1.607775 -0.007385
v -0.062693 1.607962 -0.012133
v -0.058093 1.610463 -0.008832
v -0.057459 1.612777 -0.000782
v -0.065114 1.631169 0.002116
v -0.071009 1.627940 -0.003467
v -0.072055 1.622754 -0.016050
v -0.067206 1.620798 -0.023050
v -0.061311 1.624027 -0.017467
v -0.060265 1.629212 -0.004884
v -0.066823 1.651604 -0.002502
v -0.072904 1.648677 -0.009903
v -0.074188 1.642725 -0.025561
v -0.069391 1.639699 -0.033817
v -0.063310 1.642627 -0.026415
v -0.062026 1.648579 -0.010758
v -0.065865 1.665226 -0.010815
v -0.071698 1.664560 -0.017286
v -0.072729 1.660800 -0.030367
v -0.067925 1.657705 -0.036977
v -0.062091 1.658371 -0.030506
v -0.061061 1.662131 -0.017425
v -0.062490 1.670686 -0.025798
vn -0.0000 -0.1894 0.9819
vn 0.1098 -0.0091 0.9939
vn 0.1657 -0.6026 0.7806
vn -0.0006 -0.5901 0.8074
vn 0.4882 0.0654 0.8703
vn 0.3928 -0.6241 0.6754
vn 0.8659 0.0496 0.4977
vn 0.6425 -0.6507 0.4048
vn 0.9998 0.0099 -0.0188
vn 0.7731 -0.6339 0.0215
vn 0.8568 -0.0057 -0.5156
vn 0.6945 -0.6187 -0.3672
vn 0.5222 -0.0629 -0.8505
vn 0.4650 -0.5729 -0.6750
vn 0.1731 -0.1646 -0.9710
vn 0.2061 -0.5313 -0.8218
vn -0.0000 -0.2956 -0.9553
vn -0.0006 -0.5103 -0.8600
vn 0.1943 -0.5380 0.8203
vn -0.0007 -0.5438 0.8392
vn 0.4613 -0.5229 0.7168
vn 0.7556 -0.4940 0.4302
vn 0.8766 -0.4812 0.0076
vn 0.7846 -0.4597 -0.4161
vn 0.5215 -0.4401 -0.7310
vn 0.2352 -0.4182 -0.8774
vn -0.0003 -0.4092 -0.9124
vn 0.2266 -0.0456 0.9729
vn -0.0009 -0.0526 0.9986
vn 0.5396 -0.0138 0.8418
vn 0.8673 0.0466 0.4957
vn 0.9954 0.0952 0.0086
vn 0.8746 0.1235 -0.4689
vn 0.5598 0.1436 -0.8161
vn 0.2407 0.1571 -0.9578
vn 0.0009 0.1615 -0.9869
vn 0.2341 -0.0924 0.9678
vn -0.0021 -0.0919 0.9958
vn 0.5654 -0.0652 0.8222
vn 0.8863 0.0049 0.4631
vn 0.9982 0.0605 0.0006
vn 0.8838 0.0751 -0.4617
vn 0.5661 0.0766 -0.8208
vn 0.2366 0.0874 -0.9677
vn 0.0009 0.0969 -0.9953
vn 0.2436 -0.1091 0.9637
vn -0.0026 -0.1053 0.9944
vn 0.5993 -0.0845 0.7960
vn 0.9058 -0.0159 0.4234
vn 0.9993 0.0362 0.0060
vn 0.9054 0.0335 -0.4232
vn 0.5952 0.0144 -0.8034
vn 0.2452 0.0153 -0.9693
vn 0.0008 0.0237 -0.9997
vn 0.2505 -0.0259 0.9678
vn -0.0004 -0.0212 0.9998
vn 0.6172 -0.0353 0.7860
vn 0.9297 -0.0087 0.3683
vn 0.9995 0.0303 0.0094
vn 0.9322 -0.0057 -0.3618
vn 0.5968 -0.0418 -0.8013
vn 0.2467 -0.0177 -0.9689
vn 0.0005 -0.0083 -1.0000
vn 0.2451 0.0897 0.9653
vn 0.0045 0.1096 0.9940
vn 0.5592 -0.0054 0.8290
vn 0.4324 -0.2684 0.8608
vn 0.9991 0.0414 0.0050
vn 0.4079 -0.3344 -0.8496
vn 0.5045 -0.0969 -0.8579
vn 0.2353 -0.0223 -0.9717
vn -0.0000 -0.0026 -1.0000
vn 0.2460 0.3605 0.8997
vn 0.0110 0.3643 0.9312
vn 0.3943 0.2628 0.8806
vn 0.3097 0.1655 0.9363
vn 0.3478 0.0164 -0.9374
vn 0.2796 -0.0518 -0.9587
vn 0.2466 0.0672 -0.9668
vn 0.0011 0.0539 -0.9985
vn 0.1967 0.6370 0.7454
vn 0.0197 0.6020 0.7983
vn 0.2851 0.6665 0.6888
vn 0.5678 0.5930 0.5709
vn 0.4190 0.4858 -0.7671
vn 0.5925 0.4930 -0.6371
vn 0.2844 0.3445 -0.8947
vn 0.0077 0.2532 -0.9674
vn 0.0197 0.9439 0.3297
vn 0.0291 0.9412 0.3367
vn 0.0042 0.9402 0.3405
vn 0.0953 0.9444 0.3146
vn 0.7500 0.6612 -0.0171
vn 0.1967 0.9757 0.0969
vn 0.2383 0.9626 -0.1287
vn 0.2506 0.9325 -0.2599
vn 0.1765 0.8967 -0.4060
vn 0.0131 0.3988 -0.9170
vn -0.1319 0.9579 -0.2549
vn 0.0281 0.9584 -0.2841
vn -0.2744 0.9501 -0.1484
vn -0.3055 0.9501 0.0633
vn -0.2077 0.9586 0.1951
vn -0.1092 0.9718 0.2092
vn -0.0393 0.9653 0.2581
vn 0.0057 0.9477 0.3192
vn 0.0349 0.9366 0.3485
vn 0.0077 0.1591 0.9872
vn 0.2977 0.1457 0.9435
vn 0.2925 0.1794 0.9393
vn 0.0129 0.1900 0.9817
vn 0.5687 0.1322 0.8119
vn 0.5646 0.1680 0.8081
vn 0.8226 0.1266 0.5544
vn 0.8191 0.1590 0.5512
vn 0.9850 0.1091 0.1335
vn 0.9801 0.1363 0.1447
vn 0.9418 0.0770 -0.3273
vn 0.9422 0.0911 -0.3224
vn 0.7129 0.0493 -0.6995
vn 0.7061 0.0374 -0.7071
vn 0.3699 0.0293 -0.9286
vn 0.3556 -0.0031 -0.9346
vn -0.0085 0.0301 -0.9995
vn -0.0211 -0.0098 -0.9997
vn 0.2818 0.2164 0.9347
vn 0.0224 0.2231 0.9745
vn 0.6592 -0.4012 0.6360
vn 0.8950 -0.2449 0.3730
vn 0.9871 -0.1546 0.0404
vn 0.9261 -0.1737 -0.3350
vn 0.6458 -0.2161 -0.7323
vn 0.2709 -0.1133 -0.9559
vn -0.0447 -0.0465 -0.9979
vn -0.0257 -0.9524 0.3038
vn 0.1925 -0.9421 0.2746
vn 0.3430 -0.6776 0.6506
vn 0.0005 -0.7016 0.7126
vn 0.6243 -0.5804 0.5229
vn 0.8650 -0.4114 0.2873
vn 0.9519 -0.3051 0.0274
vn 0.8920 -0.3305 -0.3085
vn 0.6476 -0.3940 -0.6522
vn 0.2726 -0.3911 -0.8791
vn -0.0657 -0.3049 -0.9501
vn 0.4530 -0.2153 0.8651
vn 0.0449 -0.2459 0.9682
vn 0.7258 -0.1477 0.6718
vn 0.9260 -0.1140 0.3599
vn 0.9886 -0.1420 0.0503
vn 0.9376 -0.1936 -0.2887
vn 0.6839 -0.3202 -0.6555
vn 0.2591 -0.4999 -0.8264
vn -0.0715 -0.5761 -0.8143
vn 0.4614 -0.1391 0.8762
vn 0.0539 -0.1467 0.9877
vn 0.7417 -0.0865 0.6652
vn 0.9245 -0.0580 0.3767
vn 0.9952 -0.0729 0.0650
vn 0.9630 -0.1084 -0.2467
vn 0.7281 -0.2769 -0.6271
vn 0.2863 -0.5098 -0.8113
vn -0.0737 -0.5786 -0.8123
vn 0.5512 -0.2290 0.8023
vn 0.0356 -0.4891 0.8715
vn 0.7656 -0.0702 0.6395
vn 0.9196 -0.0785 0.3851
vn 0.9899 -0.1241 0.0689
vn 0.9488 -0.1870 -0.2545
vn 0.7209 -0.3376 -0.6052
vn 0.3134 -0.4750 -0.8223
vn -0.0759 -0.5089 -0.8575
vn 0.6240 -0.2553 0.7385
vn 0.0552 -0.1885 0.9805
vn 0.7575 -0.0882 0.6468
vn 0.9166 -0.1826 0.3558
vn 0.9746 -0.2179 0.0523
vn 0.9348 -0.2574 -0.2447
vn 0.7319 -0.3288 -0.5968
vn 0.3388 -0.3833 -0.8593
vn -0.0766 -0.3890 -0.9181
vn 0.6351 0.2000 0.7461
vn 0.0745 0.3259 0.9425
vn 0.6956 0.1039 0.7109
vn 0.9217 -0.0384 0.3859
vn 0.9899 -0.1271 0.0632
vn 0.9527 -0.1867 -0.2399
vn 0.7601 -0.2467 -0.6012
vn 0.3627 -0.2942 -0.8842
vn -0.0758 -0.2977 -0.9516
vn 0.5578 0.1036 0.8235
vn 0.0736 0.1758 0.9817
vn 0.6830 0.0974 0.7239
vn 0.9180 0.0497 0.3935
vn 0.9974 -0.0155 0.0706
vn 0.9655 -0.0667 -0.2517
vn 0.7730 -0.1236 -0.6222
vn 0.3728 -0.1741 -0.9114
vn -0.0737 -0.1821 -0.9805
vn 0.5211 0.1286 0.8437
vn 0.0746 0.2069 0.9755
vn 0.6726 0.0707 0.7366
vn 0.9072 0.0872 0.4116
vn 0.9937 0.0694 0.0878
vn 0.9665 0.0503 -0.2518
vn 0.7830 0.0344 -0.6211
vn 0.3920 0.0087 -0.9199
vn -0.0685 0.0018 -0.9977
vn 0.4059 0.4542 0.7930
vn 0.0767 0.5094 0.8571
vn 0.6561 0.3924 0.6446
vn 0.8672 0.3246 0.3777
vn 0.9638 0.2559 0.0748
vn 0.9395 0.2317 -0.2522
vn 0.7603 0.2436 -0.6022
vn 0.3899 0.2393 -0.8892
vn -0.0584 0.2367 -0.9698
vn 0.3176 0.6827 0.6580
vn 0.0735 0.6940 0.7162
vn 0.5499 0.6568 0.5160
vn 0.7300 0.6103 0.3076
vn 0.8279 0.5587 0.0495
vn 0.8095 0.5394 -0.2321
vn 0.6503 0.5572 -0.5163
vn 0.3442 0.5727 -0.7440
vn -0.0355 0.5821 -0.8124
vn 0.2046 0.9119 0.3558
vn 0.0589 0.9190 0.3898
vn 0.3396 0.8988 0.2773
vn 0.4475 0.8796 0.1612
vn 0.5130 0.8584 0.0063
vn 0.5019 0.8495 -0.1627
vn 0.4031 0.8572 -0.3205
vn 0.2239 0.8700 -0.4393
vn -0.0020 0.8789 -0.4770
vn 0.0322 0.9987 -0.0392
vn 0.7292 0.0799 -0.6796
vn 0.0977 -0.1574 -0.9827
vn 0.9776 0.2099 -0.0141
vn 0.7297 0.1931 0.6559
vn 0.0700 0.0212 0.9973
vn -0.6630 -0.2351 0.7107
vn -0.7490 -0.6626 -0.0082
vn -0.9324 -0.3594 0.0374
vn -0.6136 -0.3867 -0.6884
vn 0.7019 -0.1044 -0.7045
vn -0.0177 -0.1337 -0.9909
vn 0.9996 -0.0272 0.0055
vn 0.7017 0.0537 0.7104
vn -0.0243 0.0807 0.9964
vn -0.7388 0.0522 0.6719
vn -1.0000 -0.0053 -0.0084
vn -0.7268 -0.0898 -0.6810
vn 0.6894 -0.1256 -0.7135
vn -0.0321 -0.1433 -0.9892
vn 0.9988 -0.0474 0.0072
vn 0.6942 0.0476 0.7182
vn -0.0233 0.0826 0.9963
vn -0.7379 0.0534 0.6727
vn -1.0000 -0.0060 -0.0005
vn -0.7384 -0.0913 -0.6682
vn 0.0715 -0.9245 0.3743
vn -0.1197 -0.9489 0.2919
vn -0.1206 -0.9491 0.2911
vn 0.0780 -0.9239 0.3745
vn -0.2174 -0.9710 0.0994
vn -0.2172 -0.9707 0.1027
vn -0.1266 -0.9871 -0.0985
vn -0.1331 -0.9868 -0.0924
vn 0.0695 -0.9805 -0.1836
vn 0.0730 -0.9803 -0.1837
vn 0.2770 -0.9545 -0.1106
vn 0.2930 -0.9511 -0.0977
vn 0.3901 -0.9159 0.0942
vn 0.3901 -0.9156 0.0971
vn 0.2768 -0.9124 0.3015
vn 0.2899 -0.9118 0.2909
vn -0.0175 -0.1199 -0.9926
vn 0.6960 -0.0461 -0.7166
vn 0.6962 -0.0762 -0.7138
vn -0.0154 -0.1463 -0.9891
vn 0.9992 0.0386 -0.0085
vn 0.9999 0.0062 -0.0091
vn 0.7060 0.0848 0.7031
vn 0.7079 0.0481 0.7047
vn -0.0083 0.0655 0.9978
vn -0.0051 0.0272 0.9996
vn -0.7156 -0.0158 0.6983
vn -0.7114 -0.0483 0.7011
vn -0.9949 -0.0997 0.0135
vn -0.9921 -0.1248 0.0128
vn -0.7190 -0.1428 -0.6802
vn -0.7144 -0.1685 -0.6791
vn 0.7148 -0.0940 -0.6929
vn 0.0008 -0.1619 -0.9868
vn 0.9999 -0.0108 0.0088
vn 0.7028 0.0397 0.7103
vn -0.0132 0.0215 0.9997
vn -0.7167 -0.0516 0.6955
vn -0.9905 -0.1376 -0.0003
vn -0.7092 -0.1916 -0.6785
vn 0.7737 -0.1579 -0.6136
vn 0.1036 -0.3172 -0.9427
vn 0.9943 0.0832 0.0663
vn 0.6556 0.2933 0.6958
vn -0.1370 0.3452 0.9285
vn -0.8354 0.1390 0.5317
vn -0.9857 -0.1259 -0.1121
vn -0.6246 -0.3044 -0.7191
vn 0.8619 -0.2377 -0.4480
vn 0.2036 -0.5063 -0.8380
vn 0.9751 0.1340 0.1767
vn 0.5498 0.4490 0.7043
vn -0.2297 0.5035 0.8329
vn -0.8641 0.2162 0.4545
vn -0.9740 -0.1755 -0.1431
vn -0.5817 -0.4626 -0.6690
vn 0.8790 -0.2761 -0.3887
vn 0.2272 -0.5455 -0.8067
vn 0.9718 0.0737 0.2239
vn 0.5710 0.3503 0.7425
vn -0.2448 0.3923 0.8867
vn -0.8848 0.1003 0.4550
vn -0.9598 -0.2450 -0.1372
vn -0.5721 -0.5090 -0.6431
vn 0.9038 -0.2396 -0.3547
vn 0.2494 -0.5289 -0.8112
vn 0.9677 0.0894 0.2357
vn 0.5846 0.3518 0.7311
vn -0.2632 0.4022 0.8769
vn -0.9114 0.0945 0.4004
vn -0.9559 -0.2404 -0.1688
vn -0.5796 -0.4932 -0.6487
vn 0.9404 -0.1327 -0.3131
vn 0.2951 -0.3901 -0.8722
vn 0.9593 0.1311 0.2502
vn 0.6204 0.4235 0.6601
vn -0.2841 0.6062 0.7428
vn -0.9531 0.2227 0.2049
vn -0.9496 -0.1400 -0.2806
vn -0.5861 -0.3627 -0.7245
vn 0.9646 -0.0683 -0.2545
vn 0.3282 -0.2800 -0.9021
vn 0.9478 0.1317 0.2904
vn 0.6055 0.4582 0.6507
vn -0.3170 0.6580 0.6830
vn -0.9557 0.2729 0.1103
vn -0.9354 -0.0953 -0.3404
vn -0.5920 -0.2693 -0.7596
vn 0.9832 -0.1068 -0.1478
vn 0.3434 -0.3747 -0.8612
vn 0.9365 0.0793 0.3416
vn 0.6493 0.3349 0.6829
vn -0.3417 0.5180 0.7841
vn -0.9863 0.1172 0.1158
vn -0.9375 -0.1745 -0.3011
vn -0.6365 -0.3285 -0.6978
vn 0.9482 -0.3163 0.0288
vn 0.8820 -0.4097 -0.2329
vn 0.8979 -0.0854 0.4319
vn 0.6353 0.1046 0.7651
vn 0.4075 0.2284 0.8842
vn -0.9726 -0.1171 0.2006
vn -0.9065 0.0502 0.4192
vn -0.9207 -0.3365 -0.1977
vn -0.6635 -0.5343 -0.5237
vn -0.4379 -0.5847 -0.6829
vn 0.5980 -0.7067 0.3781
vn 0.1617 -0.9813 -0.1043
vn 0.5939 -0.5579 0.5797
vn 0.4345 -0.4845 0.7592
vn -0.2578 -0.4092 0.8753
vn -0.6777 -0.6378 0.3661
vn -0.6723 -0.7274 0.1371
vn -0.5186 -0.8550 -0.0059
vn -0.0560 -0.8724 0.4855
vn 0.7725 -0.4589 -0.4389
vn 0.9164 0.0117 0.4002
vn 0.9136 0.0010 0.4066
vn 0.7692 -0.4709 -0.4320
vn 0.1932 0.4712 0.8606
vn 0.1897 0.4595 0.8677
vn -0.7725 0.4589 0.4389
vn -0.7758 0.4466 0.4458
vn -0.9164 -0.0117 -0.4002
vn -0.9191 -0.0229 -0.3934
vn -0.1931 -0.4712 -0.8606
vn -0.1966 -0.4831 -0.8532
vn 0.8707 -0.1229 0.4762
vn 0.7637 -0.5348 -0.3617
vn 0.1982 0.3729 0.9065
vn -0.7375 0.5032 0.4503
vn -0.8865 0.0836 -0.4551
vn -0.1438 -0.4500 -0.8814
vn 0.7448 -0.3390 0.5747
vn 0.6847 -0.6598 -0.3096
vn 0.1182 0.2497 0.9611
vn -0.6964 0.5978 0.3971
vn -0.7811 0.2877 -0.5542
vn -0.1047 -0.3522 -0.9301
vn 0.3336 -0.6898 0.6425
vn 0.2868 -0.9392 -0.1886
vn -0.2285 -0.1120 0.9671
vn -0.8721 0.2682 0.4094
vn -0.9018 0.0396 -0.4304
vn -0.3560 -0.5602 -0.7479
vn -0.6401 -0.7306 0.2376
vn 0.2100 0.8369 -0.5054
vn 0.7784 -0.4114 -0.4743
vn 0.9197 0.0067 0.3926
vn 0.9174 -0.0038 0.3980
vn 0.7756 -0.4230 -0.4686
vn 0.1908 0.4184 0.8880
vn 0.1879 0.4069 0.8939
vn -0.7784 0.4114 0.4743
vn -0.7811 0.3995 0.4800
vn -0.9197 -0.0067 -0.3926
vn -0.9219 -0.0175 -0.3869
vn -0.1908 -0.4184 -0.8880
vn -0.1938 -0.4300 -0.8818
vn 0.8783 -0.1324 0.4594
vn 0.7725 -0.4908 -0.4028
vn 0.1992 0.3190 0.9266
vn -0.7437 0.4575 0.4875
vn -0.8920 0.0943 -0.4421
vn -0.1416 -0.3929 -0.9086
vn 0.7589 -0.3570 0.5447
vn 0.6977 -0.6203 -0.3584
vn 0.1232 0.1911 0.9738
vn -0.7043 0.5569 0.4403
vn -0.7913 0.3074 -0.5285
vn -0.1042 -0.2907 -0.9511
vn 0.3679 -0.7152 0.5943
vn 0.3176 -0.9127 -0.2572
vn -0.2087 -0.1693 0.9632
vn -0.8702 0.2343 0.4334
vn -0.9028 0.0599 -0.4259
vn -0.3432 -0.5101 -0.7887
vn -0.6212 -0.7591 0.1945
vn 0.1863 0.8727 -0.4513
vn 0.7828 -0.3615 -0.5065
vn 0.9231 0.0022 0.3846
vn 0.9210 -0.0087 0.3894
vn 0.7803 -0.3737 -0.5016
vn 0.1900 0.3639 0.9119
vn 0.1874 0.3518 0.9171
vn -0.7828 0.3615 0.5065
vn -0.7852 0.3491 0.5115
vn -0.9231 -0.0022 -0.3846
vn -0.9250 -0.0136 -0.3796
vn -0.1900 -0.3639 -0.9119
vn -0.1926 -0.3761 -0.9064
vn 0.8854 -0.1420 0.4426
vn 0.7793 -0.4458 -0.4403
vn 0.2008 0.2621 0.9439
vn -0.7491 0.4071 0.5226
vn -0.8982 0.1021 -0.4276
vn -0.1416 -0.3363 -0.9311
vn 0.7717 -0.3744 0.5140
vn 0.7078 -0.5797 -0.4038
vn 0.1281 0.1297 0.9833
vn -0.7126 0.5102 0.4816
vn -0.8033 0.3225 -0.5007
vn -0.1071 -0.2307 -0.9671
vn 0.3875 -0.7450 0.5430
vn 0.3336 -0.8874 -0.3181
vn -0.1968 -0.2383 0.9510
vn -0.8716 0.1832 0.4547
vn -0.9086 0.0645 -0.4127
vn -0.3404 -0.4668 -0.8162
vn -0.6021 -0.7843 0.1495
vn 0.1623 0.9044 -0.3947
vn 0.7863 -0.2963 -0.5422
vn 0.9273 -0.0025 0.3743
vn 0.9255 -0.0150 0.3785
vn 0.7839 -0.3102 -0.5378
vn 0.1910 0.2937 0.9366
vn 0.1885 0.2800 0.9413
vn -0.7863 0.2963 0.5422
vn -0.7884 0.2821 0.5466
vn -0.9273 0.0025 -0.3743
vn -0.9291 -0.0105 -0.3698
vn -0.1910 -0.2937 -0.9366
vn -0.1934 -0.3076 -0.9316
vn 0.8938 -0.1539 0.4212
vn 0.7853 -0.3881 -0.4824
vn 0.2044 0.1877 0.9607
vn -0.7543 0.3387 0.5623
vn -0.9065 0.1082 -0.4081
vn -0.1443 -0.2659 -0.9531
vn 0.7868 -0.3950 0.4743
vn 0.7169 -0.5271 -0.4563
vn 0.1348 0.0498 0.9896
vn -0.7224 0.4448 0.5295
vn -0.8198 0.3356 -0.4639
vn -0.1144 -0.1577 -0.9808
vn 0.3982 -0.7855 0.4737
vn 0.3392 -0.8575 -0.3868
vn -0.1882 -0.3348 0.9233
vn -0.8746 0.1020 0.4740
vn -0.9189 0.0527 -0.3909
vn -0.3464 -0.4215 -0.8381
vn -0.5780 -0.8109 0.0909
vn 0.1321 0.9378 -0.3210
vn 0.5889 -0.7953 0.1443
vn 0.7295 -0.0034 0.6840
vn 0.6764 -0.0276 0.7361
vn 0.5262 -0.8273 0.1970
vn 0.2343 0.8147 0.5305
vn 0.1694 0.7927 0.5856
vn -0.4903 0.8390 -0.2360
vn -0.5545 0.8133 -0.1761
vn -0.6414 0.0425 -0.7660
vn -0.7021 0.0162 -0.7119
vn -0.1358 -0.7709 -0.6223
vn -0.1988 -0.8018 -0.5636
vn 0.5498 -0.0784 0.8316
vn 0.4541 -0.8419 0.2914
vn 0.1069 0.7349 0.6697
vn -0.5339 0.8310 -0.1562
vn -0.6523 0.0380 -0.7570
vn -0.1711 -0.8165 -0.5514
vn 0.3465 -0.1460 0.9266
vn 0.3465 -0.8761 0.3351
vn -0.0007 0.7008 0.7134
vn -0.4079 0.8823 -0.2347
vn -0.4116 0.1259 -0.9026
vn -0.0433 -0.7738 -0.6320
vn -0.1685 -0.2649 0.9495
vn -0.1319 -0.9223 0.3633
vn -0.4528 0.5353 0.7130
vn -0.6880 0.7010 -0.1877
vn -0.6198 0.0514 -0.7831
vn -0.3665 -0.7591 -0.5379
vn -0.9462 -0.2559 0.1981
vn 0.6960 0.3088 -0.6482
vn 0.1099 -0.0510 0.9926
vn 0.6770 -0.4994 0.5407
vn 0.7809 0.1732 0.6002
vn 0.1774 -0.8640 0.4712
vn -0.0755 -0.8640 0.4978
vn -0.4674 -0.5915 0.6570
vn -0.6485 0.1428 0.7477
vn -0.3506 0.6156 0.7058
vn -0.0789 0.7668 0.6370
vn 0.2096 0.7668 0.6067
vn 0.5745 0.5497 0.6065
vn 0.8170 -0.5644 0.1182
vn 0.9625 0.2196 0.1592
vn 0.1611 -0.9848 0.0654
vn -0.1440 -0.9848 0.0975
vn -0.6850 -0.6830 0.2536
vn -0.9051 0.1888 0.3810
vn -0.5258 0.7639 0.3741
vn -0.1497 0.9253 0.3484
vn 0.2189 0.9253 0.3097
vn 0.6929 0.6789 0.2429
vn 0.8296 -0.5548 -0.0640
vn 0.9798 0.1976 -0.0306
vn 0.1765 -0.9842 -0.0152
vn -0.1758 -0.9842 0.0219
vn -0.7443 -0.6622 0.0860
vn -0.9656 0.1796 0.1878
vn -0.6101 0.7438 0.2731
vn -0.1867 0.9307 0.3146
vn 0.2480 0.9307 0.2689
vn 0.7465 0.6555 0.1143
vn 0.8354 -0.5310 -0.1422
vn 0.9780 0.1708 -0.1196
vn 0.2069 -0.9774 -0.0432
vn -0.2114 -0.9774 0.0008
vn -0.7833 -0.6215 0.0173
vn -0.9797 0.1753 0.0969
vn -0.6826 0.6952 0.2252
vn -0.2304 0.9229 0.3084
vn 0.2895 0.9229 0.2537
vn 0.7860 0.6159 0.0535
vn 0.8572 -0.4947 -0.1429
vn 0.9767 0.1537 -0.1495
vn 0.2455 -0.9685 -0.0422
vn -0.2490 -0.9685 0.0098
vn -0.8208 -0.5705 0.0286
vn -0.9848 0.1624 0.0614
vn -0.7533 0.6389 0.1559
vn -0.2940 0.9157 0.2741
vn 0.3445 0.9157 0.2070
vn 0.8242 0.5659 -0.0203
vn 0.8618 -0.4726 -0.1841
vn 0.9779 0.1442 -0.1511
vn 0.2772 -0.9458 -0.1690
vn -0.3063 -0.9458 -0.1077
vn -0.8495 -0.5273 -0.0159
vn -0.9891 0.1350 0.0581
vn -0.8083 0.5695 0.1497
vn -0.3328 0.8880 0.3175
vn 0.3915 0.8880 0.2413
vn 0.8661 0.4984 -0.0387
vn 0.8247 -0.3713 -0.4266
vn 0.9921 0.0812 -0.0955
vn 0.2542 -0.6998 -0.6675
vn -0.3875 -0.6998 -0.6001
vn -0.8771 -0.3963 -0.2715
vn -0.9932 0.0635 0.0979
vn -0.8534 0.4126 0.3184
vn -0.3501 0.7980 0.4905
vn 0.4445 0.7980 0.4070
vn 0.9299 0.3568 0.0897
vn 0.8181 -0.0418 -0.5736
vn 0.9990 -0.0164 -0.0409
vn 0.2450 -0.1599 -0.9562
vn -0.4418 -0.1570 -0.8833
vn -0.9033 -0.0297 -0.4280
vn -0.9878 0.0742 0.1369
vn -0.8101 0.3145 0.4948
vn -0.3327 0.7563 0.5633
vn 0.4403 0.7527 0.4895
vn 0.9225 0.2362 0.3053
vn 0.8279 0.0418 -0.5593
vn 0.6736 -0.7322 0.1007
vn 0.1863 0.0356 -0.9819
vn -0.3903 0.0412 -0.9198
vn -0.8991 0.1144 -0.4225
vn -0.7605 -0.6139 0.2117
vn -0.6928 -0.4608 0.5547
vn -0.3523 0.7715 0.5298
vn 0.4712 0.7422 0.4766
vn 0.7215 -0.5765 0.3836
vn -0.0890 -0.9544 0.2849
vn -0.0460 -0.9722 0.2297
vn 0.8300 -0.5524 0.0775
vn -0.0475 -0.8826 0.4677
vn -0.0913 -0.8979 0.4306
vn 0.1059 -0.9069 0.4079
vn 0.0790 -0.8912 0.4467
vn 0.0154 -0.9777 0.2095
vn 0.0563 -0.9688 0.2414
vn -0.8185 -0.5695 0.0759
vn -0.6948 -0.4846 0.5313
vn -0.0947 -0.7977 0.5955
vn -0.2737 -0.4305 0.8601
vn 0.1887 -0.8101 0.5551
vn 0.2703 -0.4190 0.8668
vn 0.6998 -0.4630 0.5441
vn 0.7932 0.0692 -0.6050
vn 0.8265 0.0583 -0.5600
vn 0.9997 0.0245 0.0058
vn 0.2999 0.0808 -0.9506
vn 0.3212 0.0718 -0.9443
vn -0.2998 0.0736 -0.9512
vn -0.3267 0.0639 -0.9430
vn -0.7978 0.0482 -0.6010
vn -0.8327 0.0378 -0.5524
vn -1.0000 -0.0007 0.0071
vn -0.8215 -0.0419 0.5687
vn -0.3150 -0.0651 0.9469
vn 0.3092 -0.0558 0.9494
vn 0.8172 -0.0196 0.5760
vn 0.8337 0.0338 -0.5511
vn 0.9999 -0.0014 0.0124
vn 0.3281 0.0479 -0.9434
vn -0.3366 0.0398 -0.9408
vn -0.8415 0.0147 -0.5401
vn -0.9997 -0.0219 0.0120
vn -0.8204 -0.0626 0.5684
vn -0.3139 -0.0851 0.9456
vn 0.3059 -0.0779 0.9489
vn 0.8133 -0.0457 0.5801
vn 0.8338 0.0440 -0.5503
vn 0.9999 -0.0008 0.0147
vn 0.3283 0.0704 -0.9419
vn -0.3382 0.0602 -0.9391
vn -0.8428 0.0177 -0.5379
vn -0.9994 -0.0313 0.0140
vn -0.8208 -0.0736 0.5665
vn -0.3146 -0.0967 0.9443
vn 0.3056 -0.0874 0.9481
vn 0.8130 -0.0496 0.5802
vn 0.8253 0.0556 -0.5620
vn 0.9999 -0.0073 0.0076
vn 0.3186 0.1056 -0.9420
vn -0.3301 0.0958 -0.9391
vn -0.8357 0.0303 -0.5484
vn -0.9994 -0.0352 0.0071
vn -0.8233 -0.0867 0.5609
vn -0.3177 -0.1214 0.9404
vn 0.3076 -0.1129 0.9448
vn 0.8146 -0.0654 0.5764
vn 0.8201 -0.0288 -0.5715
vn 0.9985 -0.0554 0.0043
vn 0.3112 -0.0012 -0.9504
vn -0.3270 -0.0047 -0.9450
vn -0.8340 -0.0313 -0.5509
vn -0.9986 -0.0535 0.0041
vn -0.8262 -0.0788 0.5579
vn -0.3229 -0.0986 0.9413
vn 0.3079 -0.0959 0.9466
vn 0.8121 -0.0775 0.5784
vn 0.8002 -0.1035 -0.5907
vn 0.9965 -0.0813 -0.0214
vn 0.2995 -0.1229 -0.9462
vn -0.3112 -0.1245 -0.9422
vn -0.8192 -0.0952 -0.5656
vn -0.9978 -0.0645 -0.0149
vn -0.8392 -0.0607 0.5405
vn -0.3267 -0.0609 0.9432
vn 0.3244 -0.0585 0.9441
vn 0.8271 -0.0673 0.5579
vn 0.7781 -0.1126 -0.6180
vn 0.9938 -0.0781 -0.0794
vn 0.3010 -0.1470 -0.9422
vn -0.2716 -0.1532 -0.9501
vn -0.7864 -0.1102 -0.6078
vn -0.9970 -0.0616 -0.0464
vn -0.8402 -0.0556 0.5395
vn -0.3050 -0.0526 0.9509
vn 0.3757 -0.0476 0.9255
vn 0.8635 -0.0603 0.5008
vn 0.7934 -0.0573 -0.6060
vn 0.9951 0.0080 -0.0984
vn 0.3906 -0.1430 -0.9094
vn -0.0511 -0.2574 -0.9649
vn -0.6684 -0.3306 -0.6663
vn -0.9685 -0.2433 -0.0526
vn -0.7635 -0.1511 0.6279
vn -0.1355 0.0063 0.9908
vn 0.4382 0.0825 0.8951
vn 0.8817 0.0598 0.4681
vn -0.9114 -0.4111 -0.0188
vn -0.0000 -1.0000 -0.0000
vn 0.4029 -0.8686 0.2885
vn 0.2555 -0.8706 0.4206
vn 0.4710 -0.8756 0.1073
vn 0.4702 -0.8822 -0.0236
vn 0.4455 -0.8916 -0.0814
vn 0.4362 -0.8958 -0.0848
vn 0.4388 -0.8954 -0.0757
vn 0.4510 -0.8863 -0.1054
vn 0.4253 -0.8643 -0.2684
vn 0.2252 -0.8595 -0.4589
vn -0.0547 -0.8659 -0.4972
vn -0.3278 -0.8579 -0.3957
vn -0.4787 -0.8641 -0.1556
vn -0.4704 -0.8821 0.0261
vn -0.4371 -0.8975 0.0586
vn -0.4295 -0.9030 0.0130
vn -0.4466 -0.8945 -0.0214
vn -0.4764 -0.8781 0.0450
vn -0.4465 -0.8737 0.1931
vn -0.3194 -0.8584 0.4015
vn 0.0127 -0.8564 0.5161
vn 0.7790 -0.3040 0.5484
vn 0.4930 -0.2999 0.8167
vn 0.9283 -0.3071 0.2097
vn 0.9495 -0.3100 -0.0477
vn 0.9338 -0.3145 -0.1705
vn 0.9310 -0.3170 -0.1810
vn 0.9347 -0.3167 -0.1612
vn 0.9254 -0.3112 -0.2161
vn 0.8100 -0.3013 -0.5030
vn 0.4095 -0.3001 -0.8615
vn -0.1037 -0.3024 -0.9475
vn -0.5983 -0.2997 -0.7431
vn -0.9093 -0.3007 -0.2878
vn -0.9494 -0.3095 0.0533
vn -0.9398 -0.3176 0.1259
vn -0.9466 -0.3211 0.0287
vn -0.9478 -0.3157 -0.0452
vn -0.9470 -0.3084 0.0893
vn -0.8752 -0.3036 0.3765
vn -0.5875 -0.3013 0.7510
vn 0.0067 -0.3008 0.9536
vn 0.7614 0.3652 0.5357
vn 0.4816 0.3618 0.7982
vn 0.9064 0.3696 0.2047
vn 0.9263 0.3738 -0.0465
vn 0.9098 0.3804 -0.1661
vn 0.9065 0.3837 -0.1762
vn 0.9102 0.3833 -0.1570
vn 0.9023 0.3760 -0.2108
vn 0.7920 0.3618 -0.4919
vn 0.4004 0.3597 -0.8428
vn -0.1013 0.3631 -0.9262
vn -0.5851 0.3590 -0.7272
vn -0.8890 0.3611 -0.2815
vn -0.9263 0.3733 0.0520
vn -0.9148 0.3848 0.1226
vn -0.9206 0.3896 0.0279
vn -0.9230 0.3822 -0.0441
vn -0.9244 0.3714 0.0872
vn -0.8548 0.3660 0.3679
vn -0.5745 0.3604 0.7349
vn 0.0059 0.3597 0.9331
vn 0.3472 0.9041 0.2492
vn 0.2207 0.9051 0.3634
vn 0.4053 0.9095 0.0925
vn 0.4039 0.9146 -0.0203
vn 0.3816 0.9217 -0.0697
vn 0.3731 0.9249 -0.0725
vn 0.3754 0.9246 -0.0647
vn 0.3870 0.9176 -0.0905
vn 0.3672 0.9006 -0.2326
vn 0.1956 0.8969 -0.3966
vn -0.0473 0.9019 -0.4293
vn -0.2845 0.8956 -0.3419
vn -0.4136 0.9004 -0.1352
vn -0.4041 0.9144 0.0223
vn -0.3737 0.9262 0.0501
vn -0.3665 0.9303 0.0111
vn -0.3822 0.9239 -0.0183
vn -0.4096 0.9115 0.0387
vn -0.3849 0.9078 0.1667
vn -0.2765 0.8962 0.3469
vn 0.0119 0.8947 0.4465
vn -0.0000 1.0000 -0.0000
vn -0.5157 -0.8455 0.1386
vn 0.6969 -0.5303 0.4829
vn -0.0526 -0.1830 0.9817
vn 0.6793 -0.7159 -0.1611
vn -0.1780 -0.7022 -0.6894
vn -0.9612 -0.0719 -0.2664
vn -0.8897 0.0729 0.4507
vn 0.9388 -0.1195 0.3232
vn 0.7985 -0.0044 0.6020
vn 0.8795 -0.3782 -0.2889
vn 0.6892 -0.4819 -0.5410
vn -0.9599 -0.0271 -0.2789
vn -0.8345 -0.1955 -0.5151
vn -0.9070 0.2359 0.3488
vn -0.7345 0.2738 0.6210
vn 0.9698 0.0673 0.2343
vn 0.8508 0.1737 0.4959
vn 0.9211 -0.1578 -0.3560
vn 0.7661 -0.2426 -0.5952
vn -0.9666 -0.0610 -0.2491
vn -0.8562 -0.1542 -0.4931
vn -0.9194 0.1689 0.3551
vn -0.7686 0.2567 0.5859
vn 0.8558 0.5094 0.0898
vn 0.0493 0.6949 0.7174
vn 0.8014 0.3425 -0.4903
vn -0.0849 0.1664 -0.9824
vn -0.9498 0.0866 -0.3006
vn -0.9094 0.2526 0.3305
vn -0.3414 0.9196 -0.1945
vn -0.1684 -0.5967 0.7846
vn -0.1098 -0.0092 0.9939
vn -0.3992 -0.6114 0.6833
vn -0.4882 0.0650 0.8703
vn -0.6540 -0.6349 0.4114
vn -0.8660 0.0487 0.4977
vn -0.7859 -0.6180 0.0217
vn -0.9998 0.0084 -0.0187
vn -0.7055 -0.6029 -0.3726
vn -0.8569 -0.0067 -0.5155
vn -0.4712 -0.5596 -0.6818
vn -0.5222 -0.0633 -0.8504
vn -0.2088 -0.5249 -0.8252
vn -0.1732 -0.1647 -0.9710
vn -0.1968 -0.5326 0.8232
vn -0.4668 -0.5114 0.7215
vn -0.7619 -0.4817 0.4329
vn -0.8833 -0.4687 0.0079
vn -0.7906 -0.4477 -0.4178
vn -0.5261 -0.4291 -0.7342
vn -0.2368 -0.4129 -0.8795
vn -0.2282 -0.0432 0.9726
vn -0.5404 -0.0089 0.8413
vn -0.8673 0.0527 0.4951
vn -0.9949 0.1008 0.0085
vn -0.8741 0.1275 -0.4688
vn -0.5588 0.1452 -0.8165
vn -0.2392 0.1570 -0.9582
vn -0.2384 -0.0826 0.9676
vn -0.5679 -0.0440 0.8219
vn -0.8850 0.0325 0.4644
vn -0.9969 0.0763 0.0194
vn -0.8859 0.0752 -0.4577
vn -0.5520 0.0770 -0.8303
vn -0.2305 0.0916 -0.9687
vn -0.2493 -0.0922 0.9640
vn -0.6021 -0.0454 0.7972
vn -0.9027 0.0381 0.4285
vn -0.9950 0.0901 0.0440
vn -0.9094 0.0789 -0.4085
vn -0.5696 0.0457 -0.8206
vn -0.2314 0.0281 -0.9724
vn -0.2503 -0.0066 0.9681
vn -0.6154 0.0112 0.7882
vn -0.9249 0.0613 0.3753
vn -0.9928 0.1148 0.0338
vn -0.9286 0.0886 -0.3604
vn -0.5758 0.0176 -0.8174
vn -0.2379 0.0030 -0.9713
vn -0.2363 0.1073 0.9657
vn -0.5551 0.0359 0.8310
vn -0.4503 -0.2317 0.8623
vn -0.9924 0.1226 0.0136
vn -0.4367 -0.2930 -0.8505
vn -0.5036 -0.0500 -0.8625
vn -0.2326 -0.0016 -0.9726
vn -0.2190 0.3762 0.9003
vn -0.3729 0.2916 0.8809
vn -0.2983 0.1872 0.9359
vn -0.2839 -0.0267 -0.9585
vn -0.3441 0.0457 -0.9378
vn -0.2415 0.0847 -0.9667
vn -0.1516 0.6482 0.7462
vn -0.2367 0.6842 0.6898
vn -0.5257 0.6310 0.5706
vn -0.5548 0.5336 -0.6383
vn -0.3843 0.5084 -0.7706
vn -0.2644 0.3636 -0.8932
vn 0.0447 0.9420 0.3327
vn 0.0631 0.9359 0.3466
vn -0.0332 0.9480 0.3166
vn -0.1335 0.9864 0.0958
vn -0.7022 0.7117 -0.0182
vn -0.1747 0.9755 -0.1335
vn -0.1903 0.9466 -0.2603
vn -0.1161 0.9067 -0.4054
vn 0.1934 0.9479 -0.2531
vn 0.3411 0.9287 -0.1452
vn 0.3675 0.9275 0.0681
vn 0.2660 0.9437 0.1968
vn 0.1686 0.9640 0.2055
vn 0.1027 0.9627 0.2503
vn 0.0634 0.9483 0.3111
vn -0.2673 0.1952 0.9436
vn -0.2824 0.1637 0.9452
vn -0.5406 0.2002 0.8171
vn -0.5531 0.1678 0.8160
vn -0.7966 0.2085 0.5674
vn -0.8076 0.1804 0.5614
vn -0.9649 0.1999 0.1704
vn -0.9734 0.1766 0.1457
vn -0.9443 0.1563 -0.2896
vn -0.9395 0.1444 -0.3108
vn -0.7313 0.0887 -0.6763
vn -0.7234 0.1021 -0.6828
vn -0.3961 0.0236 -0.9179
vn -0.3887 0.0572 -0.9196
vn -0.2380 0.2294 0.9438
vn -0.6606 -0.3447 0.6669
vn -0.8895 -0.1720 0.4233
vn -0.9909 -0.0805 0.1078
vn -0.9581 -0.1061 -0.2659
vn -0.7166 -0.1611 -0.6786
vn -0.3586 -0.0822 -0.9299
vn -0.3382 -0.6413 0.6887
vn -0.2484 -0.9228 0.2944
vn -0.6254 -0.5187 0.5829
vn -0.8727 -0.3169 0.3714
vn -0.9698 -0.2117 0.1207
vn -0.9412 -0.2601 -0.2155
vn -0.7404 -0.3426 -0.5782
vn -0.3967 -0.3628 -0.8432
vn -0.3705 -0.1750 0.9122
vn -0.6513 -0.0745 0.7552
vn -0.8812 -0.0159 0.4725
vn -0.9845 -0.0499 0.1684
vn -0.9774 -0.1218 -0.1726
vn -0.7809 -0.2678 -0.5643
vn -0.3949 -0.4749 -0.7864
vn -0.3640 -0.1022 0.9258
vn -0.6606 -0.0262 0.7503
vn -0.8736 0.0189 0.4862
vn -0.9823 0.0056 0.1872
vn -0.9917 -0.0391 -0.1222
vn -0.8206 -0.2244 -0.5256
vn -0.4246 -0.4847 -0.7647
vn -0.4621 -0.1800 0.8684
vn -0.6825 -0.0078 0.7309
vn -0.8673 -0.0053 0.4978
vn -0.9796 -0.0479 0.1954
vn -0.9848 -0.1186 -0.1268
vn -0.8168 -0.2851 -0.5015
vn -0.4535 -0.4482 -0.7704
vn -0.5401 -0.2097 0.8151
vn -0.6725 -0.0303 0.7395
vn -0.8741 -0.1116 0.4727
vn -0.9729 -0.1445 0.1807
vn -0.9749 -0.1899 -0.1163
vn -0.8271 -0.2750 -0.4901
vn -0.4786 -0.3547 -0.8032
vn -0.5154 0.2466 0.8207
vn -0.5871 0.1522 0.7951
vn -0.8632 0.0283 0.5041
vn -0.9792 -0.0550 0.1951
vn -0.9871 -0.1181 -0.1079
vn -0.8502 -0.1906 -0.4907
vn -0.4997 -0.2640 -0.8250
vn -0.4339 0.1405 0.8900
vn -0.5705 0.1433 0.8087
vn -0.8505 0.1147 0.5134
vn -0.9772 0.0556 0.2051
vn -0.9931 0.0023 -0.1174
vn -0.8575 -0.0665 -0.5102
vn -0.5050 -0.1433 -0.8512
vn -0.3916 0.1618 0.9058
vn -0.5594 0.1141 0.8210
vn -0.8343 0.1488 0.5309
vn -0.9651 0.1384 0.2221
vn -0.9859 0.1188 -0.1177
vn -0.8562 0.0917 -0.5085
vn -0.5124 0.0404 -0.8578
vn -0.2613 0.4777 0.8388
vn -0.5330 0.4341 0.7263
vn -0.7827 0.3824 0.4910
vn -0.9244 0.3220 0.2045
vn -0.9468 0.2977 -0.1226
vn -0.8166 0.2987 -0.4939
vn -0.4901 0.2701 -0.8288
vn -0.1765 0.7000 0.6920
vn -0.4272 0.6910 0.5831
vn -0.6369 0.6581 0.4015
vn -0.7725 0.6147 0.1595
vn -0.7941 0.5955 -0.1219
vn -0.6744 0.6035 -0.4253
vn -0.4019 0.5988 -0.6927
vn -0.0901 0.9222 0.3760
vn -0.2352 0.9189 0.3168
vn -0.3590 0.9078 0.2166
vn -0.4464 0.8919 0.0722
vn -0.4591 0.8831 -0.0967
vn -0.3825 0.8847 -0.2665
vn -0.2207 0.8855 -0.4088
vn -0.1140 -0.1491 -0.9822
vn -0.7220 0.1318 -0.6792
vn -0.9605 0.2779 -0.0141
vn -0.7143 0.2434 0.6562
vn -0.0677 0.0256 0.9974
vn 0.6454 -0.2847 0.7088
vn 0.9016 -0.4310 0.0359
vn 0.6826 -0.7307 -0.0103
vn 0.5744 -0.4365 -0.6925
vn 0.0076 -0.1348 -0.9908
vn -0.7084 -0.0557 -0.7036
vn -0.9991 0.0426 0.0059
vn -0.6961 0.1026 0.7106
vn 0.0309 0.0788 0.9964
vn 0.7434 0.0022 0.6688
vn 0.9974 -0.0701 -0.0139
vn 0.7175 -0.1366 -0.6830
vn 0.0229 -0.1452 -0.9891
vn -0.6969 -0.0782 -0.7129
vn -0.9997 0.0220 0.0075
vn -0.6890 0.0959 0.7183
vn 0.0293 0.0810 0.9963
vn 0.7418 0.0043 0.6706
vn 0.9976 -0.0689 -0.0038
vn 0.7321 -0.1367 -0.6673
vn -0.1426 -0.9164 0.3740
vn 0.0537 -0.9554 0.2905
vn 0.0528 -0.9552 0.2913
vn -0.1357 -0.9175 0.3738
vn 0.1486 -0.9836 0.1026
vn 0.1488 -0.9839 0.0993
vn 0.0639 -0.9937 -0.0924
vn 0.0573 -0.9935 -0.0986
vn -0.1413 -0.9727 -0.1839
vn -0.1378 -0.9733 -0.1838
vn -0.3597 -0.9279 -0.0981
vn -0.3438 -0.9325 -0.1110
vn -0.4553 -0.8850 0.0973
vn -0.4554 -0.8853 0.0945
vn -0.3548 -0.8885 0.2910
vn -0.3403 -0.8903 0.3026
vn 0.0051 -0.1470 -0.9891
vn -0.6998 -0.0275 -0.7139
vn -0.6975 0.0025 -0.7166
vn 0.0090 -0.1208 -0.9926
vn -0.9971 0.0759 -0.0091
vn -0.9941 0.1082 -0.0085
vn -0.7027 0.0973 0.7048
vn -0.6983 0.1338 0.7032
vn 0.0070 0.0267 0.9996
vn 0.0129 0.0647 0.9978
vn 0.7063 -0.0978 0.7012
vn 0.7127 -0.0658 0.6983
vn 0.9810 -0.1937 0.0128
vn 0.9855 -0.1689 0.0135
vn 0.7009 -0.2179 -0.6792
vn 0.7072 -0.1926 -0.6802
vn -0.0121 -0.1614 -0.9868
vn -0.7196 -0.0439 -0.6930
vn -0.9982 0.0590 0.0088
vn -0.6982 0.0887 0.7103
vn 0.0147 0.0206 0.9997
vn 0.7114 -0.1014 0.6955
vn 0.9785 -0.2064 -0.0003
vn 0.6941 -0.2406 -0.6785
vn -0.1255 -0.3091 -0.9427
vn -0.7828 -0.1035 -0.6136
vn -0.9861 0.1524 0.0663
vn -0.6335 0.3385 0.6958
vn 0.1607 0.3350 0.9284
vn 0.8431 0.0805 0.5317
vn 0.9745 -0.1943 -0.1121
vn 0.6019 -0.3472 -0.7191
vn -0.2384 -0.4908 -0.8380
vn -0.8763 -0.1770 -0.4480
vn -0.9634 0.2017 0.1767
vn -0.5172 0.4863 0.7043
vn 0.2643 0.4863 0.8329
vn 0.8771 0.1554 0.4545
vn 0.9594 -0.2430 -0.1431
vn 0.5480 -0.5021 -0.6690
vn -0.2647 -0.5284 -0.8067
vn -0.8962 -0.2141 -0.3886
vn -0.9643 0.1413 0.2239
vn -0.5452 0.3892 0.7425
vn 0.2716 0.3742 0.8867
vn 0.8897 0.0383 0.4550
vn 0.9403 -0.3114 -0.1371
vn 0.5353 -0.5477 -0.6430
vn -0.2857 -0.5103 -0.8112
vn -0.9183 -0.1760 -0.3547
vn -0.9591 0.1567 0.2357
vn -0.5587 0.3917 0.7311
vn 0.2906 0.3828 0.8769
vn 0.9158 0.0306 0.4004
vn 0.9368 -0.3065 -0.1688
vn 0.5438 -0.5325 -0.6487
vn -0.3216 -0.3686 -0.8722
vn -0.9474 -0.0668 -0.3131
vn -0.9478 0.1977 0.2502
vn -0.5894 0.4657 0.6601
vn 0.3257 0.5849 0.7428
vn 0.9663 0.1557 0.2049
vn 0.9375 -0.2059 -0.2807
vn 0.5593 -0.4028 -0.7246
vn -0.3470 -0.2564 -0.9021
vn -0.9671 -0.0009 -0.2545
vn -0.9363 0.1975 0.2904
vn -0.5721 0.4993 0.6507
vn 0.3620 0.6343 0.6831
vn 0.9724 0.2056 0.1104
vn 0.9265 -0.1604 -0.3404
vn 0.5717 -0.3099 -0.7597
vn -0.3687 -0.3499 -0.8612
vn -0.9883 -0.0379 -0.1478
vn -0.9287 0.1444 0.3416
vn -0.6244 0.3793 0.6828
vn 0.3769 0.4930 0.7842
vn 0.9921 0.0482 0.1158
vn 0.9230 -0.2395 -0.3011
vn 0.6120 -0.3721 -0.6978
vn -0.9084 -0.3472 -0.2329
vn -0.9680 -0.2494 0.0288
vn -0.9016 -0.0225 0.4319
vn -0.6265 0.1486 0.7651
vn -0.3906 0.2562 0.8842
vn 0.9078 -0.0131 0.4193
vn 0.9621 -0.1846 0.2006
vn 0.8950 -0.3999 -0.1977
vn 0.6246 -0.5793 -0.5237
vn 0.3960 -0.6138 -0.6829
vn -0.2297 -0.9676 -0.1043
vn -0.6459 -0.6633 0.3781
vn -0.6314 -0.5151 0.5797
vn -0.4673 -0.4530 0.7592
vn 0.2287 -0.4262 0.8753
vn 0.6315 -0.6835 0.3661
vn 0.6200 -0.7726 0.1371
vn 0.4577 -0.8891 -0.0059
vn -0.0050 -0.8742 0.4855
vn -0.8002 -0.4161 -0.4320
vn -0.9113 0.0647 0.4067
vn -0.9133 0.0756 0.4002
vn -0.8027 -0.4039 -0.4389
vn -0.1572 0.4716 0.8677
vn -0.1598 0.4836 0.8606
vn 0.8050 0.3914 0.4458
vn 0.8027 0.4039 0.4389
vn 0.9152 -0.0869 -0.3934
vn 0.9133 -0.0756 -0.4002
vn 0.1624 -0.4957 -0.8532
vn 0.1598 -0.4836 -0.8606
vn -0.7991 -0.4802 -0.3617
vn -0.8772 -0.0619 0.4762
vn -0.1718 0.3858 0.9065
vn 0.7709 0.4506 0.4503
vn 0.8902 0.0216 -0.4551
vn 0.1121 -0.4589 -0.8814
vn -0.7291 -0.6104 -0.3095
vn -0.7667 -0.2862 0.5747
vn -0.1005 0.2573 0.9611
vn 0.7364 0.5477 0.3971
vn 0.7993 0.2325 -0.5542
vn 0.0798 -0.3586 -0.9301
vn -0.3516 -0.9169 -0.1886
vn -0.3809 -0.6649 0.6425
vn 0.2201 -0.1277 0.9671
vn 0.8886 0.2067 0.4094
vn 0.9023 -0.0234 -0.4304
vn 0.3161 -0.5837 -0.7479
vn 0.5875 -0.7735 0.2376
vn -0.1511 0.8495 -0.5054
vn -0.8032 -0.3679 -0.4686
vn -0.9154 0.0602 0.3980
vn -0.9170 0.0708 0.3926
vn -0.8052 -0.3561 -0.4743
vn -0.1591 0.4191 0.8939
vn -0.1612 0.4307 0.8880
vn 0.8070 0.3440 0.4800
vn 0.8052 0.3561 0.4743
vn 0.9185 -0.0818 -0.3869
vn 0.9170 -0.0708 -0.3926
vn 0.1633 -0.4425 -0.8818
vn 0.1612 -0.4307 -0.8880
vn -0.8049 -0.4358 -0.4028
vn -0.8854 -0.0708 0.4594
vn -0.1764 0.3321 0.9266
vn 0.7738 0.4045 0.4875
vn 0.8964 0.0319 -0.4421
vn 0.1138 -0.4019 -0.9086
vn -0.7393 -0.5701 -0.3584
vn -0.7819 -0.3032 0.5447
vn -0.1095 0.1993 0.9738
vn 0.7414 0.5064 0.4403
vn 0.8108 0.2514 -0.5285
vn 0.0837 -0.2972 -0.9511
vn -0.3805 -0.8883 -0.2572
vn -0.4169 -0.6878 0.5943
vn 0.1964 -0.1834 0.9632
vn 0.8844 0.1730 0.4334
vn 0.9048 -0.0032 -0.4259
vn 0.3067 -0.5328 -0.7887
vn 0.5667 -0.8006 0.1945
vn -0.1250 0.8836 -0.4513
vn -0.8044 -0.3184 -0.5016
vn -0.9194 0.0555 0.3894
vn -0.9207 0.0666 0.3846
vn -0.8061 -0.3060 -0.5065
vn -0.1624 0.3641 0.9171
vn -0.1641 0.3762 0.9119
vn 0.8076 0.2935 0.5115
vn 0.8061 0.3060 0.5065
vn 0.9218 -0.0781 -0.3796
vn 0.9207 -0.0666 -0.3846
vn 0.1659 -0.3886 -0.9064
vn 0.1641 -0.3762 -0.9119
vn -0.8085 -0.3904 -0.4403
vn -0.8931 -0.0799 0.4426
vn -0.1821 0.2755 0.9439
vn 0.7757 0.3539 0.5226
vn 0.9031 0.0392 -0.4276
vn 0.1178 -0.3453 -0.9311
vn -0.7465 -0.5289 -0.4038
vn -0.7960 -0.3197 0.5140
vn -0.1187 0.1383 0.9833
vn 0.7464 0.4592 0.4816
vn 0.8238 0.2657 -0.5007
vn 0.0908 -0.2376 -0.9671
vn -0.3947 -0.8620 -0.3181
vn -0.4385 -0.7162 0.5430
vn 0.1797 -0.2515 0.9510
vn 0.8822 0.1219 0.4547
vn 0.9109 0.0010 -0.4127
vn 0.3070 -0.4894 -0.8162
vn 0.5459 -0.8244 0.1495
vn -0.0988 0.9135 -0.3947
vn -0.8036 -0.2547 -0.5378
vn -0.9243 0.0496 0.3785
vn -0.9252 0.0622 0.3743
vn -0.8050 -0.2407 -0.5422
vn -0.1685 0.2924 0.9413
vn -0.1700 0.3063 0.9366
vn 0.8062 0.2264 0.5466
vn 0.8050 0.2407 0.5422
vn 0.9261 -0.0753 -0.3698
vn 0.9252 -0.0622 -0.3743
vn 0.1714 -0.3204 -0.9316
vn 0.1700 -0.3063 -0.9366
vn -0.8105 -0.3323 -0.4824
vn -0.9024 -0.0912 0.4212
vn -0.1908 0.2015 0.9607
vn 0.7761 0.2853 0.5623
vn 0.9118 0.0447 -0.4081
vn 0.1254 -0.2753 -0.9531
vn -0.7519 -0.4758 -0.4563
vn -0.8124 -0.3391 0.4743
vn -0.1310 0.0591 0.9896
vn 0.7516 0.3933 0.5295
vn 0.8412 0.2776 -0.4639
vn 0.1031 -0.1653 -0.9808
vn -0.3982 -0.8317 -0.3868
vn -0.4520 -0.7558 0.4737
vn 0.1644 -0.3471 0.9233
vn 0.8796 0.0407 0.4740
vn 0.9203 -0.0115 -0.3909
vn 0.3162 -0.4446 -0.8381
vn 0.5200 -0.8493 0.0908
vn -0.0663 0.9448 -0.3210
vn -0.5826 -0.7885 0.1970
vn -0.6766 0.0196 0.7361
vn -0.7280 0.0474 0.6840
vn -0.6429 -0.7522 0.1443
vn -0.1137 0.8026 0.5856
vn -0.1770 0.8290 0.5305
vn 0.6099 0.7727 -0.1761
vn 0.5476 0.8027 -0.2360
vn 0.7015 -0.0328 -0.7119
vn 0.6428 -0.0023 -0.7660
vn 0.1424 -0.8137 -0.5636
vn 0.0817 -0.7785 -0.6223
vn -0.5118 -0.8082 0.2914
vn -0.5539 -0.0399 0.8316
vn -0.0554 0.7406 0.6697
vn 0.5906 0.7917 -0.1562
vn 0.6534 -0.0076 -0.7570
vn 0.1138 -0.8264 -0.5514
vn -0.4068 -0.8498 0.3351
vn -0.3559 -0.1214 0.9266
vn 0.0496 0.6990 0.7134
vn 0.4685 0.8517 -0.2347
vn 0.4194 0.0969 -0.9026
vn -0.0108 -0.7749 -0.6320
vn 0.0672 -0.9292 0.3633
vn 0.1496 -0.2760 0.9495
vn 0.4891 0.5024 0.7130
vn 0.7353 0.6513 -0.1877
vn 0.6219 0.0080 -0.7831
vn 0.3127 -0.7829 -0.5379
vn 0.9260 -0.3213 0.1981
vn -0.6728 0.3566 -0.6482
vn -0.7809 0.1732 0.6002
vn -0.6770 -0.4994 0.5407
vn -0.1099 -0.0510 0.9926
vn -0.1774 -0.8640 0.4712
vn 0.0755 -0.8640 0.4978
vn 0.4674 -0.5915 0.6570
vn 0.6485 0.1428 0.7477
vn 0.3506 0.6156 0.7058
vn 0.0789 0.7668 0.6370
vn -0.2096 0.7668 0.6067
vn -0.5745 0.5497 0.6065
vn -0.9625 0.2196 0.1592
vn -0.8170 -0.5644 0.1182
vn -0.1611 -0.9848 0.0654
vn 0.1440 -0.9848 0.0975
vn 0.6850 -0.6830 0.2536
vn 0.9051 0.1888 0.3810
vn 0.5258 0.7639 0.3741
vn 0.1497 0.9253 0.3484
vn -0.2189 0.9253 0.3097
vn -0.6929 0.6789 0.2429
vn -0.9798 0.1976 -0.0306
vn -0.8296 -0.5548 -0.0640
vn -0.1765 -0.9842 -0.0152
vn 0.1758 -0.9842 0.0219
vn 0.7443 -0.6622 0.0860
vn 0.9656 0.1796 0.1878
vn 0.6101 0.7438 0.2731
vn 0.1867 0.9307 0.3146
vn -0.2480 0.9307 0.2689
vn -0.7465 0.6555 0.1143
vn -0.9780 0.1708 -0.1196
vn -0.8354 -0.5310 -0.1422
vn -0.2069 -0.9774 -0.0432
vn 0.2114 -0.9774 0.0008
vn 0.7833 -0.6215 0.0173
vn 0.9797 0.1753 0.0969
vn 0.6826 0.6952 0.2252
vn 0.2304 0.9229 0.3084
vn -0.2895 0.9229 0.2537
vn -0.7860 0.6159 0.0535
vn -0.9767 0.1537 -0.1495
vn -0.8572 -0.4947 -0.1429
vn -0.2455 -0.9685 -0.0422
vn 0.2490 -0.9685 0.0098
vn 0.8208 -0.5705 0.0286
vn 0.9848 0.1624 0.0614
vn 0.7533 0.6389 0.1559
vn 0.2940 0.9157 0.2741
vn -0.3445 0.9157 0.2070
vn -0.8242 0.5659 -0.0203
vn -0.9779 0.1442 -0.1511
vn -0.8618 -0.4726 -0.1841
vn -0.2772 -0.9458 -0.1690
vn 0.3063 -0.9458 -0.1077
vn 0.8495 -0.5273 -0.0159
vn 0.9891 0.1350 0.0581
vn 0.8083 0.5695 0.1497
vn 0.3328 0.8880 0.3175
vn -0.3915 0.8880 0.2413
vn -0.8661 0.4984 -0.0387
vn -0.9921 0.0812 -0.0955
vn -0.8247 -0.3713 -0.4266
vn -0.2542 -0.6998 -0.6675
vn 0.3875 -0.6998 -0.6001
vn 0.8771 -0.3963 -0.2715
vn 0.9932 0.0635 0.0979
vn 0.8534 0.4126 0.3184
vn 0.3501 0.7980 0.4905
vn -0.4445 0.7980 0.4070
vn -0.9299 0.3568 0.0897
vn -0.9990 -0.0164 -0.0409
vn -0.8181 -0.0418 -0.5736
vn -0.2450 -0.1599 -0.9562
vn 0.4418 -0.1570 -0.8833
vn 0.9033 -0.0297 -0.4280
vn 0.9878 0.0742 0.1369
vn 0.8101 0.3145 0.4948
vn 0.3327 0.7563 0.5633
vn -0.4403 0.7527 0.4895
vn -0.9225 0.2362 0.3053
vn -0.6736 -0.7322 0.1007
vn -0.8279 0.0418 -0.5593
vn -0.1863 0.0356 -0.9819
vn 0.3903 0.0412 -0.9198
vn 0.8991 0.1144 -0.4225
vn 0.7605 -0.6139 0.2117
vn 0.6928 -0.4608 0.5547
vn 0.3523 0.7715 0.5298
vn -0.4712 0.7422 0.4766
vn -0.7215 -0.5765 0.3836
vn -0.8300 -0.5524 0.0775
vn 0.0460 -0.9722 0.2297
vn 0.0890 -0.9544 0.2849
vn 0.0913 -0.8979 0.4306
vn 0.0475 -0.8826 0.4677
vn -0.0790 -0.8912 0.4467
vn -0.1059 -0.9069 0.4079
vn -0.0563 -0.9688 0.2414
vn -0.0154 -0.9777 0.2095
vn 0.8185 -0.5695 0.0759
vn 0.6948 -0.4846 0.5313
vn 0.2737 -0.4305 0.8601
vn 0.0947 -0.7977 0.5955
vn -0.2703 -0.4190 0.8668
vn -0.1887 -0.8101 0.5551
vn -0.6998 -0.4630 0.5441
vn -0.9997 0.0245 0.0058
vn -0.8265 0.0583 -0.5600
vn -0.7932 0.0692 -0.6050
vn -0.3212 0.0718 -0.9443
vn -0.2999 0.0808 -0.9506
vn 0.3267 0.0639 -0.9430
vn 0.2998 0.0736 -0.9512
vn 0.8327 0.0378 -0.5524
vn 0.7978 0.0482 -0.6010
vn 1.0000 -0.0007 0.0071
vn 0.8215 -0.0419 0.5687
vn 0.3150 -0.0651 0.9469
vn -0.3092 -0.0558 0.9494
vn -0.8172 -0.0196 0.5760
vn -0.9999 -0.0014 0.0124
vn -0.8337 0.0338 -0.5511
vn -0.3281 0.0479 -0.9434
vn 0.3366 0.0398 -0.9408
vn 0.8415 0.0147 -0.5401
vn 0.9997 -0.0219 0.0120
vn 0.8204 -0.0626 0.5684
vn 0.3139 -0.0851 0.9456
vn -0.3059 -0.0779 0.9489
vn -0.8133 -0.0457 0.5801
vn -0.9999 -0.0008 0.0147
vn -0.8338 0.0440 -0.5503
vn -0.3283 0.0704 -0.9419
vn 0.3382 0.0602 -0.9391
vn 0.8428 0.0177 -0.5379
vn 0.9994 -0.0313 0.0140
vn 0.8208 -0.0736 0.5665
vn 0.3146 -0.0967 0.9443
vn -0.3056 -0.0874 0.9481
vn -0.8130 -0.0496 0.5802
vn -0.9999 -0.0073 0.0076
vn -0.8253 0.0556 -0.5620
vn -0.3186 0.1056 -0.9420
vn 0.3301 0.0958 -0.9391
vn 0.8357 0.0303 -0.5484
vn 0.9994 -0.0352 0.0071
vn 0.8233 -0.0867 0.5609
vn 0.3177 -0.1214 0.9404
vn -0.3076 -0.1129 0.9448
vn -0.8146 -0.0654 0.5764
vn -0.9985 -0.0554 0.0043
vn -0.8201 -0.0288 -0.5715
vn -0.3112 -0.0012 -0.9504
vn 0.3270 -0.0047 -0.9450
vn 0.8340 -0.0313 -0.5509
vn 0.9986 -0.0535 0.0041
vn 0.8262 -0.0788 0.5579
vn 0.3229 -0.0986 0.9413
vn -0.3079 -0.0959 0.9466
vn -0.8121 -0.0775 0.5784
vn -0.9965 -0.0813 -0.0214
vn -0.8002 -0.1035 -0.5907
vn -0.2995 -0.1229 -0.9462
vn 0.3112 -0.1245 -0.9422
vn 0.8192 -0.0952 -0.5656
vn 0.9978 -0.0645 -0.0149
vn 0.8392 -0.0607 0.5405
vn 0.3267 -0.0609 0.9432
vn -0.3244 -0.0585 0.9441
vn -0.8271 -0.0673 0.5579
vn -0.9938 -0.0781 -0.0794
vn -0.7781 -0.1126 -0.6180
vn -0.3010 -0.1470 -0.9422
vn 0.2716 -0.1532 -0.9501
vn 0.7864 -0.1102 -0.6078
vn 0.9970 -0.0616 -0.0464
vn 0.8402 -0.0556 0.5395
vn 0.3050 -0.0526 0.9509
vn -0.3757 -0.0476 0.9255
vn -0.8635 -0.0603 0.5008
vn -0.9951 0.0078 -0.0984
vn -0.7934 -0.0574 -0.6060
vn -0.3907 -0.1431 -0.9093
vn 0.0511 -0.2574 -0.9650
vn 0.6684 -0.3305 -0.6663
vn 0.9685 -0.2432 -0.0526
vn 0.7635 -0.1510 0.6279
vn 0.1355 0.0063 0.9908
vn -0.4382 0.0824 0.8951
vn -0.8817 0.0596 0.4680
vn 0.9115 -0.4109 -0.0189
vn -0.2555 -0.8706 0.4206
vn -0.4029 -0.8686 0.2885
vn -0.4710 -0.8756 0.1073
vn -0.4702 -0.8822 -0.0236
vn -0.4455 -0.8916 -0.0814
vn -0.4362 -0.8958 -0.0848
vn -0.4388 -0.8954 -0.0757
vn -0.4510 -0.8863 -0.1054
vn -0.4253 -0.8643 -0.2684
vn -0.2252 -0.8595 -0.4589
vn 0.0547 -0.8659 -0.4972
vn 0.3278 -0.8579 -0.3957
vn 0.4787 -0.8641 -0.1556
vn 0.4704 -0.8821 0.0261
vn 0.4371 -0.8975 0.0586
vn 0.4295 -0.9030 0.0130
vn 0.4466 -0.8945 -0.0214
vn 0.4764 -0.8781 0.0450
vn 0.4465 -0.8737 0.1931
vn 0.3194 -0.8584 0.4015
vn -0.0127 -0.8564 0.5161
vn -0.4930 -0.2999 0.8167
vn -0.7790 -0.3040 0.5484
vn -0.9283 -0.3071 0.2097
vn -0.9495 -0.3100 -0.0477
vn -0.9338 -0.3145 -0.1705
vn -0.9310 -0.3170 -0.1810
vn -0.9347 -0.3167 -0.1612
vn -0.9254 -0.3112 -0.2161
vn -0.8100 -0.3013 -0.5030
vn -0.4095 -0.3001 -0.8615
vn 0.1037 -0.3024 -0.9475
vn 0.5983 -0.2997 -0.7431
vn 0.9093 -0.3007 -0.2878
vn 0.9494 -0.3095 0.0533
vn 0.9398 -0.3176 0.1259
vn 0.9466 -0.3211 0.0287
vn 0.9478 -0.3157 -0.0452
vn 0.9470 -0.3084 0.0893
vn 0.8752 -0.3036 0.3765
vn 0.5875 -0.3013 0.7510
vn -0.0067 -0.3008 0.9536
vn -0.4816 0.3618 0.7982
vn -0.7614 0.3652 0.5357
vn -0.9064 0.3696 0.2047
vn -0.9263 0.3738 -0.0465
vn -0.9098 0.3804 -0.1661
vn -0.9065 0.3837 -0.1762
vn -0.9102 0.3833 -0.1570
vn -0.9023 0.3760 -0.2108
vn -0.7920 0.3618 -0.4919
vn -0.4004 0.3597 -0.8428
vn 0.1013 0.3631 -0.9262
vn 0.5851 0.3590 -0.7272
vn 0.8890 0.3611 -0.2815
vn 0.9263 0.3733 0.0520
vn 0.9148 0.3848 0.1226
vn 0.9206 0.3896 0.0279
vn 0.9230 0.3822 -0.0441
vn 0.9244 0.3714 0.0872
vn 0.8548 0.3660 0.3679
vn 0.5745 0.3604 0.7349
vn -0.0059 0.3597 0.9331
vn -0.2207 0.9051 0.3634
vn -0.3472 0.9041 0.2492
vn -0.4053 0.9095 0.0925
vn -0.4039 0.9146 -0.0203
vn -0.3816 0.9217 -0.0697
vn -0.3731 0.9249 -0.0725
vn -0.3754 0.9246 -0.0647
vn -0.3870 0.9176 -0.0905
vn -0.3672 0.9006 -0.2326
vn -0.1956 0.8969 -0.3966
vn 0.0473 0.9019 -0.4293
vn 0.2845 0.8956 -0.3419
vn 0.4136 0.9004 -0.1352
vn 0.4041 0.9144 0.0223
vn 0.3737 0.9262 0.0501
vn 0.3665 0.9303 0.0111
vn 0.3822 0.9239 -0.0183
vn 0.4096 0.9115 0.0387
vn 0.3849 0.9078 0.1667
vn 0.2765 0.8962 0.3469
vn -0.0119 0.8947 0.4465
vn 0.1733 -0.1909 0.9662
vn -0.6596 -0.4829 0.5761
vn 0.4697 -0.8800 0.0709
vn -0.7431 -0.6662 -0.0634
vn 0.0329 -0.7096 -0.7039
vn 0.9084 -0.1373 -0.3949
vn 0.9458 0.0087 0.3246
vn -0.7071 0.0483 0.7055
vn -0.8918 -0.0555 0.4490
vn -0.9349 -0.3147 -0.1643
vn -0.7885 -0.4303 -0.4395
vn 0.7407 -0.2506 -0.6233
vn 0.9086 -0.0925 -0.4073
vn 0.9604 0.1706 0.2205
vn 0.8296 0.2191 0.5135
vn -0.7610 0.2301 0.6066
vn -0.9217 0.1335 0.3642
vn -0.9698 -0.0916 -0.2261
vn -0.8552 -0.1859 -0.4838
vn 0.7680 -0.2111 -0.6047
vn 0.9169 -0.1269 -0.3785
vn 0.9688 0.1028 0.2254
vn 0.8574 0.1999 0.4742
vn 0.0977 0.6932 0.7141
vn -0.7980 0.5673 0.2035
vn -0.8351 0.3998 -0.3778
vn -0.0387 0.1648 -0.9856
vn 0.9036 0.0218 -0.4279
vn 0.9613 0.1872 0.2020
vn 0.3747 0.8945 -0.2437
vt 0.010000 0.010000
vt 0.500000 0.060846
vt 0.595340 0.066606
vt 0.652334 0.147871
vt 0.500000 0.138889
vt 0.684684 0.084286
vt 0.746511 0.176064
vt 0.651010 0.236760
vt 0.500000 0.227778
vt 0.753587 0.264952
vt 0.829083 0.248765
vt 0.833567 0.315432
vt 0.637295 0.358011
vt 0.500000 0.350000
vt 0.746683 0.383155
vt 0.836298 0.428178
vt 0.637295 0.472007
vt 0.500000 0.466667
vt 0.746683 0.488770
vt 0.836298 0.518785
vt 0.618887 0.515966
vt 0.500000 0.533333
vt 0.753535 0.553428
vt 0.845640 0.580714
vt 0.630163 0.679720
vt 0.500000 0.677778
vt 0.774925 0.685816
vt 0.870764 0.696730
vt 0.648737 0.805555
vt 0.500000 0.805555
vt 0.767240 0.805555
vt 0.864323 0.805555
vt 0.646830 0.927535
vt 0.500000 0.927778
vt 0.763814 0.926773
vt 0.859652 0.925408
vt 0.632598 1.088889
vt 0.500000 1.088889
vt 0.744674 1.088889
vt 0.838291 1.088889
vt 0.347666 0.147871
vt 0.404660 0.066606
vt 0.253489 0.176064
vt 0.315316 0.084286
vt 0.348990 0.236760
vt 0.246413 0.264952
vt 0.166433 0.315432
vt 0.170917 0.248765
vt 0.362705 0.358011
vt 0.253317 0.383155
vt 0.163702 0.428178
vt 0.362705 0.472007
vt 0.253317 0.488770
vt 0.163702 0.518785
vt 0.381113 0.515966
vt 0.246465 0.553428
vt 0.154360 0.580714
vt 0.369837 0.679720
vt 0.225075 0.685816
vt 0.129236 0.696730
vt 0.351263 0.805555
vt 0.232760 0.805555
vt 0.135677 0.805555
vt 0.353170 0.927535
vt 0.236186 0.926773
vt 0.140348 0.925408
vt 0.367402 1.088889
vt 0.255326 1.088889
vt 0.161709 1.088889
s 1
usemtl Skin
f 99/1/108 100/1/109 109/1/110 108/1/111
f 100/1/109 101/1/112 110/1/113 109/1/110
f 101/1/112 102/1/114 111/1/115 110/1/113
f 102/1/114 103/1/116 112/1/117 111/1/115
f 103/1/116 104/1/118 113/1/119 112/1/117
f 104/1/118 105/1/120 114/1/121 113/1/119
f 105/1/120 106/1/122 115/1/123 114/1/121
f 106/1/122 107/1/124 116/1/125 115/1/123
f 108/1/111 109/1/110 118/1/126 117/1/127
f 109/1/110 110/1/113 119/1/128 118/1/126
f 110/1/113 111/1/115 120/1/129 119/1/128
f 111/1/115 112/1/117 121/1/130 120/1/129
f 112/1/117 113/1/119 122/1/131 121/1/130
f 113/1/119 114/1/121 123/1/132 122/1/131
f 114/1/121 115/1/123 124/1/133 123/1/132
f 115/1/123 116/1/125 125/1/134 124/1/133
f 119/1/128 120/1/129 129/1/140 128/1/139
f 120/1/129 121/1/130 130/1/141 129/1/140
f 121/1/130 122/1/131 131/1/142 130/1/141
f 122/1/131 123/1/132 132/1/143 131/1/142
f 123/1/132 124/1/133 133/1/144 132/1/143
f 124/1/133 125/1/134 134/1/145 133/1/144
f 129/1/140 130/1/141 139/1/150 138/1/149
f 130/1/141 131/1/142 140/1/151 139/1/150
f 131/1/142 132/1/143 141/1/152 140/1/151
f 132/1/143 133/1/144 142/1/153 141/1/152
f 133/1/144 134/1/145 143/1/154 142/1/153
f 138/1/149 139/1/150 148/1/159 147/1/158
f 139/1/150 140/1/151 149/1/160 148/1/159
f 140/1/151 141/1/152 150/1/161 149/1/160
f 141/1/152 142/1/153 151/1/162 150/1/161
f 142/1/153 143/1/154 152/1/163 151/1/162
f 147/1/158 148/1/159 157/1/168 156/1/167
f 148/1/159 149/1/160 158/1/169 157/1/168
f 149/1/160 150/1/161 159/1/170 158/1/169
f 150/1/161 151/1/162 160/1/171 159/1/170
f 151/1/162 152/1/163 161/1/172 160/1/171
f 156/1/167 157/1/168 166/1/177 165/1/176
f 157/1/168 158/1/169 167/1/178 166/1/177
f 158/1/169 159/1/170 168/1/179 167/1/178
f 159/1/170 160/1/171 169/1/180 168/1/179
f 160/1/171 161/1/172 170/1/181 169/1/180
f 165/1/176 166/1/177 175/1/186 174/1/185
f 166/1/177 167/1/178 176/1/187 175/1/186
f 167/1/178 168/1/179 177/1/188 176/1/187
f 168/1/179 169/1/180 178/1/189 177/1/188
f 169/1/180 170/1/181 179/1/190 178/1/189
f 174/1/185 175/1/186 184/1/195 183/1/194
f 175/1/186 176/1/187 185/1/196 184/1/195
f 176/1/187 177/1/188 186/1/197 185/1/196
f 177/1/188 178/1/189 187/1/198 186/1/197
f 178/1/189 179/1/190 188/1/199 187/1/198
f 183/1/194 184/1/195 193/1/204 192/1/203
f 184/1/195 185/1/196 194/1/205 193/1/204
f 185/1/196 186/1/197 195/1/206 194/1/205
f 186/1/197 187/1/198 196/1/207 195/1/206
f 187/1/198 188/1/199 197/1/208 196/1/207
f 192/1/203 193/1/204 202/1/213 201/1/212
f 193/1/204 194/1/205 203/1/214 202/1/213
f 194/1/205 195/1/206 204/1/215 203/1/214
f 195/1/206 196/1/207 205/1/216 204/1/215
f 196/1/207 197/1/208 206/1/217 205/1/216
f 198/1/210 199/1/209 208/1/218 207/1/219
f 199/1/209 200/1/211 209/1/220 208/1/218
f 200/1/211 201/1/212 210/1/221 209/1/220
f 201/1/212 202/1/213 211/1/222 210/1/221
f 202/1/213 203/1/214 212/1/223 211/1/222
f 203/1/214 204/1/215 213/1/224 212/1/223
f 204/1/215 205/1/216 214/1/225 213/1/224
f 205/1/216 206/1/217 215/1/226 214/1/225
f 207/1/219 208/1/218 217/1/227 216/1/228
f 208/1/218 209/1/220 218/1/229 217/1/227
f 209/1/220 210/1/221 219/1/230 218/1/229
f 210/1/221 211/1/222 220/1/231 219/1/230
f 211/1/222 212/1/223 221/1/232 220/1/231
f 212/1/223 213/1/224 222/1/233 221/1/232
f 213/1/224 214/1/225 223/1/234 222/1/233
f 214/1/225 215/1/226 224/1/235 223/1/234
f 216/1/228 217/1/227 225/1/236
f 217/1/227 218/1/229 225/1/236
f 218/1/229 219/1/230 225/1/236
f 219/1/230 220/1/231 225/1/236
f 220/1/231 221/1/232 225/1/236
f 221/1/232 222/1/233 225/1/236
f 222/1/233 223/1/234 225/1/236
f 223/1/234 224/1/235 225/1/236
f 250/1/278 251/1/279 259/1/280 258/1/281
f 251/1/279 252/1/282 260/1/283 259/1/280
f 252/1/282 253/1/284 261/1/285 260/1/283
f 253/1/284 254/1/286 262/1/287 261/1/285
f 254/1/286 255/1/288 263/1/289 262/1/287
f 255/1/288 256/1/290 264/1/291 263/1/289
f 256/1/290 257/1/292 265/1/293 264/1/291
f 257/1/292 250/1/278 258/1/281 265/1/293
f 258/1/281 259/1/280 267/1/294 266/1/295
f 259/1/280 260/1/283 268/1/296 267/1/294
f 260/1/283 261/1/285 269/1/297 268/1/296
f 261/1/285 262/1/287 270/1/298 269/1/297
f 262/1/287 263/1/289 271/1/299 270/1/298
f 263/1/289 264/1/291 272/1/300 271/1/299
f 264/1/291 265/1/293 273/1/301 272/1/300
f 265/1/293 258/1/281 266/1/295 273/1/301
f 266/1/295 267/1/294 275/1/302 274/1/303
f 267/1/294 268/1/296 276/1/304 275/1/302
f 268/1/296 269/1/297 277/1/305 276/1/304
f 269/1/297 270/1/298 278/1/306 277/1/305
f 270/1/298 271/1/299 279/1/307 278/1/306
f 271/1/299 272/1/300 280/1/308 279/1/307
f 272/1/300 273/1/301 281/1/309 280/1/308
f 273/1/301 266/1/295 274/1/303 281/1/309
f 274/1/303 275/1/302 283/1/310 282/1/311
f 275/1/302 276/1/304 284/1/312 283/1/310
f 276/1/304 277/1/305 285/1/313 284/1/312
f 277/1/305 278/1/306 286/1/314 285/1/313
f 278/1/306 279/1/307 287/1/315 286/1/314
f 279/1/307 280/1/308 288/1/316 287/1/315
f 280/1/308 281/1/309 289/1/317 288/1/316
f 281/1/309 274/1/303 282/1/311 289/1/317
f 282/1/311 283/1/310 291/1/318 290/1/319
f 283/1/310 284/1/312 292/1/320 291/1/318
f 284/1/312 285/1/313 293/1/321 292/1/320
f 285/1/313 286/1/314 294/1/322 293/1/321
f 286/1/314 287/1/315 295/1/323 294/1/322
f 287/1/315 288/1/316 296/1/324 295/1/323
f 288/1/316 289/1/317 297/1/325 296/1/324
f 289/1/317 282/1/311 290/1/319 297/1/325
f 290/1/319 291/1/318 299/1/326 298/1/327
f 291/1/318 292/1/320 300/1/328 299/1/326
f 292/1/320 293/1/321 301/1/329 300/1/328
f 293/1/321 294/1/322 302/1/330 301/1/329
f 294/1/322 295/1/323 303/1/331 302/1/330
f 295/1/323 296/1/324 304/1/332 303/1/331
f 296/1/324 297/1/325 305/1/333 304/1/332
f 297/1/325 290/1/319 298/1/327 305/1/333
f 298/1/327 299/1/326 307/1/334 306/1/335
f 299/1/326 300/1/328 308/1/336 307/1/334
f 300/1/328 301/1/329 309/1/337 308/1/336
f 301/1/329 302/1/330 310/1/338 309/1/337
f 302/1/330 303/1/331 311/1/339 310/1/338
f 303/1/331 304/1/332 312/1/340 311/1/339
f 304/1/332 305/1/333 313/1/341 312/1/340
f 305/1/333 298/1/327 306/1/335 313/1/341
f 306/1/335 307/1/334 315/1/342 314/1/343
f 307/1/334 308/1/336 316/1/344 315/1/342
f 308/1/336 309/1/337 317/1/345 316/1/344
f 309/1/337 310/1/338 318/1/346 317/1/345
f 310/1/338 311/1/339 319/1/347 318/1/346
f 311/1/339 312/1/340 320/1/348 319/1/347
f 312/1/340 313/1/341 321/1/349 320/1/348
f 313/1/341 306/1/335 314/1/343 321/1/349
f 314/1/343 315/1/342 323/1/350 322/1/351
f 315/1/342 316/1/344 324/1/352 323/1/350
f 316/1/344 317/1/345 325/1/353 324/1/352
f 317/1/345 318/1/346 326/1/354 325/1/353
f 318/1/346 319/1/347 327/1/355 326/1/354
f 319/1/347 320/1/348 328/1/356 327/1/355
f 320/1/348 321/1/349 329/1/357 328/1/356
f 321/1/349 314/1/343 322/1/351 329/1/357
f 322/1/351 323/1/350 331/1/358 330/1/359
f 323/1/350 324/1/352 332/1/360 331/1/358
f 324/1/352 325/1/353 333/1/361 332/1/360
f 325/1/353 326/1/354 334/1/362 333/1/361
f 326/1/354 327/1/355 335/1/363 334/1/364
f 327/1/355 328/1/356 336/1/365 335/1/363
f 328/1/356 329/1/357 337/1/366 336/1/365
f 329/1/357 322/1/351 330/1/367 337/1/366
f 330/1/359 331/1/358 339/1/368 338/1/369
f 331/1/358 332/1/360 340/1/370 339/1/368
f 332/1/360 333/1/361 341/1/371 340/1/370
f 333/1/361 334/1/362 342/1/372 341/1/371
f 334/1/364 335/1/363 343/1/373 342/1/372
f 335/1/363 336/1/365 344/1/374 343/1/373
f 336/1/365 337/1/366 345/1/375 344/1/374
f 337/1/366 330/1/367 338/1/369 345/1/375
f 338/1/369 339/1/368 346/1/376
f 339/1/368 340/1/370 346/1/376
f 340/1/370 341/1/371 346/1/376
f 341/1/371 342/1/372 346/1/376
f 342/1/372 343/1/373 346/1/376
f 343/1/373 344/1/374 346/1/376
f 344/1/374 345/1/375 346/1/376
f 345/1/375 338/1/369 346/1/376
f 347/1/377 348/1/378 354/1/379 353/1/380
f 348/1/378 349/1/381 355/1/382 354/1/379
f 349/1/381 350/1/383 356/1/384 355/1/382
f 350/1/383 351/1/385 357/1/386 356/1/384
f 351/1/385 352/1/387 358/1/388 357/1/386
f 352/1/387 347/1/377 353/1/380 358/1/388
f 353/1/380 354/1/379 360/1/389 359/1/390
f 354/1/379 355/1/382 361/1/391 360/1/389
f 355/1/382 356/1/384 362/1/392 361/1/391
f 356/1/384 357/1/386 363/1/393 362/1/392
f 357/1/386 358/1/388 364/1/394 363/1/393
f 358/1/388 353/1/380 359/1/390 364/1/394
f 359/1/390 360/1/389 366/1/395 365/1/396
f 360/1/389 361/1/391 367/1/397 366/1/395
f 361/1/391 362/1/392 368/1/398 367/1/397
f 362/1/392 363/1/393 369/1/399 368/1/398
f 363/1/393 364/1/394 370/1/400 369/1/399
f 364/1/394 359/1/390 365/1/396 370/1/400
f 365/1/396 366/1/395 372/1/401 371/1/402
f 366/1/395 367/1/397 373/1/403 372/1/401
f 367/1/397 368/1/398 374/1/404 373/1/403
f 368/1/398 369/1/399 375/1/405 374/1/404
f 369/1/399 370/1/400 376/1/406 375/1/405
f 370/1/400 365/1/396 371/1/402 376/1/406
f 371/1/402 372/1/401 377/1/407
f 372/1/401 373/1/403 377/1/407
f 373/1/403 374/1/404 377/1/407
f 374/1/404 375/1/405 377/1/407
f 375/1/405 376/1/406 377/1/407
f 376/1/406 371/1/402 377/1/407
f 352/1/408 351/1/408 350/1/408 349/1/408 348/1/408 347/1/408
f 378/1/409 379/1/410 385/1/411 384/1/412
f 379/1/410 380/1/413 386/1/414 385/1/411
f 380/1/413 381/1/415 387/1/416 386/1/414
f 381/1/415 382/1/417 388/1/418 387/1/416
f 382/1/417 383/1/419 389/1/420 388/1/418
f 383/1/419 378/1/409 384/1/412 389/1/420
f 384/1/412 385/1/411 391/1/421 390/1/422
f 385/1/411 386/1/414 392/1/423 391/1/421
f 386/1/414 387/1/416 393/1/424 392/1/423
f 387/1/416 388/1/418 394/1/425 393/1/424
f 388/1/418 389/1/420 395/1/426 394/1/425
f 389/1/420 384/1/412 390/1/422 395/1/426
f 390/1/422 391/1/421 397/1/427 396/1/428
f 391/1/421 392/1/423 398/1/429 397/1/427
f 392/1/423 393/1/424 399/1/430 398/1/429
f 393/1/424 394/1/425 400/1/431 399/1/430
f 394/1/425 395/1/426 401/1/432 400/1/431
f 395/1/426 390/1/422 396/1/428 401/1/432
f 396/1/428 397/1/427 403/1/433 402/1/434
f 397/1/427 398/1/429 404/1/435 403/1/433
f 398/1/429 399/1/430 405/1/436 404/1/435
f 399/1/430 400/1/431 406/1/437 405/1/436
f 400/1/431 401/1/432 407/1/438 406/1/437
f 401/1/432 396/1/428 402/1/434 407/1/438
f 402/1/434 403/1/433 408/1/439
f 403/1/433 404/1/435 408/1/439
f 404/1/435 405/1/436 408/1/439
f 405/1/436 406/1/437 408/1/439
f 406/1/437 407/1/438 408/1/439
f 407/1/438 402/1/434 408/1/439
f 383/1/440 382/1/440 381/1/440 380/1/440 379/1/440 378/1/440
f 409/1/441 410/1/442 416/1/443 415/1/444
f 410/1/442 411/1/445 417/1/446 416/1/443
f 411/1/445 412/1/447 418/1/448 417/1/446
f 412/1/447 413/1/449 419/1/450 418/1/448
f 413/1/449 414/1/451 420/1/452 419/1/450
f 414/1/451 409/1/441 415/1/444 420/1/452
f 415/1/444 416/1/443 422/1/453 421/1/454
f 416/1/443 417/1/446 423/1/455 422/1/453
f 417/1/446 418/1/448 424/1/456 423/1/455
f 418/1/448 419/1/450 425/1/457 424/1/456
f 419/1/450 420/1/452 426/1/458 425/1/457
f 420/1/452 415/1/444 421/1/454 426/1/458
f 421/1/454 422/1/453 428/1/459 427/1/460
f 422/1/453 423/1/455 429/1/461 428/1/459
f 423/1/455 424/1/456 430/1/462 429/1/461
f 424/1/456 425/1/457 431/1/463 430/1/462
f 425/1/457 426/1/458 432/1/464 431/1/463
f 426/1/458 421/1/454 427/1/460 432/1/464
f 427/1/460 428/1/459 434/1/465 433/1/466
f 428/1/459 429/1/461 435/1/467 434/1/465
f 429/1/461 430/1/462 436/1/468 435/1/467
f 430/1/462 431/1/463 437/1/469 436/1/468
f 431/1/463 432/1/464 438/1/470 437/1/469
f 432/1/464 427/1/460 433/1/466 438/1/470
f 433/1/466 434/1/465 439/1/471
f 434/1/465 435/1/467 439/1/471
f 435/1/467 436/1/468 439/1/471
f 436/1/468 437/1/469 439/1/471
f 437/1/469 438/1/470 439/1/471
f 438/1/470 433/1/466 439/1/471
f 414/1/472 413/1/472 412/1/472 411/1/472 410/1/472 409/1/472
f 440/1/473 441/1/474 447/1/475 446/1/476
f 441/1/474 442/1/477 448/1/478 447/1/475
f 442/1/477 443/1/479 449/1/480 448/1/478
f 443/1/479 444/1/481 450/1/482 449/1/480
f 444/1/481 445/1/483 451/1/484 450/1/482
f 445/1/483 440/1/473 446/1/476 451/1/484
f 446/1/476 447/1/475 453/1/485 452/1/486
f 447/1/475 448/1/478 454/1/487 453/1/485
f 448/1/478 449/1/480 455/1/488 454/1/487
f 449/1/480 450/1/482 456/1/489 455/1/488
f 450/1/482 451/1/484 457/1/490 456/1/489
f 451/1/484 446/1/476 452/1/486 457/1/490
f 452/1/486 453/1/485 459/1/491 458/1/492
f 453/1/485 454/1/487 460/1/493 459/1/491
f 454/1/487 455/1/488 461/1/494 460/1/493
f 455/1/488 456/1/489 462/1/495 461/1/494
f 456/1/489 457/1/490 463/1/496 462/1/495
f 457/1/490 452/1/486 458/1/492 463/1/496
f 458/1/492 459/1/491 465/1/497 464/1/498
f 459/1/491 460/1/493 466/1/499 465/1/497
f 460/1/493 461/1/494 467/1/500 466/1/499
f 461/1/494 462/1/495 468/1/501 467/1/500
f 462/1/495 463/1/496 469/1/502 468/1/501
f 463/1/496 458/1/492 464/1/498 469/1/502
f 464/1/498 465/1/497 470/1/503
f 465/1/497 466/1/499 470/1/503
f 466/1/499 467/1/500 470/1/503
f 467/1/500 468/1/501 470/1/503
f 468/1/501 469/1/502 470/1/503
f 469/1/502 464/1/498 470/1/503
f 445/1/504 444/1/504 443/1/504 442/1/504 441/1/504 440/1/504
f 471/1/505 472/1/506 478/1/507 477/1/508
f 472/1/506 473/1/509 479/1/510 478/1/507
f 473/1/509 474/1/511 480/1/512 479/1/510
f 474/1/511 475/1/513 481/1/514 480/1/512
f 475/1/513 476/1/515 482/1/516 481/1/514
f 476/1/515 471/1/505 477/1/508 482/1/516
f 477/1/508 478/1/507 484/1/517 483/1/518
f 478/1/507 479/1/510 485/1/519 484/1/517
f 479/1/510 480/1/512 486/1/520 485/1/519
f 480/1/512 481/1/514 487/1/521 486/1/520
f 481/1/514 482/1/516 488/1/522 487/1/521
f 482/1/516 477/1/508 483/1/518 488/1/522
f 483/1/518 484/1/517 490/1/523 489/1/524
f 484/1/517 485/1/519 491/1/525 490/1/523
f 485/1/519 486/1/520 492/1/526 491/1/525
f 486/1/520 487/1/521 493/1/527 492/1/526
f 487/1/521 488/1/522 494/1/528 493/1/527
f 488/1/522 483/1/518 489/1/524 494/1/528
f 489/1/524 490/1/523 496/1/529 495/1/530
f 490/1/523 491/1/525 497/1/531 496/1/529
f 491/1/525 492/1/526 498/1/532 497/1/531
f 492/1/526 493/1/527 499/1/533 498/1/532
f 493/1/527 494/1/528 500/1/534 499/1/533
f 494/1/528 489/1/524 495/1/530 500/1/534
f 495/1/530 496/1/529 501/1/535
f 496/1/529 497/1/531 501/1/535
f 497/1/531 498/1/532 501/1/535
f 498/1/532 499/1/533 501/1/535
f 499/1/533 500/1/534 501/1/535
f 500/1/534 495/1/530 501/1/535
f 476/1/536 475/1/536 474/1/536 473/1/536 472/1/536 471/1/536
f 770/1/815 772/1/816 771/1/817
f 770/1/815 773/1/818 772/1/816
f 770/1/815 774/1/819 773/1/818
f 770/1/815 775/1/820 774/1/819
f 770/1/815 776/1/821 775/1/820
f 770/1/815 771/1/817 776/1/821
f 771/1/817 772/1/816 778/1/822 777/1/823
f 772/1/816 773/1/818 779/1/824 778/1/822
f 773/1/818 774/1/819 780/1/825 779/1/824
f 774/1/819 775/1/820 781/1/826 780/1/827
f 775/1/820 776/1/821 782/1/828 781/1/826
f 776/1/821 771/1/817 777/1/829 782/1/828
f 777/1/823 778/1/822 784/1/830 783/1/831
f 778/1/822 779/1/824 785/1/832 784/1/830
f 779/1/824 780/1/825 786/1/833 785/1/832
f 780/1/827 781/1/826 787/1/834 786/1/835
f 781/1/826 782/1/828 788/1/836 787/1/834
f 782/1/828 777/1/829 783/1/837 788/1/836
f 783/1/831 784/1/830 790/1/838 789/1/839
f 784/1/830 785/1/832 791/1/840 790/1/838
f 785/1/832 786/1/833 792/1/841 791/1/840
f 786/1/835 787/1/834 793/1/842 792/1/841
f 787/1/834 788/1/836 794/1/843 793/1/842
f 788/1/836 783/1/837 789/1/839 794/1/843
f 789/1/839 790/1/838 795/1/844
f 790/1/838 791/1/840 795/1/844
f 791/1/840 792/1/841 795/1/844
f 792/1/841 793/1/842 795/1/844
f 793/1/842 794/1/843 795/1/844
f 794/1/843 789/1/839 795/1/844
f 108/1/111 879/1/928 872/1/929 99/1/108
f 879/1/928 880/1/930 873/1/931 872/1/929
f 880/1/930 881/1/932 874/1/933 873/1/931
f 881/1/932 882/1/934 875/1/935 874/1/933
f 882/1/934 883/1/936 876/1/937 875/1/935
f 883/1/936 884/1/938 877/1/939 876/1/937
f 884/1/938 885/1/940 878/1/941 877/1/939
f 885/1/940 116/1/125 107/1/124 878/1/941
f 117/1/127 886/1/942 879/1/928 108/1/111
f 886/1/942 887/1/943 880/1/930 879/1/928
f 887/1/943 888/1/944 881/1/932 880/1/930
f 888/1/944 889/1/945 882/1/934 881/1/932
f 889/1/945 890/1/946 883/1/936 882/1/934
f 890/1/946 891/1/947 884/1/938 883/1/936
f 891/1/947 892/1/948 885/1/940 884/1/938
f 892/1/948 125/1/134 116/1/125 885/1/940
f 894/1/951 895/1/952 888/1/944 887/1/943
f 895/1/952 896/1/953 889/1/945 888/1/944
f 896/1/953 897/1/954 890/1/946 889/1/945
f 897/1/954 898/1/955 891/1/947 890/1/946
f 898/1/955 899/1/956 892/1/948 891/1/947
f 899/1/956 134/1/145 125/1/134 892/1/948
f 902/1/959 903/1/960 896/1/953 895/1/952
f 903/1/960 904/1/961 897/1/954 896/1/953
f 904/1/961 905/1/962 898/1/955 897/1/954
f 905/1/962 906/1/963 899/1/956 898/1/955
f 906/1/963 143/1/154 134/1/145 899/1/956
f 909/1/966 910/1/967 903/1/960 902/1/959
f 910/1/967 911/1/968 904/1/961 903/1/960
f 911/1/968 912/1/969 905/1/962 904/1/961
f 912/1/969 913/1/970 906/1/963 905/1/962
f 913/1/970 152/1/163 143/1/154 906/1/963
f 916/1/973 917/1/974 910/1/967 909/1/966
f 917/1/974 918/1/975 911/1/968 910/1/967
f 918/1/975 919/1/976 912/1/969 911/1/968
f 919/1/976 920/1/977 913/1/970 912/1/969
f 920/1/977 161/1/172 152/1/163 913/1/970
f 923/1/980 924/1/981 917/1/974 916/1/973
f 924/1/981 925/1/982 918/1/975 917/1/974
f 925/1/982 926/1/983 919/1/976 918/1/975
f 926/1/983 927/1/984 920/1/977 919/1/976
f 927/1/984 170/1/181 161/1/172 920/1/977
f 930/1/987 931/1/988 924/1/981 923/1/980
f 931/1/988 932/1/989 925/1/982 924/1/981
f 932/1/989 933/1/990 926/1/983 925/1/982
f 933/1/990 934/1/991 927/1/984 926/1/983
f 934/1/991 179/1/190 170/1/181 927/1/984
f 937/1/994 938/1/995 931/1/988 930/1/987
f 938/1/995 939/1/996 932/1/989 931/1/988
f 939/1/996 940/1/997 933/1/990 932/1/989
f 940/1/997 941/1/998 934/1/991 933/1/990
f 941/1/998 188/1/199 179/1/190 934/1/991
f 944/1/1001 945/1/1002 938/1/995 937/1/994
f 945/1/1002 946/1/1003 939/1/996 938/1/995
f 946/1/1003 947/1/1004 940/1/997 939/1/996
f 947/1/1004 948/1/1005 941/1/998 940/1/997
f 948/1/1005 197/1/208 188/1/199 941/1/998
f 951/1/1008 952/1/1009 945/1/1002 944/1/1001
f 952/1/1009 953/1/1010 946/1/1003 945/1/1002
f 953/1/1010 954/1/1011 947/1/1004 946/1/1003
f 954/1/1011 955/1/1012 948/1/1005 947/1/1004
f 955/1/1012 206/1/217 197/1/208 948/1/1005
f 207/1/219 956/1/1013 949/1/1006 198/1/210
f 956/1/1013 957/1/1014 950/1/1007 949/1/1006
f 957/1/1014 958/1/1015 951/1/1008 950/1/1007
f 958/1/1015 959/1/1016 952/1/1009 951/1/1008
f 959/1/1016 960/1/1017 953/1/1010 952/1/1009
f 960/1/1017 961/1/1018 954/1/1011 953/1/1010
f 961/1/1018 962/1/1019 955/1/1012 954/1/1011
f 962/1/1019 215/1/226 206/1/217 955/1/1012
f 216/1/228 963/1/1020 956/1/1013 207/1/219
f 963/1/1020 964/1/1021 957/1/1014 956/1/1013
f 964/1/1021 965/1/1022 958/1/1015 957/1/1014
f 965/1/1022 966/1/1023 959/1/1016 958/1/1015
f 966/1/1023 967/1/1024 960/1/1017 959/1/1016
f 967/1/1024 968/1/1025 961/1/1018 960/1/1017
f 968/1/1025 969/1/1026 962/1/1019 961/1/1018
f 969/1/1026 224/1/235 215/1/226 962/1/1019
f 225/1/236 963/1/1020 216/1/228
f 225/1/236 964/1/1021 963/1/1020
f 225/1/236 965/1/1022 964/1/1021
f 225/1/236 966/1/1023 965/1/1022
f 225/1/236 967/1/1024 966/1/1023
f 225/1/236 968/1/1025 967/1/1024
f 225/1/236 969/1/1026 968/1/1025
f 225/1/236 224/1/235 969/1/1026
f 1002/1/1068 1003/1/1069 995/1/1070 994/1/1071
f 1003/1/1069 1004/1/1072 996/1/1073 995/1/1070
f 1004/1/1072 1005/1/1074 997/1/1075 996/1/1073
f 1005/1/1074 1006/1/1076 998/1/1077 997/1/1075
f 1006/1/1076 1007/1/1078 999/1/1079 998/1/1077
f 1007/1/1078 1008/1/1080 1000/1/1081 999/1/1079
f 1008/1/1080 1009/1/1082 1001/1/1083 1000/1/1081
f 1009/1/1082 1002/1/1068 994/1/1071 1001/1/1083
f 1010/1/1084 1011/1/1085 1003/1/1069 1002/1/1068
f 1011/1/1085 1012/1/1086 1004/1/1072 1003/1/1069
f 1012/1/1086 1013/1/1087 1005/1/1074 1004/1/1072
f 1013/1/1087 1014/1/1088 1006/1/1076 1005/1/1074
f 1014/1/1088 1015/1/1089 1007/1/1078 1006/1/1076
f 1015/1/1089 1016/1/1090 1008/1/1080 1007/1/1078
f 1016/1/1090 1017/1/1091 1009/1/1082 1008/1/1080
f 1017/1/1091 1010/1/1084 1002/1/1068 1009/1/1082
f 1018/1/1092 1019/1/1093 1011/1/1085 1010/1/1084
f 1019/1/1093 1020/1/1094 1012/1/1086 1011/1/1085
f 1020/1/1094 1021/1/1095 1013/1/1087 1012/1/1086
f 1021/1/1095 1022/1/1096 1014/1/1088 1013/1/1087
f 1022/1/1096 1023/1/1097 1015/1/1089 1014/1/1088
f 1023/1/1097 1024/1/1098 1016/1/1090 1015/1/1089
f 1024/1/1098 1025/1/1099 1017/1/1091 1016/1/1090
f 1025/1/1099 1018/1/1092 1010/1/1084 1017/1/1091
f 1026/1/1100 1027/1/1101 1019/1/1093 1018/1/1092
f 1027/1/1101 1028/1/1102 1020/1/1094 1019/1/1093
f 1028/1/1102 1029/1/1103 1021/1/1095 1020/1/1094
f 1029/1/1103 1030/1/1104 1022/1/1096 1021/1/1095
f 1030/1/1104 1031/1/1105 1023/1/1097 1022/1/1096
f 1031/1/1105 1032/1/1106 1024/1/1098 1023/1/1097
f 1032/1/1106 1033/1/1107 1025/1/1099 1024/1/1098
f 1033/1/1107 1026/1/1100 1018/1/1092 1025/1/1099
f 1034/1/1108 1035/1/1109 1027/1/1101 1026/1/1100
f 1035/1/1109 1036/1/1110 1028/1/1102 1027/1/1101
f 1036/1/1110 1037/1/1111 1029/1/1103 1028/1/1102
f 1037/1/1111 1038/1/1112 1030/1/1104 1029/1/1103
f 1038/1/1112 1039/1/1113 1031/1/1105 1030/1/1104
f 1039/1/1113 1040/1/1114 1032/1/1106 1031/1/1105
f 1040/1/1114 1041/1/1115 1033/1/1107 1032/1/1106
f 1041/1/1115 1034/1/1108 1026/1/1100 1033/1/1107
f 1042/1/1116 1043/1/1117 1035/1/1109 1034/1/1108
f 1043/1/1117 1044/1/1118 1036/1/1110 1035/1/1109
f 1044/1/1118 1045/1/1119 1037/1/1111 1036/1/1110
f 1045/1/1119 1046/1/1120 1038/1/1112 1037/1/1111
f 1046/1/1120 1047/1/1121 1039/1/1113 1038/1/1112
f 1047/1/1121 1048/1/1122 1040/1/1114 1039/1/1113
f 1048/1/1122 1049/1/1123 1041/1/1115 1040/1/1114
f 1049/1/1123 1042/1/1116 1034/1/1108 1041/1/1115
f 1050/1/1124 1051/1/1125 1043/1/1117 1042/1/1116
f 1051/1/1125 1052/1/1126 1044/1/1118 1043/1/1117
f 1052/1/1126 1053/1/1127 1045/1/1119 1044/1/1118
f 1053/1/1127 1054/1/1128 1046/1/1120 1045/1/1119
f 1054/1/1128 1055/1/1129 1047/1/1121 1046/1/1120
f 1055/1/1129 1056/1/1130 1048/1/1122 1047/1/1121
f 1056/1/1130 1057/1/1131 1049/1/1123 1048/1/1122
f 1057/1/1131 1050/1/1124 1042/1/1116 1049/1/1123
f 1058/1/1132 1059/1/1133 1051/1/1125 1050/1/1124
f 1059/1/1133 1060/1/1134 1052/1/1126 1051/1/1125
f 1060/1/1134 1061/1/1135 1053/1/1127 1052/1/1126
f 1061/1/1135 1062/1/1136 1054/1/1128 1053/1/1127
f 1062/1/1136 1063/1/1137 1055/1/1129 1054/1/1128
f 1063/1/1137 1064/1/1138 1056/1/1130 1055/1/1129
f 1064/1/1138 1065/1/1139 1057/1/1131 1056/1/1130
f 1065/1/1139 1058/1/1132 1050/1/1124 1057/1/1131
f 1066/1/1140 1067/1/1141 1059/1/1133 1058/1/1132
f 1067/1/1141 1068/1/1142 1060/1/1134 1059/1/1133
f 1068/1/1142 1069/1/1143 1061/1/1135 1060/1/1134
f 1069/1/1143 1070/1/1144 1062/1/1136 1061/1/1135
f 1070/1/1144 1071/1/1145 1063/1/1137 1062/1/1136
f 1071/1/1145 1072/1/1146 1064/1/1138 1063/1/1137
f 1072/1/1146 1073/1/1147 1065/1/1139 1064/1/1138
f 1073/1/1147 1066/1/1140 1058/1/1132 1065/1/1139
f 1074/1/1148 1075/1/1149 1067/1/1141 1066/1/1140
f 1075/1/1149 1076/1/1150 1068/1/1142 1067/1/1141
f 1076/1/1150 1077/1/1151 1069/1/1143 1068/1/1142
f 1077/1/1151 1078/1/1152 1070/1/1144 1069/1/1143
f 1078/1/1153 1079/1/1154 1071/1/1145 1070/1/1144
f 1079/1/1154 1080/1/1155 1072/1/1146 1071/1/1145
f 1080/1/1155 1081/1/1156 1073/1/1147 1072/1/1146
f 1081/1/1156 1074/1/1157 1066/1/1140 1073/1/1147
f 1082/1/1158 1083/1/1159 1075/1/1149 1074/1/1148
f 1083/1/1159 1084/1/1160 1076/1/1150 1075/1/1149
f 1084/1/1160 1085/1/1161 1077/1/1151 1076/1/1150
f 1085/1/1161 1086/1/1162 1078/1/1152 1077/1/1151
f 1086/1/1162 1087/1/1163 1079/1/1154 1078/1/1153
f 1087/1/1163 1088/1/1164 1080/1/1155 1079/1/1154
f 1088/1/1164 1089/1/1165 1081/1/1156 1080/1/1155
f 1089/1/1165 1082/1/1158 1074/1/1157 1081/1/1156
f 1090/1/1166 1083/1/1159 1082/1/1158
f 1090/1/1166 1084/1/1160 1083/1/1159
f 1090/1/1166 1085/1/1161 1084/1/1160
f 1090/1/1166 1086/1/1162 1085/1/1161
f 1090/1/1166 1087/1/1163 1086/1/1162
f 1090/1/1166 1088/1/1164 1087/1/1163
f 1090/1/1166 1089/1/1165 1088/1/1164
f 1090/1/1166 1082/1/1158 1089/1/1165
f 1097/1/1167 1098/1/1168 1092/1/1169 1091/1/1170
f 1098/1/1168 1099/1/1171 1093/1/1172 1092/1/1169
f 1099/1/1171 1100/1/1173 1094/1/1174 1093/1/1172
f 1100/1/1173 1101/1/1175 1095/1/1176 1094/1/1174
f 1101/1/1175 1102/1/1177 1096/1/1178 1095/1/1176
f 1102/1/1177 1097/1/1167 1091/1/1170 1096/1/1178
f 1103/1/1179 1104/1/1180 1098/1/1168 1097/1/1167
f 1104/1/1180 1105/1/1181 1099/1/1171 1098/1/1168
f 1105/1/1181 1106/1/1182 1100/1/1173 1099/1/1171
f 1106/1/1182 1107/1/1183 1101/1/1175 1100/1/1173
f 1107/1/1183 1108/1/1184 1102/1/1177 1101/1/1175
f 1108/1/1184 1103/1/1179 1097/1/1167 1102/1/1177
f 1109/1/1185 1110/1/1186 1104/1/1180 1103/1/1179
f 1110/1/1186 1111/1/1187 1105/1/1181 1104/1/1180
f 1111/1/1187 1112/1/1188 1106/1/1182 1105/1/1181
f 1112/1/1188 1113/1/1189 1107/1/1183 1106/1/1182
f 1113/1/1189 1114/1/1190 1108/1/1184 1107/1/1183
f 1114/1/1190 1109/1/1185 1103/1/1179 1108/1/1184
f 1115/1/1191 1116/1/1192 1110/1/1186 1109/1/1185
f 1116/1/1192 1117/1/1193 1111/1/1187 1110/1/1186
f 1117/1/1193 1118/1/1194 1112/1/1188 1111/1/1187
f 1118/1/1194 1119/1/1195 1113/1/1189 1112/1/1188
f 1119/1/1195 1120/1/1196 1114/1/1190 1113/1/1189
f 1120/1/1196 1115/1/1191 1109/1/1185 1114/1/1190
f 1121/1/1197 1116/1/1192 1115/1/1191
f 1121/1/1197 1117/1/1193 1116/1/1192
f 1121/1/1197 1118/1/1194 1117/1/1193
f 1121/1/1197 1119/1/1195 1118/1/1194
f 1121/1/1197 1120/1/1196 1119/1/1195
f 1121/1/1197 1115/1/1191 1120/1/1196
f 1091/1/1198 1092/1/1198 1093/1/1198 1094/1/1198 1095/1/1198 1096/1/1198
f 1128/1/1199 1129/1/1200 1123/1/1201 1122/1/1202
f 1129/1/1200 1130/1/1203 1124/1/1204 1123/1/1201
f 1130/1/1203 1131/1/1205 1125/1/1206 1124/1/1204
f 1131/1/1205 1132/1/1207 1126/1/1208 1125/1/1206
f 1132/1/1207 1133/1/1209 1127/1/1210 1126/1/1208
f 1133/1/1209 1128/1/1199 1122/1/1202 1127/1/1210
f 1134/1/1211 1135/1/1212 1129/1/1200 1128/1/1199
f 1135/1/1212 1136/1/1213 1130/1/1203 1129/1/1200
f 1136/1/1213 1137/1/1214 1131/1/1205 1130/1/1203
f 1137/1/1214 1138/1/1215 1132/1/1207 1131/1/1205
f 1138/1/1215 1139/1/1216 1133/1/1209 1132/1/1207
f 1139/1/1216 1134/1/1211 1128/1/1199 1133/1/1209
f 1140/1/1217 1141/1/1218 1135/1/1212 1134/1/1211
f 1141/1/1218 1142/1/1219 1136/1/1213 1135/1/1212
f 1142/1/1219 1143/1/1220 1137/1/1214 1136/1/1213
f 1143/1/1220 1144/1/1221 1138/1/1215 1137/1/1214
f 1144/1/1221 1145/1/1222 1139/1/1216 1138/1/1215
f 1145/1/1222 1140/1/1217 1134/1/1211 1139/1/1216
f 1146/1/1223 1147/1/1224 1141/1/1218 1140/1/1217
f 1147/1/1224 1148/1/1225 1142/1/1219 1141/1/1218
f 1148/1/1225 1149/1/1226 1143/1/1220 1142/1/1219
f 1149/1/1226 1150/1/1227 1144/1/1221 1143/1/1220
f 1150/1/1227 1151/1/1228 1145/1/1222 1144/1/1221
f 1151/1/1228 1146/1/1223 1140/1/1217 1145/1/1222
f 1152/1/1229 1147/1/1224 1146/1/1223
f 1152/1/1229 1148/1/1225 1147/1/1224
f 1152/1/1229 1149/1/1226 1148/1/1225
f 1152/1/1229 1150/1/1227 1149/1/1226
f 1152/1/1229 1151/1/1228 1150/1/1227
f 1152/1/1229 1146/1/1223 1151/1/1228
f 1122/1/1230 1123/1/1230 1124/1/1230 1125/1/1230 1126/1/1230 1127/1/1230
f 1159/1/1231 1160/1/1232 1154/1/1233 1153/1/1234
f 1160/1/1232 1161/1/1235 1155/1/1236 1154/1/1233
f 1161/1/1235 1162/1/1237 1156/1/1238 1155/1/1236
f 1162/1/1237 1163/1/1239 1157/1/1240 1156/1/1238
f 1163/1/1239 1164/1/1241 1158/1/1242 1157/1/1240
f 1164/1/1241 1159/1/1231 1153/1/1234 1158/1/1242
f 1165/1/1243 1166/1/1244 1160/1/1232 1159/1/1231
f 1166/1/1244 1167/1/1245 1161/1/1235 1160/1/1232
f 1167/1/1245 1168/1/1246 1162/1/1237 1161/1/1235
f 1168/1/1246 1169/1/1247 1163/1/1239 1162/1/1237
f 1169/1/1247 1170/1/1248 1164/1/1241 1163/1/1239
f 1170/1/1248 1165/1/1243 1159/1/1231 1164/1/1241
f 1171/1/1249 1172/1/1250 1166/1/1244 1165/1/1243
f 1172/1/1250 1173/1/1251 1167/1/1245 1166/1/1244
f 1173/1/1251 1174/1/1252 1168/1/1246 1167/1/1245
f 1174/1/1252 1175/1/1253 1169/1/1247 1168/1/1246
f 1175/1/1253 1176/1/1254 1170/1/1248 1169/1/1247
f 1176/1/1254 1171/1/1249 1165/1/1243 1170/1/1248
f 1177/1/1255 1178/1/1256 1172/1/1250 1171/1/1249
f 1178/1/1256 1179/1/1257 1173/1/1251 1172/1/1250
f 1179/1/1257 1180/1/1258 1174/1/1252 1173/1/1251
f 1180/1/1258 1181/1/1259 1175/1/1253 1174/1/1252
f 1181/1/1259 1182/1/1260 1176/1/1254 1175/1/1253
f 1182/1/1260 1177/1/1255 1171/1/1249 1176/1/1254
f 1183/1/1261 1178/1/1256 1177/1/1255
f 1183/1/1261 1179/1/1257 1178/1/1256
f 1183/1/1261 1180/1/1258 1179/1/1257
f 1183/1/1261 1181/1/1259 1180/1/1258
f 1183/1/1261 1182/1/1260 1181/1/1259
f 1183/1/1261 1177/1/1255 1182/1/1260
f 1153/1/1262 1154/1/1262 1155/1/1262 1156/1/1262 1157/1/1262 1158/1/1262
f 1190/1/1263 1191/1/1264 1185/1/1265 1184/1/1266
f 1191/1/1264 1192/1/1267 1186/1/1268 1185/1/1265
f 1192/1/1267 1193/1/1269 1187/1/1270 1186/1/1268
f 1193/1/1269 1194/1/1271 1188/1/1272 1187/1/1270
f 1194/1/1271 1195/1/1273 1189/1/1274 1188/1/1272
f 1195/1/1273 1190/1/1263 1184/1/1266 1189/1/1274
f 1196/1/1275 1197/1/1276 1191/1/1264 1190/1/1263
f 1197/1/1276 1198/1/1277 1192/1/1267 1191/1/1264
f 1198/1/1277 1199/1/1278 1193/1/1269 1192/1/1267
f 1199/1/1278 1200/1/1279 1194/1/1271 1193/1/1269
f 1200/1/1279 1201/1/1280 1195/1/1273 1194/1/1271
f 1201/1/1280 1196/1/1275 1190/1/1263 1195/1/1273
f 1202/1/1281 1203/1/1282 1197/1/1276 1196/1/1275
f 1203/1/1282 1204/1/1283 1198/1/1277 1197/1/1276
f 1204/1/1283 1205/1/1284 1199/1/1278 1198/1/1277
f 1205/1/1284 1206/1/1285 1200/1/1279 1199/1/1278
f 1206/1/1285 1207/1/1286 1201/1/1280 1200/1/1279
f 1207/1/1286 1202/1/1281 1196/1/1275 1201/1/1280
f 1208/1/1287 1209/1/1288 1203/1/1282 1202/1/1281
f 1209/1/1288 1210/1/1289 1204/1/1283 1203/1/1282
f 1210/1/1289 1211/1/1290 1205/1/1284 1204/1/1283
f 1211/1/1290 1212/1/1291 1206/1/1285 1205/1/1284
f 1212/1/1291 1213/1/1292 1207/1/1286 1206/1/1285
f 1213/1/1292 1208/1/1287 1202/1/1281 1207/1/1286
f 1214/1/1293 1209/1/1288 1208/1/1287
f 1214/1/1293 1210/1/1289 1209/1/1288
f 1214/1/1293 1211/1/1290 1210/1/1289
f 1214/1/1293 1212/1/1291 1211/1/1290
f 1214/1/1293 1213/1/1292 1212/1/1291
f 1214/1/1293 1208/1/1287 1213/1/1292
f 1184/1/1294 1185/1/1294 1186/1/1294 1187/1/1294 1188/1/1294 1189/1/1294
f 1221/1/1295 1222/1/1296 1216/1/1297 1215/1/1298
f 1222/1/1296 1223/1/1299 1217/1/1300 1216/1/1297
f 1223/1/1299 1224/1/1301 1218/1/1302 1217/1/1300
f 1224/1/1301 1225/1/1303 1219/1/1304 1218/1/1302
f 1225/1/1303 1226/1/1305 1220/1/1306 1219/1/1304
f 1226/1/1305 1221/1/1295 1215/1/1298 1220/1/1306
f 1227/1/1307 1228/1/1308 1222/1/1296 1221/1/1295
f 1228/1/1308 1229/1/1309 1223/1/1299 1222/1/1296
f 1229/1/1309 1230/1/1310 1224/1/1301 1223/1/1299
f 1230/1/1310 1231/1/1311 1225/1/1303 1224/1/1301
f 1231/1/1311 1232/1/1312 1226/1/1305 1225/1/1303
f 1232/1/1312 1227/1/1307 1221/1/1295 1226/1/1305
f 1233/1/1313 1234/1/1314 1228/1/1308 1227/1/1307
f 1234/1/1314 1235/1/1315 1229/1/1309 1228/1/1308
f 1235/1/1315 1236/1/1316 1230/1/1310 1229/1/1309
f 1236/1/1316 1237/1/1317 1231/1/1311 1230/1/1310
f 1237/1/1317 1238/1/1318 1232/1/1312 1231/1/1311
f 1238/1/1318 1233/1/1313 1227/1/1307 1232/1/1312
f 1239/1/1319 1240/1/1320 1234/1/1314 1233/1/1313
f 1240/1/1320 1241/1/1321 1235/1/1315 1234/1/1314
f 1241/1/1321 1242/1/1322 1236/1/1316 1235/1/1315
f 1242/1/1322 1243/1/1323 1237/1/1317 1236/1/1316
f 1243/1/1323 1244/1/1324 1238/1/1318 1237/1/1317
f 1244/1/1324 1239/1/1319 1233/1/1313 1238/1/1318
f 1245/1/1325 1240/1/1320 1239/1/1319
f 1245/1/1325 1241/1/1321 1240/1/1320
f 1245/1/1325 1242/1/1322 1241/1/1321
f 1245/1/1325 1243/1/1323 1242/1/1322
f 1245/1/1325 1244/1/1324 1243/1/1323
f 1245/1/1325 1239/1/1319 1244/1/1324
f 1215/1/1326 1216/1/1326 1217/1/1326 1218/1/1326 1219/1/1326 1220/1/1326
f 1514/1/1603 1515/1/1604 1513/1/1605
f 1515/1/1604 1516/1/1606 1513/1/1605
f 1516/1/1606 1517/1/1607 1513/1/1605
f 1517/1/1607 1518/1/1608 1513/1/1605
f 1518/1/1608 1519/1/1609 1513/1/1605
f 1519/1/1609 1514/1/1603 1513/1/1605
f 1520/1/1610 1521/1/1611 1515/1/1604 1514/1/1603
f 1521/1/1611 1522/1/1612 1516/1/1606 1515/1/1604
f 1522/1/1612 1523/1/1613 1517/1/1607 1516/1/1606
f 1523/1/1614 1524/1/1615 1518/1/1608 1517/1/1607
f 1524/1/1615 1525/1/1616 1519/1/1609 1518/1/1608
f 1525/1/1616 1520/1/1617 1514/1/1603 1519/1/1609
f 1526/1/1618 1527/1/1619 1521/1/1611 1520/1/1610
f 1527/1/1619 1528/1/1620 1522/1/1612 1521/1/1611
f 1528/1/1620 1529/1/1621 1523/1/1613 1522/1/1612
f 1529/1/1622 1530/1/1623 1524/1/1615 1523/1/1614
f 1530/1/1623 1531/1/1624 1525/1/1616 1524/1/1615
f 1531/1/1624 1526/1/1625 1520/1/1617 1525/1/1616
f 1532/1/1626 1533/1/1627 1527/1/1619 1526/1/1618
f 1533/1/1627 1534/1/1628 1528/1/1620 1527/1/1619
f 1534/1/1628 1535/1/1629 1529/1/1621 1528/1/1620
f 1535/1/1629 1536/1/1630 1530/1/1623 1529/1/1622
f 1536/1/1630 1537/1/1631 1531/1/1624 1530/1/1623
f 1537/1/1631 1532/1/1626 1526/1/1625 1531/1/1624
f 1538/1/1632 1533/1/1627 1532/1/1626
f 1538/1/1632 1534/1/1628 1533/1/1627
f 1538/1/1632 1535/1/1629 1534/1/1628
f 1538/1/1632 1536/1/1630 1535/1/1629
f 1538/1/1632 1537/1/1631 1536/1/1630
f 1538/1/1632 1532/1/1626 1537/1/1631
usemtl Skin_Face
f 117/2/135 118/3/136 127/4/137 126/5/138
f 118/3/136 119/6/128 128/7/139 127/4/137
f 126/5/138 127/4/137 136/8/146 135/9/147
f 127/4/137 128/7/139 137/10/148 136/8/146
f 128/7/139 129/11/140 138/12/149 137/10/148
f 135/9/147 136/8/146 145/13/155 144/14/156
f 136/8/146 137/10/148 146/15/157 145/13/155
f 137/10/148 138/12/149 147/16/158 146/15/157
f 144/14/156 145/13/155 154/17/164 153/18/165
f 145/13/155 146/15/157 155/19/166 154/17/164
f 146/15/157 147/16/158 156/20/167 155/19/166
f 153/18/165 154/17/164 163/21/173 162/22/174
f 154/17/164 155/19/166 164/23/175 163/21/173
f 155/19/166 156/20/167 165/24/176 164/23/175
f 162/22/174 163/21/173 172/25/182 171/26/183
f 163/21/173 164/23/175 173/27/184 172/25/182
f 164/23/175 165/24/176 174/28/185 173/27/184
f 171/26/183 172/25/182 181/29/191 180/30/192
f 172/25/182 173/27/184 182/31/193 181/29/191
f 173/27/184 174/28/185 183/32/194 182/31/193
f 180/30/192 181/29/191 190/33/200 189/34/201
f 181/29/191 182/31/193 191/35/202 190/33/200
f 182/31/193 183/32/194 192/36/203 191/35/202
f 189/34/201 190/33/200 199/37/209 198/38/210
f 190/33/200 191/35/202 200/39/211 199/37/209
f 191/35/202 192/36/203 201/40/212 200/39/211
f 126/5/138 893/41/949 886/42/950 117/2/135
f 893/41/949 894/43/951 887/44/943 886/42/950
f 135/9/147 900/45/957 893/41/949 126/5/138
f 900/45/957 901/46/958 894/43/951 893/41/949
f 901/46/958 902/47/959 895/48/952 894/43/951
f 144/14/156 907/49/964 900/45/957 135/9/147
f 907/49/964 908/50/965 901/46/958 900/45/957
f 908/50/965 909/51/966 902/47/959 901/46/958
f 153/18/165 914/52/971 907/49/964 144/14/156
f 914/52/971 915/53/972 908/50/965 907/49/964
f 915/53/972 916/54/973 909/51/966 908/50/965
f 162/22/174 921/55/978 914/52/971 153/18/165
f 921/55/978 922/56/979 915/53/972 914/52/971
f 922/56/979 923/57/980 916/54/973 915/53/972
f 171/26/183 928/58/985 921/55/978 162/22/174
f 928/58/985 929/59/986 922/56/979 921/55/978
f 929/59/986 930/60/987 923/57/980 922/56/979
f 180/30/192 935/61/992 928/58/985 171/26/183
f 935/61/992 936/62/993 929/59/986 928/58/985
f 936/62/993 937/63/994 930/60/987 929/59/986
f 189/34/201 942/64/999 935/61/992 180/30/192
f 942/64/999 943/65/1000 936/62/993 935/61/992
f 943/65/1000 944/66/1001 937/63/994 936/62/993
f 198/38/210 949/67/1006 942/64/999 189/34/201
f 949/67/1006 950/68/1007 943/65/1000 942/64/999
f 950/68/1007 951/69/1008 944/66/1001 943/65/1000
usemtl Shirt
f 10/1/4 11/1/3 20/1/19 19/1/20
f 11/1/3 12/1/6 21/1/21 20/1/19
f 12/1/6 13/1/8 22/1/22 21/1/21
f 13/1/8 14/1/10 23/1/23 22/1/22
f 14/1/10 15/1/12 24/1/24 23/1/23
f 15/1/12 16/1/14 25/1/25 24/1/24
f 16/1/14 17/1/16 26/1/26 25/1/25
f 17/1/16 18/1/18 27/1/27 26/1/26
f 19/1/20 20/1/19 29/1/28 28/1/29
f 20/1/19 21/1/21 30/1/30 29/1/28
f 21/1/21 22/1/22 31/1/31 30/1/30
f 22/1/22 23/1/23 32/1/32 31/1/31
f 23/1/23 24/1/24 33/1/33 32/1/32
f 24/1/24 25/1/25 34/1/34 33/1/33
f 25/1/25 26/1/26 35/1/35 34/1/34
f 26/1/26 27/1/27 36/1/36 35/1/35
f 28/1/29 29/1/28 38/1/37 37/1/38
f 29/1/28 30/1/30 39/1/39 38/1/37
f 30/1/30 31/1/31 40/1/40 39/1/39
f 31/1/31 32/1/32 41/1/41 40/1/40
f 32/1/32 33/1/33 42/1/42 41/1/41
f 33/1/33 34/1/34 43/1/43 42/1/42
f 34/1/34 35/1/35 44/1/44 43/1/43
f 35/1/35 36/1/36 45/1/45 44/1/44
f 37/1/38 38/1/37 47/1/46 46/1/47
f 38/1/37 39/1/39 48/1/48 47/1/46
f 39/1/39 40/1/40 49/1/49 48/1/48
f 40/1/40 41/1/41 50/1/50 49/1/49
f 41/1/41 42/1/42 51/1/51 50/1/50
f 42/1/42 43/1/43 52/1/52 51/1/51
f 43/1/43 44/1/44 53/1/53 52/1/52
f 44/1/44 45/1/45 54/1/54 53/1/53
f 46/1/47 47/1/46 56/1/55 55/1/56
f 47/1/46 48/1/48 57/1/57 56/1/55
f 48/1/48 49/1/49 58/1/58 57/1/57
f 49/1/49 50/1/50 59/1/59 58/1/58
f 50/1/50 51/1/51 60/1/60 59/1/59
f 51/1/51 52/1/52 61/1/61 60/1/60
f 52/1/52 53/1/53 62/1/62 61/1/61
f 53/1/53 54/1/54 63/1/63 62/1/62
f 55/1/56 56/1/55 65/1/64 64/1/65
f 56/1/55 57/1/57 66/1/66 65/1/64
f 57/1/57 58/1/58 67/1/67 66/1/66
f 58/1/58 59/1/59 68/1/68 67/1/67
f 59/1/59 60/1/60 69/1/69 68/1/68
f 60/1/60 61/1/61 70/1/70 69/1/69
f 61/1/61 62/1/62 71/1/71 70/1/70
f 62/1/62 63/1/63 72/1/72 71/1/71
f 64/1/65 65/1/64 74/1/73 73/1/74
f 65/1/64 66/1/66 75/1/75 74/1/73
f 66/1/66 67/1/67 76/1/76 75/1/75
f 69/1/69 70/1/70 78/1/77 77/1/78
f 70/1/70 71/1/71 79/1/79 78/1/77
f 71/1/71 72/1/72 80/1/80 79/1/79
f 73/1/74 74/1/73 82/1/81 81/1/82
f 74/1/73 75/1/75 83/1/83 82/1/81
f 75/1/75 76/1/76 84/1/84 83/1/83
f 77/1/78 78/1/77 87/1/85 86/1/86
f 78/1/77 79/1/79 88/1/87 87/1/85
f 79/1/79 80/1/80 89/1/88 88/1/87
f 81/1/82 82/1/81 91/1/89 90/1/90
f 82/1/81 83/1/83 92/1/91 91/1/89
f 83/1/83 84/1/84 93/1/92 92/1/91
f 84/1/84 85/1/93 94/1/94 93/1/92
f 85/1/93 86/1/86 95/1/95 94/1/94
f 86/1/86 87/1/85 96/1/96 95/1/95
f 87/1/85 88/1/87 97/1/97 96/1/96
f 88/1/87 89/1/88 98/1/98 97/1/97
f 90/1/90 91/1/89 100/1/99 99/1/100
f 91/1/89 92/1/91 101/1/101 100/1/99
f 92/1/91 93/1/92 102/1/102 101/1/101
f 93/1/92 94/1/94 103/1/103 102/1/102
f 94/1/94 95/1/95 104/1/104 103/1/103
f 95/1/95 96/1/96 105/1/105 104/1/104
f 96/1/96 97/1/97 106/1/106 105/1/105
f 97/1/97 98/1/107 107/1/107 106/1/106
f 77/1/78 86/1/86 227/1/237 226/1/238
f 86/1/86 85/1/93 228/1/239 227/1/237
f 85/1/93 84/1/84 229/1/240 228/1/239
f 84/1/84 76/1/76 230/1/241 229/1/240
f 76/1/76 67/1/67 231/1/242 230/1/241
f 67/1/67 68/1/243 232/1/244 231/1/242
f 68/1/243 69/1/69 233/1/245 232/1/244
f 69/1/69 77/1/78 226/1/238 233/1/245
f 226/1/238 227/1/237 235/1/246 234/1/247
f 227/1/237 228/1/239 236/1/248 235/1/246
f 228/1/239 229/1/240 237/1/249 236/1/248
f 229/1/240 230/1/241 238/1/250 237/1/249
f 230/1/241 231/1/242 239/1/251 238/1/250
f 231/1/242 232/1/244 240/1/252 239/1/251
f 232/1/244 233/1/245 241/1/253 240/1/252
f 233/1/245 226/1/238 234/1/247 241/1/253
f 234/1/247 235/1/246 243/1/254 242/1/255
f 235/1/246 236/1/248 244/1/256 243/1/254
f 236/1/248 237/1/249 245/1/257 244/1/256
f 237/1/249 238/1/250 246/1/258 245/1/257
f 238/1/250 239/1/251 247/1/259 246/1/258
f 239/1/251 240/1/252 248/1/260 247/1/259
f 240/1/252 241/1/253 249/1/261 248/1/260
f 241/1/253 234/1/247 242/1/255 249/1/261
f 242/1/262 243/1/263 251/1/264 250/1/265
f 243/1/263 244/1/266 252/1/267 251/1/264
f 244/1/266 245/1/268 253/1/269 252/1/267
f 245/1/268 246/1/270 254/1/271 253/1/269
f 246/1/270 247/1/272 255/1/273 254/1/271
f 247/1/272 248/1/274 256/1/275 255/1/273
f 248/1/274 249/1/276 257/1/277 256/1/275
f 249/1/276 242/1/262 250/1/265 257/1/277
f 19/1/20 810/1/859 803/1/845 10/1/4
f 810/1/859 811/1/860 804/1/847 803/1/845
f 811/1/860 812/1/861 805/1/849 804/1/847
f 812/1/861 813/1/862 806/1/851 805/1/849
f 813/1/862 814/1/863 807/1/853 806/1/851
f 814/1/863 815/1/864 808/1/855 807/1/853
f 815/1/864 816/1/865 809/1/857 808/1/855
f 816/1/865 27/1/27 18/1/18 809/1/857
f 28/1/29 817/1/866 810/1/859 19/1/20
f 817/1/866 818/1/867 811/1/860 810/1/859
f 818/1/867 819/1/868 812/1/861 811/1/860
f 819/1/868 820/1/869 813/1/862 812/1/861
f 820/1/869 821/1/870 814/1/863 813/1/862
f 821/1/870 822/1/871 815/1/864 814/1/863
f 822/1/871 823/1/872 816/1/865 815/1/864
f 823/1/872 36/1/36 27/1/27 816/1/865
f 37/1/38 824/1/873 817/1/866 28/1/29
f 824/1/873 825/1/874 818/1/867 817/1/866
f 825/1/874 826/1/875 819/1/868 818/1/867
f 826/1/875 827/1/876 820/1/869 819/1/868
f 827/1/876 828/1/877 821/1/870 820/1/869
f 828/1/877 829/1/878 822/1/871 821/1/870
f 829/1/878 830/1/879 823/1/872 822/1/871
f 830/1/879 45/1/45 36/1/36 823/1/872
f 46/1/47 831/1/880 824/1/873 37/1/38
f 831/1/880 832/1/881 825/1/874 824/1/873
f 832/1/881 833/1/882 826/1/875 825/1/874
f 833/1/882 834/1/883 827/1/876 826/1/875
f 834/1/883 835/1/884 828/1/877 827/1/876
f 835/1/884 836/1/885 829/1/878 828/1/877
f 836/1/885 837/1/886 830/1/879 829/1/878
f 837/1/886 54/1/54 45/1/45 830/1/879
f 55/1/56 838/1/887 831/1/880 46/1/47
f 838/1/887 839/1/888 832/1/881 831/1/880
f 839/1/888 840/1/889 833/1/882 832/1/881
f 840/1/889 841/1/890 834/1/883 833/1/882
f 841/1/890 842/1/891 835/1/884 834/1/883
f 842/1/891 843/1/892 836/1/885 835/1/884
f 843/1/892 844/1/893 837/1/886 836/1/885
f 844/1/893 63/1/63 54/1/54 837/1/886
f 64/1/65 845/1/894 838/1/887 55/1/56
f 845/1/894 846/1/895 839/1/888 838/1/887
f 846/1/895 847/1/896 840/1/889 839/1/888
f 847/1/896 848/1/897 841/1/890 840/1/889
f 848/1/897 849/1/898 842/1/891 841/1/890
f 849/1/898 850/1/899 843/1/892 842/1/891
f 850/1/899 851/1/900 844/1/893 843/1/892
f 851/1/900 72/1/72 63/1/63 844/1/893
f 73/1/74 852/1/901 845/1/894 64/1/65
f 852/1/901 853/1/902 846/1/895 845/1/894
f 853/1/902 854/1/903 847/1/896 846/1/895
f 855/1/904 856/1/905 850/1/899 849/1/898
f 856/1/905 857/1/906 851/1/900 850/1/899
f 857/1/906 80/1/80 72/1/72 851/1/900
f 81/1/82 858/1/907 852/1/901 73/1/74
f 858/1/907 859/1/908 853/1/902 852/1/901
f 859/1/908 860/1/909 854/1/903 853/1/902
f 862/1/910 863/1/911 856/1/905 855/1/904
f 863/1/911 864/1/912 857/1/906 856/1/905
f 864/1/912 89/1/88 80/1/80 857/1/906
f 90/1/90 865/1/913 858/1/907 81/1/82
f 865/1/913 866/1/914 859/1/908 858/1/907
f 866/1/914 867/1/915 860/1/909 859/1/908
f 867/1/915 868/1/916 861/1/917 860/1/909
f 868/1/916 869/1/918 862/1/910 861/1/917
f 869/1/918 870/1/919 863/1/911 862/1/910
f 870/1/919 871/1/920 864/1/912 863/1/911
f 871/1/920 98/1/98 89/1/88 864/1/912
f 99/1/100 872/1/921 865/1/913 90/1/90
f 872/1/921 873/1/922 866/1/914 865/1/913
f 873/1/922 874/1/923 867/1/915 866/1/914
f 874/1/923 875/1/924 868/1/916 867/1/915
f 875/1/924 876/1/925 869/1/918 868/1/916
f 876/1/925 877/1/926 870/1/919 869/1/918
f 877/1/926 878/1/927 871/1/920 870/1/919
f 878/1/927 107/1/107 98/1/107 871/1/920
f 970/1/1027 971/1/1028 862/1/910 855/1/904
f 971/1/1028 972/1/1029 861/1/917 862/1/910
f 972/1/1029 973/1/1030 860/1/909 861/1/917
f 973/1/1030 974/1/1031 854/1/903 860/1/909
f 974/1/1031 975/1/1032 847/1/896 854/1/903
f 975/1/1032 976/1/1033 848/1/1034 847/1/896
f 976/1/1033 977/1/1035 849/1/898 848/1/1034
f 977/1/1035 970/1/1027 855/1/904 849/1/898
f 978/1/1036 979/1/1037 971/1/1028 970/1/1027
f 979/1/1037 980/1/1038 972/1/1029 971/1/1028
f 980/1/1038 981/1/1039 973/1/1030 972/1/1029
f 981/1/1039 982/1/1040 974/1/1031 973/1/1030
f 982/1/1040 983/1/1041 975/1/1032 974/1/1031
f 983/1/1041 984/1/1042 976/1/1033 975/1/1032
f 984/1/1042 985/1/1043 977/1/1035 976/1/1033
f 985/1/1043 978/1/1036 970/1/1027 977/1/1035
f 986/1/1044 987/1/1045 979/1/1037 978/1/1036
f 987/1/1045 988/1/1046 980/1/1038 979/1/1037
f 988/1/1046 989/1/1047 981/1/1039 980/1/1038
f 989/1/1047 990/1/1048 982/1/1040 981/1/1039
f 990/1/1048 991/1/1049 983/1/1041 982/1/1040
f 991/1/1049 992/1/1050 984/1/1042 983/1/1041
f 992/1/1050 993/1/1051 985/1/1043 984/1/1042
f 993/1/1051 986/1/1044 978/1/1036 985/1/1043
f 994/1/1052 995/1/1053 987/1/1054 986/1/1055
f 995/1/1053 996/1/1056 988/1/1057 987/1/1054
f 996/1/1056 997/1/1058 989/1/1059 988/1/1057
f 997/1/1058 998/1/1060 990/1/1061 989/1/1059
f 998/1/1060 999/1/1062 991/1/1063 990/1/1061
f 999/1/1062 1000/1/1064 992/1/1065 991/1/1063
f 1000/1/1064 1001/1/1066 993/1/1067 992/1/1065
f 1001/1/1066 994/1/1052 986/1/1055 993/1/1067
usemtl Jeans
f 1/1/1 2/1/2 11/1/3 10/1/4
f 2/1/2 3/1/5 12/1/6 11/1/3
f 3/1/5 4/1/7 13/1/8 12/1/6
f 4/1/7 5/1/9 14/1/10 13/1/8
f 5/1/9 6/1/11 15/1/12 14/1/10
f 6/1/11 7/1/13 16/1/14 15/1/12
f 7/1/13 8/1/15 17/1/16 16/1/14
f 8/1/15 9/1/17 18/1/18 17/1/16
f 584/1/619 585/1/628 595/1/629 594/1/630
f 585/1/628 586/1/631 596/1/632 595/1/629
f 586/1/631 587/1/633 597/1/634 596/1/632
f 587/1/633 588/1/635 598/1/636 597/1/634
f 588/1/635 589/1/623 599/1/637 598/1/636
f 589/1/623 590/1/624 600/1/638 599/1/637
f 590/1/624 591/1/639 601/1/640 600/1/638
f 591/1/639 592/1/641 602/1/642 601/1/640
f 592/1/641 593/1/627 603/1/643 602/1/642
f 593/1/627 584/1/619 594/1/630 603/1/643
f 594/1/630 595/1/644 605/1/645 604/1/646
f 595/1/644 596/1/647 606/1/648 605/1/645
f 596/1/647 597/1/649 607/1/650 606/1/648
f 597/1/649 598/1/651 608/1/652 607/1/650
f 598/1/651 599/1/637 609/1/653 608/1/652
f 599/1/637 600/1/638 610/1/654 609/1/653
f 600/1/638 601/1/640 611/1/655 610/1/654
f 601/1/640 602/1/642 612/1/656 611/1/655
f 602/1/642 603/1/643 613/1/657 612/1/656
f 603/1/643 594/1/630 604/1/646 613/1/657
f 604/1/646 605/1/645 615/1/658 614/1/659
f 605/1/645 606/1/648 616/1/660 615/1/658
f 606/1/648 607/1/650 617/1/661 616/1/660
f 607/1/650 608/1/652 618/1/662 617/1/661
f 608/1/652 609/1/653 619/1/663 618/1/662
f 609/1/653 610/1/654 620/1/664 619/1/663
f 610/1/654 611/1/655 621/1/665 620/1/664
f 611/1/655 612/1/656 622/1/666 621/1/665
f 612/1/656 613/1/657 623/1/667 622/1/666
f 613/1/657 604/1/646 614/1/659 623/1/667
f 614/1/659 615/1/658 625/1/668 624/1/669
f 615/1/658 616/1/660 626/1/670 625/1/668
f 616/1/660 617/1/661 627/1/671 626/1/670
f 617/1/661 618/1/662 628/1/672 627/1/671
f 618/1/662 619/1/663 629/1/673 628/1/672
f 619/1/663 620/1/664 630/1/674 629/1/673
f 620/1/664 621/1/665 631/1/675 630/1/674
f 621/1/665 622/1/666 632/1/676 631/1/675
f 622/1/666 623/1/667 633/1/677 632/1/676
f 623/1/667 614/1/659 624/1/669 633/1/677
f 624/1/669 625/1/668 635/1/678 634/1/679
f 625/1/668 626/1/670 636/1/680 635/1/678
f 626/1/670 627/1/671 637/1/681 636/1/680
f 627/1/671 628/1/672 638/1/682 637/1/681
f 628/1/672 629/1/673 639/1/683 638/1/682
f 629/1/673 630/1/674 640/1/684 639/1/683
f 630/1/674 631/1/675 641/1/685 640/1/684
f 631/1/675 632/1/676 642/1/686 641/1/685
f 632/1/676 633/1/677 643/1/687 642/1/686
f 633/1/677 624/1/669 634/1/679 643/1/687
f 634/1/679 635/1/678 645/1/688 644/1/689
f 635/1/678 636/1/680 646/1/690 645/1/688
f 636/1/680 637/1/681 647/1/691 646/1/690
f 637/1/681 638/1/682 648/1/692 647/1/691
f 638/1/682 639/1/683 649/1/693 648/1/692
f 639/1/683 640/1/684 650/1/694 649/1/693
f 640/1/684 641/1/685 651/1/695 650/1/694
f 641/1/685 642/1/686 652/1/696 651/1/695
f 642/1/686 643/1/687 653/1/697 652/1/696
f 643/1/687 634/1/679 644/1/689 653/1/697
f 644/1/689 645/1/688 655/1/698 654/1/699
f 645/1/688 646/1/690 656/1/700 655/1/698
f 646/1/690 647/1/691 657/1/701 656/1/700
f 647/1/691 648/1/692 658/1/702 657/1/701
f 648/1/692 649/1/693 659/1/703 658/1/702
f 649/1/693 650/1/694 660/1/704 659/1/703
f 650/1/694 651/1/695 661/1/705 660/1/704
f 651/1/695 652/1/696 662/1/706 661/1/705
f 652/1/696 653/1/697 663/1/707 662/1/706
f 653/1/697 644/1/689 654/1/699 663/1/707
f 654/1/699 655/1/698 665/1/708 664/1/709
f 655/1/698 656/1/700 666/1/710 665/1/708
f 656/1/700 657/1/701 667/1/711 666/1/710
f 657/1/701 658/1/702 668/1/712 667/1/711
f 658/1/702 659/1/703 669/1/713 668/1/712
f 659/1/703 660/1/704 670/1/714 669/1/713
f 660/1/704 661/1/705 671/1/715 670/1/714
f 661/1/705 662/1/706 672/1/716 671/1/715
f 662/1/706 663/1/707 673/1/717 672/1/716
f 663/1/707 654/1/699 664/1/709 673/1/717
f 664/1/709 665/1/708 675/1/718 674/1/719
f 665/1/708 666/1/710 676/1/720 675/1/718
f 666/1/710 667/1/711 677/1/721 676/1/720
f 667/1/711 668/1/712 678/1/722 677/1/721
f 668/1/712 669/1/713 679/1/723 678/1/722
f 669/1/713 670/1/714 680/1/724 679/1/723
f 670/1/714 671/1/715 681/1/725 680/1/724
f 671/1/715 672/1/716 682/1/726 681/1/725
f 672/1/716 673/1/717 683/1/727 682/1/726
f 673/1/717 664/1/709 674/1/719 683/1/727
f 674/1/719 675/1/718 6/1/11 5/1/9
f 675/1/718 676/1/720 7/1/13 6/1/11
f 676/1/720 677/1/721 8/1/15 7/1/13
f 677/1/721 678/1/722 9/1/17 8/1/15
f 678/1/722 679/1/723 502/1/728 9/1/17
f 679/1/723 680/1/724 1/1/1 502/1/728
f 680/1/724 681/1/725 2/1/2 1/1/1
f 681/1/725 682/1/726 3/1/5 2/1/2
f 682/1/726 683/1/727 4/1/7 3/1/5
f 683/1/727 674/1/719 5/1/9 4/1/7
f 10/1/4 803/1/845 796/1/846 1/1/1
f 803/1/845 804/1/847 797/1/848 796/1/846
f 804/1/847 805/1/849 798/1/850 797/1/848
f 805/1/849 806/1/851 799/1/852 798/1/850
f 806/1/851 807/1/853 800/1/854 799/1/852
f 807/1/853 808/1/855 801/1/856 800/1/854
f 808/1/855 809/1/857 802/1/858 801/1/856
f 809/1/857 18/1/18 9/1/17 802/1/858
f 1337/1/1418 1338/1/1419 1328/1/1420 1327/1/1408
f 1338/1/1419 1339/1/1421 1329/1/1422 1328/1/1420
f 1339/1/1421 1340/1/1423 1330/1/1424 1329/1/1422
f 1340/1/1423 1341/1/1425 1331/1/1426 1330/1/1424
f 1341/1/1425 1342/1/1427 1332/1/1413 1331/1/1426
f 1342/1/1427 1343/1/1428 1333/1/1414 1332/1/1413
f 1343/1/1428 1344/1/1429 1334/1/1430 1333/1/1414
f 1344/1/1429 1345/1/1431 1335/1/1432 1334/1/1430
f 1345/1/1431 1346/1/1433 1336/1/1417 1335/1/1432
f 1346/1/1433 1337/1/1418 1327/1/1408 1336/1/1417
f 1347/1/1434 1348/1/1435 1338/1/1436 1337/1/1418
f 1348/1/1435 1349/1/1437 1339/1/1438 1338/1/1436
f 1349/1/1437 1350/1/1439 1340/1/1440 1339/1/1438
f 1350/1/1439 1351/1/1441 1341/1/1442 1340/1/1440
f 1351/1/1441 1352/1/1443 1342/1/1427 1341/1/1442
f 1352/1/1443 1353/1/1444 1343/1/1428 1342/1/1427
f 1353/1/1444 1354/1/1445 1344/1/1429 1343/1/1428
f 1354/1/1445 1355/1/1446 1345/1/1431 1344/1/1429
f 1355/1/1446 1356/1/1447 1346/1/1433 1345/1/1431
f 1356/1/1447 1347/1/1434 1337/1/1418 1346/1/1433
f 1357/1/1448 1358/1/1449 1348/1/1435 1347/1/1434
f 1358/1/1449 1359/1/1450 1349/1/1437 1348/1/1435
f 1359/1/1450 1360/1/1451 1350/1/1439 1349/1/1437
f 1360/1/1451 1361/1/1452 1351/1/1441 1350/1/1439
f 1361/1/1452 1362/1/1453 1352/1/1443 1351/1/1441
f 1362/1/1453 1363/1/1454 1353/1/1444 1352/1/1443
f 1363/1/1454 1364/1/1455 1354/1/1445 1353/1/1444
f 1364/1/1455 1365/1/1456 1355/1/1446 1354/1/1445
f 1365/1/1456 1366/1/1457 1356/1/1447 1355/1/1446
f 1366/1/1457 1357/1/1448 1347/1/1434 1356/1/1447
f 1367/1/1458 1368/1/1459 1358/1/1449 1357/1/1448
f 1368/1/1459 1369/1/1460 1359/1/1450 1358/1/1449
f 1369/1/1460 1370/1/1461 1360/1/1451 1359/1/1450
f 1370/1/1461 1371/1/1462 1361/1/1452 1360/1/1451
f 1371/1/1462 1372/1/1463 1362/1/1453 1361/1/1452
f 1372/1/1463 1373/1/1464 1363/1/1454 1362/1/1453
f 1373/1/1464 1374/1/1465 1364/1/1455 1363/1/1454
f 1374/1/1465 1375/1/1466 1365/1/1456 1364/1/1455
f 1375/1/1466 1376/1/1467 1366/1/1457 1365/1/1456
f 1376/1/1467 1367/1/1458 1357/1/1448 1366/1/1457
f 1377/1/1468 1378/1/1469 1368/1/1459 1367/1/1458
f 1378/1/1469 1379/1/1470 1369/1/1460 1368/1/1459
f 1379/1/1470 1380/1/1471 1370/1/1461 1369/1/1460
f 1380/1/1471 1381/1/1472 1371/1/1462 1370/1/1461
f 1381/1/1472 1382/1/1473 1372/1/1463 1371/1/1462
f 1382/1/1473 1383/1/1474 1373/1/1464 1372/1/1463
f 1383/1/1474 1384/1/1475 1374/1/1465 1373/1/1464
f 1384/1/1475 1385/1/1476 1375/1/1466 1374/1/1465
f 1385/1/1476 1386/1/1477 1376/1/1467 1375/1/1466
f 1386/1/1477 1377/1/1468 1367/1/1458 1376/1/1467
f 1387/1/1478 1388/1/1479 1378/1/1469 1377/1/1468
f 1388/1/1479 1389/1/1480 1379/1/1470 1378/1/1469
f 1389/1/1480 1390/1/1481 1380/1/1471 1379/1/1470
f 1390/1/1481 1391/1/1482 1381/1/1472 1380/1/1471
f 1391/1/1482 1392/1/1483 1382/1/1473 1381/1/1472
f 1392/1/1483 1393/1/1484 1383/1/1474 1382/1/1473
f 1393/1/1484 1394/1/1485 1384/1/1475 1383/1/1474
f 1394/1/1485 1395/1/1486 1385/1/1476 1384/1/1475
f 1395/1/1486 1396/1/1487 1386/1/1477 1385/1/1476
f 1396/1/1487 1387/1/1478 1377/1/1468 1386/1/1477
f 1397/1/1488 1398/1/1489 1388/1/1479 1387/1/1478
f 1398/1/1489 1399/1/1490 1389/1/1480 1388/1/1479
f 1399/1/1490 1400/1/1491 1390/1/1481 1389/1/1480
f 1400/1/1491 1401/1/1492 1391/1/1482 1390/1/1481
f 1401/1/1492 1402/1/1493 1392/1/1483 1391/1/1482
f 1402/1/1493 1403/1/1494 1393/1/1484 1392/1/1483
f 1403/1/1494 1404/1/1495 1394/1/1485 1393/1/1484
f 1404/1/1495 1405/1/1496 1395/1/1486 1394/1/1485
f 1405/1/1496 1406/1/1497 1396/1/1487 1395/1/1486
f 1406/1/1497 1397/1/1488 1387/1/1478 1396/1/1487
f 1407/1/1498 1408/1/1499 1398/1/1489 1397/1/1488
f 1408/1/1499 1409/1/1500 1399/1/1490 1398/1/1489
f 1409/1/1500 1410/1/1501 1400/1/1491 1399/1/1490
f 1410/1/1501 1411/1/1502 1401/1/1492 1400/1/1491
f 1411/1/1502 1412/1/1503 1402/1/1493 1401/1/1492
f 1412/1/1503 1413/1/1504 1403/1/1494 1402/1/1493
f 1413/1/1504 1414/1/1505 1404/1/1495 1403/1/1494
f 1414/1/1505 1415/1/1506 1405/1/1496 1404/1/1495
f 1415/1/1506 1416/1/1507 1406/1/1497 1405/1/1496
f 1416/1/1507 1407/1/1498 1397/1/1488 1406/1/1497
f 1417/1/1508 1418/1/1509 1408/1/1499 1407/1/1498
f 1418/1/1509 1419/1/1510 1409/1/1500 1408/1/1499
f 1419/1/1510 1420/1/1511 1410/1/1501 1409/1/1500
f 1420/1/1511 1421/1/1512 1411/1/1502 1410/1/1501
f 1421/1/1512 1422/1/1513 1412/1/1503 1411/1/1502
f 1422/1/1513 1423/1/1514 1413/1/1504 1412/1/1503
f 1423/1/1514 1424/1/1515 1414/1/1505 1413/1/1504
f 1424/1/1515 1425/1/1516 1415/1/1506 1414/1/1505
f 1425/1/1516 1426/1/1517 1416/1/1507 1415/1/1506
f 1426/1/1517 1417/1/1508 1407/1/1498 1416/1/1507
f 799/1/852 800/1/854 1418/1/1509 1417/1/1508
f 800/1/854 801/1/856 1419/1/1510 1418/1/1509
f 801/1/856 802/1/858 1420/1/1511 1419/1/1510
f 802/1/858 9/1/17 1421/1/1512 1420/1/1511
f 9/1/17 502/1/1518 1422/1/1513 1421/1/1512
f 502/1/1518 1/1/1 1423/1/1514 1422/1/1513
f 1/1/1 796/1/846 1424/1/1515 1423/1/1514
f 796/1/846 797/1/848 1425/1/1516 1424/1/1515
f 797/1/848 798/1/850 1426/1/1517 1425/1/1516
f 798/1/850 799/1/852 1417/1/1508 1426/1/1517
usemtl Shoe
f 503/1/537 505/1/538 504/1/539
f 503/1/537 506/1/540 505/1/538
f 503/1/537 507/1/541 506/1/540
f 503/1/537 508/1/542 507/1/541
f 503/1/537 509/1/543 508/1/542
f 503/1/537 510/1/544 509/1/543
f 503/1/537 511/1/545 510/1/544
f 503/1/537 512/1/546 511/1/545
f 503/1/537 513/1/547 512/1/546
f 503/1/537 504/1/539 513/1/547
f 504/1/539 505/1/538 515/1/548 514/1/549
f 505/1/538 506/1/540 516/1/550 515/1/548
f 506/1/540 507/1/541 517/1/551 516/1/550
f 507/1/541 508/1/542 518/1/552 517/1/551
f 508/1/542 509/1/543 519/1/553 518/1/552
f 509/1/543 510/1/544 520/1/554 519/1/553
f 510/1/544 511/1/545 521/1/555 520/1/554
f 511/1/545 512/1/546 522/1/556 521/1/555
f 512/1/546 513/1/547 523/1/557 522/1/556
f 513/1/547 504/1/539 514/1/549 523/1/557
f 514/1/549 515/1/548 525/1/558 524/1/559
f 515/1/548 516/1/550 526/1/560 525/1/558
f 516/1/550 517/1/551 527/1/561 526/1/560
f 517/1/551 518/1/552 528/1/562 527/1/561
f 518/1/552 519/1/553 529/1/563 528/1/562
f 519/1/553 520/1/554 530/1/564 529/1/563
f 520/1/554 521/1/555 531/1/565 530/1/564
f 521/1/555 522/1/556 532/1/566 531/1/565
f 522/1/556 523/1/557 533/1/567 532/1/566
f 523/1/557 514/1/549 524/1/559 533/1/567
f 524/1/559 525/1/558 535/1/568 534/1/569
f 525/1/558 526/1/560 536/1/570 535/1/568
f 526/1/560 527/1/561 537/1/571 536/1/570
f 527/1/561 528/1/562 538/1/572 537/1/571
f 528/1/562 529/1/563 539/1/573 538/1/572
f 529/1/563 530/1/564 540/1/574 539/1/573
f 530/1/564 531/1/565 541/1/575 540/1/574
f 533/1/567 524/1/559 534/1/569 543/1/577
f 534/1/569 535/1/568 545/1/578 544/1/579
f 535/1/568 536/1/570 546/1/580 545/1/578
f 536/1/570 537/1/571 547/1/581 546/1/580
f 537/1/571 538/1/572 548/1/582 547/1/581
f 538/1/572 539/1/573 549/1/583 548/1/582
f 539/1/573 540/1/574 550/1/584 549/1/583
f 540/1/574 541/1/575 551/1/585 550/1/584
f 543/1/577 534/1/569 544/1/579 553/1/587
f 544/1/579 545/1/578 555/1/588 554/1/589
f 545/1/578 546/1/580 556/1/590 555/1/588
f 546/1/580 547/1/581 557/1/591 556/1/590
f 547/1/581 548/1/582 558/1/592 557/1/591
f 548/1/582 549/1/583 559/1/593 558/1/592
f 549/1/583 550/1/584 560/1/594 559/1/593
f 550/1/584 551/1/585 561/1/595 560/1/594
f 553/1/587 544/1/579 554/1/589 563/1/597
f 554/1/589 555/1/588 565/1/598 564/1/599
f 555/1/588 556/1/590 566/1/600 565/1/598
f 556/1/590 557/1/591 567/1/601 566/1/600
f 557/1/591 558/1/592 568/1/602 567/1/601
f 558/1/592 559/1/593 569/1/603 568/1/602
f 559/1/593 560/1/594 570/1/604 569/1/603
f 560/1/594 561/1/595 571/1/605 570/1/604
f 563/1/597 554/1/589 564/1/599 573/1/607
f 564/1/599 565/1/598 575/1/608 574/1/609
f 565/1/598 566/1/600 576/1/610 575/1/608
f 566/1/600 567/1/601 577/1/611 576/1/610
f 567/1/601 568/1/602 578/1/612 577/1/611
f 568/1/602 569/1/603 579/1/613 578/1/612
f 569/1/603 570/1/604 580/1/614 579/1/613
f 570/1/604 571/1/605 581/1/615 580/1/614
f 571/1/605 572/1/606 582/1/616 581/1/615
f 572/1/606 573/1/607 583/1/617 582/1/616
f 573/1/607 564/1/599 574/1/609 583/1/617
f 574/1/609 575/1/608 585/1/618 584/1/619
f 575/1/608 576/1/610 586/1/620 585/1/618
f 576/1/610 577/1/611 587/1/621 586/1/620
f 577/1/611 578/1/612 588/1/622 587/1/621
f 578/1/612 579/1/613 589/1/623 588/1/622
f 579/1/613 580/1/614 590/1/624 589/1/623
f 580/1/614 581/1/615 591/1/625 590/1/624
f 581/1/615 582/1/616 592/1/626 591/1/625
f 582/1/616 583/1/617 593/1/627 592/1/626
f 583/1/617 574/1/609 584/1/619 593/1/627
f 1247/1/1327 1248/1/1328 1246/1/1329
f 1248/1/1328 1249/1/1330 1246/1/1329
f 1249/1/1330 1250/1/1331 1246/1/1329
f 1250/1/1331 1251/1/1332 1246/1/1329
f 1251/1/1332 1252/1/1333 1246/1/1329
f 1252/1/1333 1253/1/1334 1246/1/1329
f 1253/1/1334 1254/1/1335 1246/1/1329
f 1254/1/1335 1255/1/1336 1246/1/1329
f 1255/1/1336 1256/1/1337 1246/1/1329
f 1256/1/1337 1247/1/1327 1246/1/1329
f 1257/1/1338 1258/1/1339 1248/1/1328 1247/1/1327
f 1258/1/1339 1259/1/1340 1249/1/1330 1248/1/1328
f 1259/1/1340 1260/1/1341 1250/1/1331 1249/1/1330
f 1260/1/1341 1261/1/1342 1251/1/1332 1250/1/1331
f 1261/1/1342 1262/1/1343 1252/1/1333 1251/1/1332
f 1262/1/1343 1263/1/1344 1253/1/1334 1252/1/1333
f 1263/1/1344 1264/1/1345 1254/1/1335 1253/1/1334
f 1264/1/1345 1265/1/1346 1255/1/1336 1254/1/1335
f 1265/1/1346 1266/1/1347 1256/1/1337 1255/1/1336
f 1266/1/1347 1257/1/1338 1247/1/1327 1256/1/1337
f 1267/1/1348 1268/1/1349 1258/1/1339 1257/1/1338
f 1268/1/1349 1269/1/1350 1259/1/1340 1258/1/1339
f 1269/1/1350 1270/1/1351 1260/1/1341 1259/1/1340
f 1270/1/1351 1271/1/1352 1261/1/1342 1260/1/1341
f 1271/1/1352 1272/1/1353 1262/1/1343 1261/1/1342
f 1272/1/1353 1273/1/1354 1263/1/1344 1262/1/1343
f 1273/1/1354 1274/1/1355 1264/1/1345 1263/1/1344
f 1274/1/1355 1275/1/1356 1265/1/1346 1264/1/1345
f 1275/1/1356 1276/1/1357 1266/1/1347 1265/1/1346
f 1276/1/1357 1267/1/1348 1257/1/1338 1266/1/1347
f 1277/1/1358 1278/1/1359 1268/1/1349 1267/1/1348
f 1278/1/1359 1279/1/1360 1269/1/1350 1268/1/1349
f 1279/1/1360 1280/1/1361 1270/1/1351 1269/1/1350
f 1280/1/1361 1281/1/1362 1271/1/1352 1270/1/1351
f 1281/1/1362 1282/1/1363 1272/1/1353 1271/1/1352
f 1282/1/1363 1283/1/1364 1273/1/1354 1272/1/1353
f 1283/1/1364 1284/1/1365 1274/1/1355 1273/1/1354
f 1286/1/1367 1277/1/1358 1267/1/1348 1276/1/1357
f 1287/1/1368 1288/1/1369 1278/1/1359 1277/1/1358
f 1288/1/1369 1289/1/1370 1279/1/1360 1278/1/1359
f 1289/1/1370 1290/1/1371 1280/1/1361 1279/1/1360
f 1290/1/1371 1291/1/1372 1281/1/1362 1280/1/1361
f 1291/1/1372 1292/1/1373 1282/1/1363 1281/1/1362
f 1292/1/1373 1293/1/1374 1283/1/1364 1282/1/1363
f 1293/1/1374 1294/1/1375 1284/1/1365 1283/1/1364
f 1296/1/1377 1287/1/1368 1277/1/1358 1286/1/1367
f 1297/1/1378 1298/1/1379 1288/1/1369 1287/1/1368
f 1298/1/1379 1299/1/1380 1289/1/1370 1288/1/1369
f 1299/1/1380 1300/1/1381 1290/1/1371 1289/1/1370
f 1300/1/1381 1301/1/1382 1291/1/1372 1290/1/1371
f 1301/1/1382 1302/1/1383 1292/1/1373 1291/1/1372
f 1302/1/1383 1303/1/1384 1293/1/1374 1292/1/1373
f 1303/1/1384 1304/1/1385 1294/1/1375 1293/1/1374
f 1306/1/1387 1297/1/1378 1287/1/1368 1296/1/1377
f 1307/1/1388 1308/1/1389 1298/1/1379 1297/1/1378
f 1308/1/1389 1309/1/1390 1299/1/1380 1298/1/1379
f 1309/1/1390 1310/1/1391 1300/1/1381 1299/1/1380
f 1310/1/1391 1311/1/1392 1301/1/1382 1300/1/1381
f 1311/1/1392 1312/1/1393 1302/1/1383 1301/1/1382
f 1312/1/1393 1313/1/1394 1303/1/1384 1302/1/1383
f 1313/1/1394 1314/1/1395 1304/1/1385 1303/1/1384
f 1316/1/1397 1307/1/1388 1297/1/1378 1306/1/1387
f 1317/1/1398 1318/1/1399 1308/1/1389 1307/1/1388
f 1318/1/1399 1319/1/1400 1309/1/1390 1308/1/1389
f 1319/1/1400 1320/1/1401 1310/1/1391 1309/1/1390
f 1320/1/1401 1321/1/1402 1311/1/1392 1310/1/1391
f 1321/1/1402 1322/1/1403 1312/1/1393 1311/1/1392
f 1322/1/1403 1323/1/1404 1313/1/1394 1312/1/1393
f 1323/1/1404 1324/1/1405 1314/1/1395 1313/1/1394
f 1324/1/1405 1325/1/1406 1315/1/1396 1314/1/1395
f 1325/1/1406 1326/1/1407 1316/1/1397 1315/1/1396
f 1326/1/1407 1317/1/1398 1307/1/1388 1316/1/1397
f 1327/1/1408 1328/1/1409 1318/1/1399 1317/1/1398
f 1328/1/1409 1329/1/1410 1319/1/1400 1318/1/1399
f 1329/1/1410 1330/1/1411 1320/1/1401 1319/1/1400
f 1330/1/1411 1331/1/1412 1321/1/1402 1320/1/1401
f 1331/1/1412 1332/1/1413 1322/1/1403 1321/1/1402
f 1332/1/1413 1333/1/1414 1323/1/1404 1322/1/1403
f 1333/1/1414 1334/1/1415 1324/1/1405 1323/1/1404
f 1334/1/1415 1335/1/1416 1325/1/1406 1324/1/1405
f 1335/1/1416 1336/1/1417 1326/1/1407 1325/1/1406
f 1336/1/1417 1327/1/1408 1317/1/1398 1326/1/1407
usemtl Sole
f 684/1/729 686/1/730 685/1/731
f 684/1/729 687/1/732 686/1/730
f 684/1/729 688/1/733 687/1/732
f 684/1/729 689/1/734 688/1/733
f 684/1/729 690/1/735 689/1/734
f 684/1/729 691/1/736 690/1/735
f 684/1/729 692/1/737 691/1/736
f 684/1/729 693/1/738 692/1/737
f 684/1/729 694/1/739 693/1/738
f 684/1/729 695/1/740 694/1/739
f 684/1/729 696/1/741 695/1/740
f 684/1/729 697/1/742 696/1/741
f 684/1/729 698/1/743 697/1/742
f 684/1/729 699/1/744 698/1/743
f 684/1/729 700/1/745 699/1/744
f 684/1/729 701/1/746 700/1/745
f 684/1/729 702/1/747 701/1/746
f 684/1/729 703/1/748 702/1/747
f 684/1/729 704/1/749 703/1/748
f 684/1/729 705/1/750 704/1/749
f 684/1/729 685/1/731 705/1/750
f 685/1/731 686/1/730 707/1/751 706/1/752
f 686/1/730 687/1/732 708/1/753 707/1/751
f 687/1/732 688/1/733 709/1/754 708/1/753
f 688/1/733 689/1/734 710/1/755 709/1/754
f 689/1/734 690/1/735 711/1/756 710/1/755
f 690/1/735 691/1/736 712/1/757 711/1/756
f 691/1/736 692/1/737 713/1/758 712/1/757
f 692/1/737 693/1/738 714/1/759 713/1/758
f 693/1/738 694/1/739 715/1/760 714/1/759
f 694/1/739 695/1/740 716/1/761 715/1/760
f 695/1/740 696/1/741 717/1/762 716/1/761
f 696/1/741 697/1/742 718/1/763 717/1/762
f 697/1/742 698/1/743 719/1/764 718/1/763
f 698/1/743 699/1/744 720/1/765 719/1/764
f 699/1/744 700/1/745 721/1/766 720/1/765
f 700/1/745 701/1/746 722/1/767 721/1/766
f 701/1/746 702/1/747 723/1/768 722/1/767
f 702/1/747 703/1/748 724/1/769 723/1/768
f 703/1/748 704/1/749 725/1/770 724/1/769
f 704/1/749 705/1/750 726/1/771 725/1/770
f 705/1/750 685/1/731 706/1/752 726/1/771
f 706/1/752 707/1/751 728/1/772 727/1/773
f 707/1/751 708/1/753 729/1/774 728/1/772
f 708/1/753 709/1/754 730/1/775 729/1/774
f 709/1/754 710/1/755 731/1/776 730/1/775
f 710/1/755 711/1/756 732/1/777 731/1/776
f 711/1/756 712/1/757 733/1/778 732/1/777
f 712/1/757 713/1/758 734/1/779 733/1/778
f 713/1/758 714/1/759 735/1/780 734/1/779
f 714/1/759 715/1/760 736/1/781 735/1/780
f 715/1/760 716/1/761 737/1/782 736/1/781
f 716/1/761 717/1/762 738/1/783 737/1/782
f 717/1/762 718/1/763 739/1/784 738/1/783
f 718/1/763 719/1/764 740/1/785 739/1/784
f 719/1/764 720/1/765 741/1/786 740/1/785
f 720/1/765 721/1/766 742/1/787 741/1/786
f 721/1/766 722/1/767 743/1/788 742/1/787
f 722/1/767 723/1/768 744/1/789 743/1/788
f 723/1/768 724/1/769 745/1/790 744/1/789
f 724/1/769 725/1/770 746/1/791 745/1/790
f 725/1/770 726/1/771 747/1/792 746/1/791
f 726/1/771 706/1/752 727/1/773 747/1/792
f 727/1/773 728/1/772 749/1/793 748/1/794
f 728/1/772 729/1/774 750/1/795 749/1/793
f 729/1/774 730/1/775 751/1/796 750/1/795
f 730/1/775 731/1/776 752/1/797 751/1/796
f 731/1/776 732/1/777 753/1/798 752/1/797
f 732/1/777 733/1/778 754/1/799 753/1/798
f 733/1/778 734/1/779 755/1/800 754/1/799
f 734/1/779 735/1/780 756/1/801 755/1/800
f 735/1/780 736/1/781 757/1/802 756/1/801
f 736/1/781 737/1/782 758/1/803 757/1/802
f 737/1/782 738/1/783 759/1/804 758/1/803
f 738/1/783 739/1/784 760/1/805 759/1/804
f 739/1/784 740/1/785 761/1/806 760/1/805
f 740/1/785 741/1/786 762/1/807 761/1/806
f 741/1/786 742/1/787 763/1/808 762/1/807
f 742/1/787 743/1/788 764/1/809 763/1/808
f 743/1/788 744/1/789 765/1/810 764/1/809
f 744/1/789 745/1/790 766/1/811 765/1/810
f 745/1/790 746/1/791 767/1/812 766/1/811
f 746/1/791 747/1/792 768/1/813 767/1/812
f 747/1/792 727/1/773 748/1/794 768/1/813
f 748/1/794 749/1/793 769/1/814
f 749/1/793 750/1/795 769/1/814
f 750/1/795 751/1/796 769/1/814
f 751/1/796 752/1/797 769/1/814
f 752/1/797 753/1/798 769/1/814
f 753/1/798 754/1/799 769/1/814
f 754/1/799 755/1/800 769/1/814
f 755/1/800 756/1/801 769/1/814
f 756/1/801 757/1/802 769/1/814
f 757/1/802 758/1/803 769/1/814
f 758/1/803 759/1/804 769/1/814
f 759/1/804 760/1/805 769/1/814
f 760/1/805 761/1/806 769/1/814
f 761/1/806 762/1/807 769/1/814
f 762/1/807 763/1/808 769/1/814
f 763/1/808 764/1/809 769/1/814
f 764/1/809 765/1/810 769/1/814
f 765/1/810 766/1/811 769/1/814
f 766/1/811 767/1/812 769/1/814
f 767/1/812 768/1/813 769/1/814
f 768/1/813 748/1/794 769/1/814
f 1428/1/1519 1429/1/1520 1427/1/729
f 1429/1/1520 1430/1/1521 1427/1/729
f 1430/1/1521 1431/1/1522 1427/1/729
f 1431/1/1522 1432/1/1523 1427/1/729
f 1432/1/1523 1433/1/1524 1427/1/729
f 1433/1/1524 1434/1/1525 1427/1/729
f 1434/1/1525 1435/1/1526 1427/1/729
f 1435/1/1526 1436/1/1527 1427/1/729
f 1436/1/1527 1437/1/1528 1427/1/729
f 1437/1/1528 1438/1/1529 1427/1/729
f 1438/1/1529 1439/1/1530 1427/1/729
f 1439/1/1530 1440/1/1531 1427/1/729
f 1440/1/1531 1441/1/1532 1427/1/729
f 1441/1/1532 1442/1/1533 1427/1/729
f 1442/1/1533 1443/1/1534 1427/1/729
f 1443/1/1534 1444/1/1535 1427/1/729
f 1444/1/1535 1445/1/1536 1427/1/729
f 1445/1/1536 1446/1/1537 1427/1/729
f 1446/1/1537 1447/1/1538 1427/1/729
f 1447/1/1538 1448/1/1539 1427/1/729
f 1448/1/1539 1428/1/1519 1427/1/729
f 1449/1/1540 1450/1/1541 1429/1/1520 1428/1/1519
f 1450/1/1541 1451/1/1542 1430/1/1521 1429/1/1520
f 1451/1/1542 1452/1/1543 1431/1/1522 1430/1/1521
f 1452/1/1543 1453/1/1544 1432/1/1523 1431/1/1522
f 1453/1/1544 1454/1/1545 1433/1/1524 1432/1/1523
f 1454/1/1545 1455/1/1546 1434/1/1525 1433/1/1524
f 1455/1/1546 1456/1/1547 1435/1/1526 1434/1/1525
f 1456/1/1547 1457/1/1548 1436/1/1527 1435/1/1526
f 1457/1/1548 1458/1/1549 1437/1/1528 1436/1/1527
f 1458/1/1549 1459/1/1550 1438/1/1529 1437/1/1528
f 1459/1/1550 1460/1/1551 1439/1/1530 1438/1/1529
f 1460/1/1551 1461/1/1552 1440/1/1531 1439/1/1530
f 1461/1/1552 1462/1/1553 1441/1/1532 1440/1/1531
f 1462/1/1553 1463/1/1554 1442/1/1533 1441/1/1532
f 1463/1/1554 1464/1/1555 1443/1/1534 1442/1/1533
f 1464/1/1555 1465/1/1556 1444/1/1535 1443/1/1534
f 1465/1/1556 1466/1/1557 1445/1/1536 1444/1/1535
f 1466/1/1557 1467/1/1558 1446/1/1537 1445/1/1536
f 1467/1/1558 1468/1/1559 1447/1/1538 1446/1/1537
f 1468/1/1559 1469/1/1560 1448/1/1539 1447/1/1538
f 1469/1/1560 1449/1/1540 1428/1/1519 1448/1/1539
f 1470/1/1561 1471/1/1562 1450/1/1541 1449/1/1540
f 1471/1/1562 1472/1/1563 1451/1/1542 1450/1/1541
f 1472/1/1563 1473/1/1564 1452/1/1543 1451/1/1542
f 1473/1/1564 1474/1/1565 1453/1/1544 1452/1/1543
f 1474/1/1565 1475/1/1566 1454/1/1545 1453/1/1544
f 1475/1/1566 1476/1/1567 1455/1/1546 1454/1/1545
f 1476/1/1567 1477/1/1568 1456/1/1547 1455/1/1546
f 1477/1/1568 1478/1/1569 1457/1/1548 1456/1/1547
f 1478/1/1569 1479/1/1570 1458/1/1549 1457/1/1548
f 1479/1/1570 1480/1/1571 1459/1/1550 1458/1/1549
f 1480/1/1571 1481/1/1572 1460/1/1551 1459/1/1550
f 1481/1/1572 1482/1/1573 1461/1/1552 1460/1/1551
f 1482/1/1573 1483/1/1574 1462/1/1553 1461/1/1552
f 1483/1/1574 1484/1/1575 1463/1/1554 1462/1/1553
f 1484/1/1575 1485/1/1576 1464/1/1555 1463/1/1554
f 1485/1/1576 1486/1/1577 1465/1/1556 1464/1/1555
f 1486/1/1577 1487/1/1578 1466/1/1557 1465/1/1556
f 1487/1/1578 1488/1/1579 1467/1/1558 1466/1/1557
f 1488/1/1579 1489/1/1580 1468/1/1559 1467/1/1558
f 1489/1/1580 1490/1/1581 1469/1/1560 1468/1/1559
f 1490/1/1581 1470/1/1561 1449/1/1540 1469/1/1560
f 1491/1/1582 1492/1/1583 1471/1/1562 1470/1/1561
f 1492/1/1583 1493/1/1584 1472/1/1563 1471/1/1562
f 1493/1/1584 1494/1/1585 1473/1/1564 1472/1/1563
f 1494/1/1585 1495/1/1586 1474/1/1565 1473/1/1564
f 1495/1/1586 1496/1/1587 1475/1/1566 1474/1/1565
f 1496/1/1587 1497/1/1588 1476/1/1567 1475/1/1566
f 1497/1/1588 1498/1/1589 1477/1/1568 1476/1/1567
f 1498/1/1589 1499/1/1590 1478/1/1569 1477/1/1568
f 1499/1/1590 1500/1/1591 1479/1/1570 1478/1/1569
f 1500/1/1591 1501/1/1592 1480/1/1571 1479/1/1570
f 1501/1/1592 1502/1/1593 1481/1/1572 1480/1/1571
f 1502/1/1593 1503/1/1594 1482/1/1573 1481/1/1572
f 1503/1/1594 1504/1/1595 1483/1/1574 1482/1/1573
f 1504/1/1595 1505/1/1596 1484/1/1575 1483/1/1574
f 1505/1/1596 1506/1/1597 1485/1/1576 1484/1/1575
f 1506/1/1597 1507/1/1598 1486/1/1577 1485/1/1576
f 1507/1/1598 1508/1/1599 1487/1/1578 1486/1/1577
f 1508/1/1599 1509/1/1600 1488/1/1579 1487/1/1578
f 1509/1/1600 1510/1/1601 1489/1/1580 1488/1/1579
f 1510/1/1601 1511/1/1602 1490/1/1581 1489/1/1580
f 1511/1/1602 1491/1/1582 1470/1/1561 1490/1/1581
f 1512/1/814 1492/1/1583 1491/1/1582
f 1512/1/814 1493/1/1584 1492/1/1583
f 1512/1/814 1494/1/1585 1493/1/1584
f 1512/1/814 1495/1/1586 1494/1/1585
f 1512/1/814 1496/1/1587 1495/1/1586
f 1512/1/814 1497/1/1588 1496/1/1587
f 1512/1/814 1498/1/1589 1497/1/1588
f 1512/1/814 1499/1/1590 1498/1/1589
f 1512/1/814 1500/1/1591 1499/1/1590
f 1512/1/814 1501/1/1592 1500/1/1591
f 1512/1/814 1502/1/1593 1501/1/1592
f 1512/1/814 1503/1/1594 1502/1/1593
f 1512/1/814 1504/1/1595 1503/1/1594
f 1512/1/814 1505/1/1596 1504/1/1595
f 1512/1/814 1506/1/1597 1505/1/1596
f 1512/1/814 1507/1/1598 1506/1/1597
f 1512/1/814 1508/1/1599 1507/1/1598
f 1512/1/814 1509/1/1600 1508/1/1599
f 1512/1/814 1510/1/1601 1509/1/1600
f 1512/1/814 1511/1/1602 1510/1/1601
f 1512/1/814 1491/1/1582 1511/1/1602
usemtl Lace
f 531/1/565 532/1/566 542/1/576 541/1/575
f 532/1/566 533/1/567 543/1/577 542/1/576
f 541/1/575 542/1/576 552/1/586 551/1/585
f 542/1/576 543/1/577 553/1/587 552/1/586
f 551/1/585 552/1/586 562/1/596 561/1/595
f 552/1/586 553/1/587 563/1/597 562/1/596
f 561/1/595 562/1/596 572/1/606 571/1/605
f 562/1/596 563/1/597 573/1/607 572/1/606
f 1284/1/1365 1285/1/1366 1275/1/1356 1274/1/1355
f 1285/1/1366 1286/1/1367 1276/1/1357 1275/1/1356
f 1294/1/1375 1295/1/1376 1285/1/1366 1284/1/1365
f 1295/1/1376 1296/1/1377 1286/1/1367 1285/1/1366
f 1304/1/1385 1305/1/1386 1295/1/1376 1294/1/1375
f 1305/1/1386 1306/1/1387 1296/1/1377 1295/1/1376
f 1314/1/1395 1315/1/1396 1305/1/1386 1304/1/1385
f 1315/1/1396 1316/1/1397 1306/1/1387 1305/1/1386
o Human_Hair
v 0.027375 1.713207 0.072618
v 0.040736 1.715192 0.067957
v 0.054755 1.708340 0.067211
v 0.066286 1.708454 0.058995
v 0.078363 1.691648 0.053256
v 0.086807 1.688227 0.042137
v 0.092995 1.671749 0.030702
v 0.096143 1.651501 0.018404
v 0.094173 1.621767 0.005780
v 0.093345 1.623230 -0.006640
v 0.095756 1.664795 -0.020074
v 0.094352 1.674240 -0.032273
v 0.093590 1.672695 -0.044797
v 0.089441 1.654063 -0.056457
v 0.079225 1.617935 -0.064204
v 0.071636 1.609361 -0.074450
v 0.057284 1.588260 -0.075940
v 0.047146 1.588775 -0.082246
v 0.034168 1.584489 -0.079997
v 0.023256 1.585688 -0.081065
v 0.012376 1.580765 -0.078256
v 0.001569 1.586398 -0.079631
v -0.009168 1.585937 -0.077093
v -0.021998 1.591156 -0.077541
v -0.031490 1.591003 -0.070227
v -0.043702 1.613381 -0.066551
v -0.049179 1.622426 -0.055383
v -0.055779 1.659155 -0.046519
v -0.056911 1.677958 -0.034457
v -0.055837 1.679489 -0.021952
v -0.056225 1.670111 -0.009632
v -0.055066 1.628378 0.003584
v -0.054181 1.626940 0.015993
v -0.052252 1.656689 0.028586
v -0.046082 1.676615 0.040259
v -0.037335 1.692634 0.050751
v -0.027427 1.695635 0.060945
v -0.013262 1.711226 0.064448
v -0.000756 1.710273 0.071013
v 0.013677 1.716085 0.069754
v 0.028652 1.723626 0.085904
v 0.044326 1.726766 0.081526
v 0.059627 1.716946 0.078295
v 0.072917 1.717324 0.069245
v 0.083843 1.695933 0.059472
v 0.092806 1.692031 0.047109
v 0.097803 1.673471 0.033610
v 0.100429 1.651848 0.020207
v 0.098406 1.620443 0.006896
v 0.097657 1.621951 -0.006211
v 0.100925 1.666111 -0.020481
v 0.100754 1.676703 -0.033824
v 0.099401 1.674833 -0.047196
v 0.093420 1.654560 -0.058855
v 0.082696 1.616358 -0.067098
v 0.074595 1.607341 -0.077849
v 0.059402 1.585104 -0.079368
v 0.048754 1.585541 -0.086151
v 0.035089 1.580790 -0.084012
v 0.023527 1.581863 -0.085370
v 0.011938 1.576525 -0.082479
v 0.000448 1.582621 -0.083840
v -0.010884 1.582330 -0.080927
v -0.024345 1.588061 -0.081174
v -0.034270 1.588018 -0.073319
v -0.047231 1.611588 -0.069505
v -0.053114 1.621109 -0.057768
v -0.060004 1.659939 -0.048353
v -0.062831 1.680507 -0.036049
v -0.062203 1.682399 -0.022626
v -0.061298 1.671785 -0.009336
v -0.059357 1.627400 0.004604
v -0.058304 1.625908 0.017683
v -0.056217 1.657324 0.030956
v -0.050317 1.678654 0.043789
v -0.042320 1.696821 0.056478
v -0.031695 1.700261 0.067831
v -0.017798 1.720486 0.075465
v -0.003458 1.719144 0.082618
v 0.012788 1.727816 0.083631
v 0.028925 1.734618 0.084281
v 0.044333 1.737380 0.079665
v 0.059611 1.727971 0.076957
v 0.072677 1.728033 0.067866
v 0.085449 1.708145 0.060461
v 0.094568 1.703848 0.047869
v 0.099809 1.684549 0.034227
v 0.103563 1.662845 0.020977
v 0.104841 1.631933 0.007980
v 0.104039 1.632911 -0.006092
v 0.104273 1.676342 -0.021074
v 0.103425 1.687101 -0.034750
v 0.101955 1.685451 -0.048484
v 0.096531 1.665240 -0.060913
v 0.088469 1.627868 -0.072054
v 0.080290 1.619558 -0.084393
v 0.065064 1.598408 -0.088221
v 0.053364 1.598513 -0.096478
v 0.038683 1.592332 -0.097299
v 0.025094 1.593027 -0.099377
v 0.011368 1.588173 -0.096713
v -0.002305 1.593786 -0.097821
v -0.015562 1.594009 -0.093918
v -0.029492 1.601308 -0.090968
v -0.040051 1.601910 -0.081275
v -0.052877 1.624216 -0.075246
v -0.058696 1.633016 -0.061945
v -0.062604 1.670825 -0.050013
v -0.064794 1.691283 -0.037027
v -0.064240 1.692956 -0.023228
v -0.063967 1.682224 -0.009515
v -0.064736 1.638813 0.005506
v -0.063668 1.637826 0.019561
v -0.058414 1.668496 0.032076
v -0.051557 1.689914 0.044715
v -0.043146 1.708754 0.057428
v -0.032084 1.712331 0.068627
v -0.017004 1.731156 0.074014
v -0.002857 1.730142 0.081232
v 0.013265 1.738403 0.081734
v 0.029224 1.748840 0.081394
v 0.044174 1.751049 0.076531
v 0.059318 1.742340 0.074535
v 0.072028 1.742008 0.065507
v 0.085496 1.723060 0.059385
v 0.095070 1.718844 0.047323
v 0.101523 1.699438 0.034442
v 0.105257 1.677194 0.020964
v 0.106622 1.647658 0.007711
v 0.105800 1.647959 -0.006542
v 0.106521 1.689923 -0.021706
v 0.105667 1.701188 -0.035688
v 0.104025 1.699780 -0.049667
v 0.098283 1.679301 -0.062216
v 0.090816 1.644106 -0.074185
v 0.083219 1.637131 -0.087758
v 0.069391 1.617578 -0.094855
v 0.057000 1.617795 -0.104271
v 0.041962 1.611101 -0.108657
v 0.026672 1.611746 -0.111027
v 0.011086 1.606728 -0.110263
v -0.004082 1.612807 -0.108958
v -0.018912 1.613222 -0.104500
v -0.032702 1.620931 -0.098116
v -0.043676 1.621531 -0.087093
v -0.055032 1.641966 -0.078284
v -0.060204 1.649390 -0.063831
v -0.063404 1.684927 -0.051073
v -0.066004 1.705726 -0.037984
v -0.065609 1.707170 -0.023918
v -0.065310 1.695918 -0.009901
v -0.065476 1.653951 0.005226
v -0.064368 1.653641 0.019461
v -0.059188 1.682966 0.032284
v -0.052189 1.704911 0.045094
v -0.042598 1.723678 0.056798
v -0.031204 1.727178 0.067437
v -0.015713 1.745063 0.071522
v -0.001899 1.744465 0.078726
v 0.013941 1.752096 0.078599
v 0.028998 1.759586 0.072634
v 0.042521 1.760701 0.067612
v 0.057071 1.754765 0.067495
v 0.068780 1.753992 0.058996
v 0.082898 1.738016 0.055147
v 0.092105 1.733665 0.043772
v 0.101049 1.716398 0.033169
v 0.105470 1.693982 0.020198
v 0.106785 1.665131 0.006960
v 0.105974 1.664744 -0.007200
v 0.106931 1.705954 -0.022296
v 0.104152 1.716206 -0.035785
v 0.102536 1.715184 -0.049438
v 0.098702 1.695959 -0.062764
v 0.091332 1.662416 -0.074803
v 0.084352 1.657056 -0.089061
v 0.072725 1.639562 -0.099862
v 0.059792 1.640272 -0.109955
v 0.044389 1.634358 -0.116203
v 0.028024 1.634964 -0.118648
v 0.011282 1.630470 -0.119496
v -0.004843 1.636110 -0.116427
v -0.020720 1.636634 -0.111747
v -0.034720 1.643575 -0.103548
v -0.046174 1.643718 -0.091760
v -0.054962 1.661937 -0.079531
v -0.059592 1.667720 -0.064503
v -0.062737 1.701565 -0.051639
v -0.063430 1.720988 -0.038035
v -0.063083 1.722047 -0.024294
v -0.064704 1.711954 -0.010504
v -0.064567 1.670709 0.004517
v -0.063409 1.671085 0.018652
v -0.058408 1.699790 0.031515
v -0.050631 1.721742 0.043618
v -0.039123 1.738280 0.052805
v -0.028181 1.741957 0.062821
v -0.012561 1.756823 0.064575
v 0.000222 1.756741 0.071391
v 0.015028 1.761631 0.069478
v 0.028570 1.769113 0.061542
v 0.040488 1.769880 0.057120
v 0.053363 1.764805 0.057103
v 0.063715 1.763855 0.049647
v 0.078236 1.752795 0.048459
v 0.087369 1.749337 0.038624
v 0.097120 1.733928 0.029703
v 0.105169 1.714350 0.019030
v 0.107747 1.685562 0.006273
v 0.107115 1.684529 -0.007893
v 0.103820 1.723226 -0.022683
v 0.100010 1.732397 -0.035311
v 0.098443 1.731761 -0.048185
v 0.097157 1.715101 -0.062177
v 0.092084 1.683621 -0.075647
v 0.084968 1.679600 -0.089769
v 0.074273 1.664402 -0.101974
v 0.061230 1.665795 -0.112341
v 0.046080 1.661104 -0.120489
v 0.029190 1.661633 -0.123041
v 0.011860 1.658045 -0.125120
v -0.004745 1.662830 -0.120769
v -0.021117 1.663458 -0.115892
v -0.034675 1.669164 -0.105812
v -0.046267 1.668637 -0.093764
v -0.054011 1.684439 -0.080177
v -0.058774 1.688843 -0.065207
v -0.059840 1.720572 -0.051378
v -0.058062 1.737234 -0.037433
v -0.057796 1.737902 -0.024467
v -0.060469 1.728955 -0.011396
v -0.064396 1.690519 0.003887
v -0.063028 1.691534 0.018004
v -0.056768 1.720041 0.030170
v -0.046040 1.739039 0.039594
v -0.034040 1.753583 0.046964
v -0.023430 1.756346 0.055441
v -0.008143 1.766334 0.054564
v 0.003170 1.766517 0.060525
v 0.016242 1.770667 0.058751
v 0.028053 1.778508 0.049234
v 0.038178 1.778889 0.045448
v 0.049178 1.774737 0.045543
v 0.057993 1.773597 0.039214
v 0.070632 1.764594 0.038486
v 0.078565 1.761429 0.030170
v 0.089999 1.751579 0.024233
v 0.099836 1.735500 0.015685
v 0.108437 1.711207 0.005281
v 0.107859 1.709427 -0.008827
v 0.098135 1.742523 -0.022961
v 0.092542 1.748763 -0.034075
v 0.090965 1.748331 -0.045566
v 0.092244 1.735778 -0.059595
v 0.091735 1.709269 -0.075614
v 0.084802 1.706554 -0.089579
v 0.074810 1.693188 -0.102415
v 0.061769 1.695288 -0.112460
v 0.047081 1.692166 -0.121622
v 0.030206 1.692663 -0.124303
v 0.012865 1.690019 -0.126773
v -0.003793 1.693944 -0.122177
v -0.020112 1.694538 -0.117055
v -0.033185 1.698655 -0.106020
v -0.044846 1.697410 -0.094254
v -0.051987 1.711335 -0.080177
v -0.056737 1.714455 -0.065407
v -0.053198 1.740841 -0.049592
v -0.049165 1.753234 -0.035939
v -0.049125 1.753723 -0.024343
v -0.053562 1.747826 -0.012539
v -0.063544 1.715422 0.002949
v -0.062065 1.717171 0.016995
v -0.050558 1.740898 0.026070
v -0.038456 1.756085 0.033063
v -0.025650 1.765061 0.037324
v -0.016453 1.767617 0.044458
v -0.003239 1.775708 0.043407
v 0.006415 1.776189 0.048460
v 0.017557 1.779592 0.046857
v 0.027209 1.783769 0.034272
v 0.035098 1.783519 0.031209
v 0.043989 1.781787 0.031830
v 0.050989 1.780641 0.026887
v 0.061923 1.776038 0.027221
v 0.068432 1.773219 0.020578
v 0.078134 1.765636 0.016004
v 0.088929 1.755474 0.010033
v 0.101465 1.738776 0.002292
v 0.101164 1.736482 -0.010498
v 0.085744 1.758091 -0.022640
v 0.080445 1.762296 -0.031686
v 0.079094 1.762172 -0.041106
v 0.081680 1.754205 -0.053579
v 0.085869 1.737092 -0.070977
v 0.079489 1.735531 -0.083475
v 0.071978 1.725996 -0.097414
v 0.059555 1.728260 -0.105975
v 0.046351 1.727297 -0.115471
v 0.030681 1.727836 -0.118120
v 0.014530 1.726475 -0.121106
v -0.000960 1.729073 -0.116108
v -0.016093 1.729491 -0.111193
v -0.027831 1.731424 -0.100084
v -0.039076 1.729937 -0.089838
v -0.043880 1.739829 -0.074987
v -0.048369 1.741772 -0.061745
v -0.040695 1.758524 -0.045183
v -0.035862 1.766195 -0.033208
v -0.035906 1.766377 -0.023693
v -0.040202 1.762511 -0.013988
v -0.055265 1.741940 0.000248
v -0.053668 1.744203 0.012950
v -0.039075 1.759980 0.018834
v -0.026881 1.769336 0.023226
v -0.016128 1.776166 0.026384
v -0.008595 1.778498 0.032063
v 0.002484 1.782338 0.030219
v 0.010155 1.782970 0.034154
v 0.018977 1.784083 0.032316
v 0.026222 1.786781 0.018381
v 0.031798 1.786505 0.016304
v 0.038026 1.785205 0.016621
v 0.042971 1.784115 0.013196
v 0.050718 1.781471 0.013433
v 0.055512 1.779705 0.008908
v 0.063364 1.776724 0.006127
v 0.072609 1.772107 0.002251
v 0.084011 1.762286 -0.003128
v 0.084475 1.760721 -0.012931
v 0.069892 1.772053 -0.022020
v 0.065165 1.773053 -0.028479
v 0.064018 1.772866 -0.035275
v 0.067145 1.770485 -0.045140
v 0.071631 1.760682 -0.059278
v 0.066686 1.760209 -0.068766
v 0.062072 1.756065 -0.081153
v 0.051964 1.757463 -0.087006
v 0.041716 1.757731 -0.094165
v 0.029644 1.758414 -0.096387
v 0.017165 1.758253 -0.098926
v 0.005173 1.759422 -0.094814
v -0.006486 1.759435 -0.090865
v -0.015712 1.760035 -0.082484
v -0.024956 1.759161 -0.075203
v -0.027530 1.763543 -0.062310
v -0.031103 1.764348 -0.052245
v -0.024026 1.773674 -0.038876
v -0.019423 1.775785 -0.029543
v -0.019615 1.776019 -0.022654
v -0.023474 1.775319 -0.015606
v -0.037436 1.764995 -0.004555
v -0.035528 1.766474 0.005085
v -0.022843 1.775457 0.008811
v -0.012853 1.779390 0.011364
v -0.004507 1.781805 0.013032
v 0.000971 1.783211 0.016851
v 0.008778 1.785312 0.015545
v 0.014208 1.786038 0.018257
v 0.020410 1.786903 0.017086
v 0.025208 1.789459 0.002248
v 0.028426 1.789191 0.001142
v 0.031956 1.788278 0.001187
v 0.034802 1.787275 -0.000717
v 0.039035 1.785455 -0.000815
v 0.041723 1.783951 -0.003372
v 0.045913 1.781921 -0.005086
v 0.050936 1.779613 -0.007338
v 0.058088 1.776921 -0.010259
v 0.058585 1.776062 -0.015812
v 0.049567 1.778173 -0.020813
v 0.047107 1.778621 -0.024476
v 0.046393 1.778548 -0.028294
v 0.047795 1.777485 -0.033645
v 0.050838 1.775364 -0.041993
v 0.047885 1.775231 -0.047164
v 0.045404 1.774490 -0.054257
v 0.039572 1.774821 -0.057214
v 0.033749 1.774955 -0.060772
v 0.027077 1.775259 -0.061909
v 0.020222 1.775386 -0.063151
v 0.013610 1.775730 -0.060984
v 0.007150 1.775886 -0.058945
v 0.001873 1.776140 -0.054624
v -0.003509 1.776201 -0.050897
v -0.004940 1.777079 -0.043535
v -0.007143 1.777392 -0.038010
v -0.002848 1.779257 -0.030165
v -0.000658 1.780194 -0.025062
v -0.000837 1.780298 -0.021182
v -0.002799 1.780005 -0.017215
v -0.011173 1.778502 -0.011020
v -0.009864 1.779298 -0.005591
v -0.002210 1.781472 -0.003687
v 0.003221 1.783414 -0.002153
v 0.007737 1.785140 -0.001037
v 0.010847 1.786441 0.001121
v 0.015170 1.787961 0.000632
v 0.018312 1.788756 0.002125
v 0.021857 1.789421 0.001593
v 0.023210 1.786050 -0.025096
v 0.036515 1.764733 -0.059303
v 0.031016 1.767726 -0.059737
v 0.023531 1.768591 -0.058750
v 0.017801 1.766895 -0.056834
v 0.023341 1.764739 -0.056819
v 0.030826 1.763875 -0.057807
v 0.048042 1.771686 -0.044295
v 0.037544 1.776540 -0.044484
v 0.023272 1.778189 -0.042601
v 0.012361 1.775807 -0.039588
v 0.022932 1.772245 -0.039970
v 0.037205 1.770596 -0.041853
v 0.062269 1.778115 -0.025749
v 0.045568 1.785453 -0.024936
v 0.022728 1.788091 -0.021923
v 0.005171 1.784710 -0.018216
v 0.022025 1.779286 -0.019545
v 0.044864 1.776648 -0.022558
v 0.064004 1.781869 -0.001858
v 0.048527 1.788811 0.000166
v 0.027124 1.791283 0.002990
v 0.010496 1.788049 0.005201
v 0.026179 1.782925 0.003143
v 0.047582 1.780453 0.000320
v 0.062634 1.778977 0.023429
v 0.049730 1.784583 0.026246
v 0.031720 1.786663 0.028622
v 0.017609 1.784177 0.029369
v 0.030728 1.780016 0.026921
v 0.048738 1.777935 0.024545
v 0.059653 1.770133 0.046562
v 0.049590 1.774056 0.049589
v 0.035469 1.775687 0.051452
v 0.024352 1.774210 0.051219
v 0.034603 1.771250 0.048774
v 0.048724 1.769619 0.046911
v 0.054163 1.756005 0.064233
v 0.047532 1.758210 0.066636
v 0.038216 1.759286 0.067866
v 0.030872 1.758695 0.067305
v 0.037630 1.756989 0.065431
v 0.046946 1.755913 0.064201
v 0.042265 1.741827 0.077442
v 0.026956 1.767717 -0.052598
v 0.021301 1.769808 -0.054338
v 0.013744 1.769474 -0.055077
v 0.008065 1.766882 -0.054445
v 0.013724 1.765627 -0.053128
v 0.021281 1.765961 -0.052389
v 0.033653 1.775973 -0.036225
v 0.022841 1.779129 -0.038860
v 0.008433 1.778492 -0.040269
v -0.002366 1.774380 -0.039746
v 0.008443 1.772522 -0.037675
v 0.022851 1.773159 -0.036266
v 0.042289 1.783572 -0.016163
v 0.024890 1.788210 -0.019197
v 0.001835 1.787190 -0.021451
v -0.015349 1.781023 -0.021798
v 0.002012 1.778315 -0.019244
v 0.025067 1.779335 -0.016990
v 0.038189 1.786491 0.005711
v 0.021760 1.790890 0.004106
v 0.000155 1.789935 0.001993
v -0.015825 1.784103 0.000431
v 0.000523 1.781530 0.002029
v 0.022128 1.782486 0.004141
v 0.031808 1.783300 0.028121
v 0.017894 1.786787 0.027791
v -0.000286 1.785983 0.026013
v -0.013643 1.781290 0.023678
v 0.000172 1.779264 0.024366
v 0.018352 1.780068 0.026144
v 0.025195 1.775063 0.048717
v 0.014228 1.777363 0.049242
v -0.000027 1.776733 0.047848
v -0.010441 1.773488 0.045233
v 0.000427 1.772178 0.045270
v 0.014681 1.772808 0.046663
v 0.018136 1.761426 0.064360
v 0.010881 1.762650 0.065040
v 0.001477 1.762234 0.064121
v -0.005375 1.760386 0.062061
v 0.001808 1.759710 0.061870
v 0.011213 1.760126 0.062790
v 0.005682 1.748002 0.076190
v 0.050285 1.761048 -0.060871
v 0.045824 1.765009 -0.060193
v 0.039356 1.767140 -0.057855
v 0.034115 1.766375 -0.055027
v 0.038715 1.763258 -0.056090
v 0.045183 1.761127 -0.058427
v 0.064775 1.764167 -0.048753
v 0.056186 1.770833 -0.046884
v 0.043854 1.774896 -0.042428
v 0.033945 1.774325 -0.037612
v 0.042770 1.768952 -0.040007
v 0.055102 1.764888 -0.044464
v 0.082073 1.766056 -0.034336
v 0.068581 1.776212 -0.030180
v 0.048847 1.782714 -0.023049
v 0.032738 1.782312 -0.016508
v 0.046697 1.774041 -0.021090
v 0.066431 1.767539 -0.028221
v 0.087903 1.766454 -0.013246
v 0.075622 1.775892 -0.008278
v 0.057129 1.781985 -0.001595
v 0.041671 1.781687 0.003462
v 0.054520 1.773988 -0.001522
v 0.073013 1.767895 -0.008205
v 0.090644 1.763660 0.009452
v 0.080575 1.771281 0.014659
v 0.065014 1.776409 0.020283
v 0.051741 1.776478 0.023511
v 0.062382 1.770205 0.018657
v 0.077943 1.765077 0.013033
v 0.089785 1.754321 0.029994
v 0.081978 1.759877 0.034702
v 0.069778 1.763897 0.039111
v 0.059283 1.764371 0.041017
v 0.067570 1.759722 0.036809
v 0.079771 1.755702 0.032400
v 0.086661 1.744416 0.048173
v 0.081529 1.747780 0.051606
v 0.073480 1.750432 0.054515
v 0.066537 1.751046 0.055445
v 0.071992 1.748173 0.052459
v 0.080042 1.745521 0.049550
v 0.075920 1.733480 0.062924
v 0.010045 1.767343 -0.054552
v 0.004713 1.768474 -0.057071
v -0.002009 1.766796 -0.059032
v -0.006760 1.763149 -0.059454
v -0.001532 1.762872 -0.057309
v 0.005190 1.764549 -0.055348
v 0.011666 1.775274 -0.036934
v 0.001551 1.776543 -0.041151
v -0.011265 1.773345 -0.044890
v -0.020373 1.767279 -0.046281
v -0.010438 1.767320 -0.042569
v 0.002378 1.770518 -0.038830
v 0.014532 1.782987 -0.015539
v -0.001886 1.784519 -0.021065
v -0.022394 1.779402 -0.027048
v -0.036738 1.770193 -0.030496
v -0.020690 1.770578 -0.025341
v -0.000182 1.775696 -0.019358
v 0.006702 1.782503 0.005376
v -0.009013 1.783854 0.001397
v -0.028231 1.779058 -0.004209
v -0.041344 1.770514 -0.008640
v -0.026094 1.770931 -0.004581
v -0.006876 1.775726 0.001025
v -0.002275 1.776660 0.026167
v -0.015707 1.777467 0.023816
v -0.031878 1.773432 0.019098
v -0.042704 1.766571 0.014373
v -0.029738 1.767133 0.017149
v -0.013566 1.771168 0.021866
v -0.009644 1.764894 0.044324
v -0.020252 1.765077 0.043127
v -0.032931 1.761914 0.039428
v -0.041343 1.756984 0.035077
v -0.031127 1.757714 0.036837
v -0.018448 1.760878 0.040536
v -0.016408 1.750654 0.058482
v -0.023422 1.750426 0.058045
v -0.031788 1.748338 0.055604
v -0.037321 1.745436 0.052381
v -0.030572 1.746141 0.053315
v -0.022206 1.748229 0.055756
v -0.026223 1.733256 0.065882
v 0.033502 1.769844 -0.041129
v 0.027568 1.772310 -0.042391
v 0.019576 1.772634 -0.042216
v 0.013523 1.770652 -0.040691
v 0.019478 1.768980 -0.039926
v 0.027470 1.768657 -0.040102
v 0.043119 1.776896 -0.029463
v 0.031764 1.780477 -0.031655
v 0.016527 1.781093 -0.031321
v 0.005026 1.778437 -0.028629
v 0.016407 1.775969 -0.027309
v 0.031644 1.775353 -0.027643
v 0.055365 1.789081 -0.015909
v 0.037244 1.795014 -0.017509
v 0.012862 1.796001 -0.016975
v -0.005591 1.791547 -0.014574
v 0.012588 1.787469 -0.013688
v 0.036971 1.786482 -0.014222
v 0.053736 1.787812 -0.000243
v 0.036819 1.793574 0.000824
v 0.013970 1.794499 0.001325
v -0.003387 1.790123 0.001008
v 0.013608 1.786171 0.000188
v 0.036457 1.785247 -0.000313
v 0.049430 1.785066 0.015387
v 0.035196 1.789761 0.016630
v 0.015969 1.790539 0.017052
v 0.001363 1.787010 0.016440
v 0.015663 1.783783 0.015528
v 0.034889 1.783005 0.015107
v 0.044408 1.781286 0.030571
v 0.033247 1.784782 0.031804
v 0.018172 1.785392 0.032134
v 0.006721 1.782810 0.031397
v 0.017935 1.780399 0.030516
v 0.033009 1.779789 0.030185
v 0.038084 1.776089 0.044749
v 0.030720 1.778200 0.045911
v 0.020774 1.778602 0.046129
v 0.013220 1.777095 0.045294
v 0.020618 1.775631 0.044488
v 0.030564 1.775228 0.044271
v 0.025554 1.767972 0.056480
v 0.075890 1.747898 -0.055352
v 0.073733 1.752590 -0.053546
v 0.069727 1.755836 -0.049754
v 0.065875 1.756014 -0.045873
v 0.068335 1.752128 -0.048050
v 0.072340 1.748881 -0.051842
v 0.089747 1.744953 -0.050434
v 0.085578 1.753008 -0.046287
v 0.077940 1.759197 -0.039058
v 0.070653 1.760427 -0.032362
v 0.075379 1.753592 -0.036964
v 0.083016 1.747402 -0.044193
v 0.104319 1.738718 -0.045153
v 0.098237 1.750734 -0.037147
v 0.086016 1.760639 -0.025579
v 0.073766 1.763480 -0.016233
v 0.080949 1.753103 -0.024479
v 0.093171 1.743198 -0.036047
v 0.109962 1.733973 -0.032538
v 0.104864 1.744644 -0.023895
v 0.093411 1.753926 -0.013055
v 0.081329 1.757178 -0.005437
v 0.087674 1.747832 -0.013897
v 0.099127 1.738550 -0.024738
v 0.112086 1.727774 -0.018865
v 0.107969 1.736301 -0.011022
v 0.098332 1.744112 -0.001901
v 0.087993 1.747300 0.003940
v 0.093221 1.739726 -0.003545
v 0.102858 1.731915 -0.012667
v 0.112429 1.721045 -0.005725
v 0.109224 1.727311 0.000807
v 0.101668 1.733435 0.007959
v 0.093539 1.736355 0.012155
v 0.097623 1.730686 0.006040
v 0.105179 1.724562 -0.001112
v 0.109715 1.713563 0.006481
v 0.107588 1.717505 0.010941
v 0.102603 1.721546 0.015660
v 0.097252 1.723663 0.018278
v 0.099955 1.720047 0.014146
v 0.104940 1.716007 0.009428
v 0.103890 1.709696 0.020444
v -0.023901 1.759205 -0.039721
v -0.028257 1.759316 -0.043030
v -0.032959 1.756374 -0.046223
v -0.035656 1.751850 -0.047704
v -0.031597 1.752567 -0.044722
v -0.026895 1.755509 -0.041529
v -0.026448 1.763826 -0.025691
v -0.034653 1.763137 -0.031317
v -0.043618 1.757528 -0.037406
v -0.048861 1.749803 -0.040912
v -0.041185 1.751748 -0.035664
v -0.032220 1.757357 -0.029576
v -0.027113 1.767018 -0.009304
v -0.040692 1.765080 -0.016875
v -0.055038 1.756104 -0.026617
v -0.062978 1.744579 -0.033660
v -0.050405 1.748229 -0.026184
v -0.036059 1.757204 -0.016441
v -0.033547 1.761198 0.002455
v -0.046754 1.758829 -0.003422
v -0.060197 1.750418 -0.012552
v -0.067156 1.740171 -0.020370
v -0.055065 1.743946 -0.014147
v -0.041621 1.752357 -0.005017
v -0.039528 1.751750 0.012699
v -0.050765 1.749316 0.008342
v -0.062077 1.742239 0.000659
v -0.067810 1.734056 -0.006507
v -0.057556 1.737516 -0.001648
v -0.046244 1.744594 0.006035
v -0.044656 1.741188 0.021649
v -0.053464 1.738870 0.018608
v -0.062334 1.733320 0.012585
v -0.066830 1.727315 0.006590
v -0.058791 1.730292 0.010159
v -0.049922 1.735841 0.016182
v -0.048435 1.728824 0.028314
v -0.054227 1.727096 0.026461
v -0.060079 1.723435 0.022487
v -0.063064 1.719671 0.018379
v -0.057773 1.721763 0.020634
v -0.051922 1.725424 0.024608
v -0.055611 1.715279 0.031404
v 0.060851 1.732828 -0.094930
v 0.059428 1.737747 -0.093973
v 0.056900 1.741797 -0.090340
v 0.054531 1.742954 -0.085846
v 0.056124 1.738706 -0.087434
v 0.058652 1.734656 -0.091068
v 0.074433 1.730346 -0.093943
v 0.071947 1.739040 -0.091196
v 0.067126 1.746763 -0.084268
v 0.062383 1.749653 -0.076622
v 0.065272 1.741995 -0.080244
v 0.070092 1.734272 -0.087172
v 0.088402 1.724597 -0.091988
v 0.085725 1.737871 -0.085975
v 0.078012 1.750229 -0.074889
v 0.069119 1.755491 -0.064272
v 0.072906 1.743648 -0.071107
v 0.080619 1.731290 -0.082193
v 0.095531 1.721379 -0.081065
v 0.093811 1.733409 -0.074426
v 0.086583 1.744990 -0.064037
v 0.077461 1.750330 -0.055092
v 0.080502 1.739494 -0.062142
v 0.087730 1.727914 -0.072531
v 0.100813 1.718817 -0.068921
v 0.099512 1.728728 -0.062997
v 0.093430 1.738473 -0.054255
v 0.085608 1.743179 -0.047066
v 0.088073 1.734197 -0.053215
v 0.094155 1.724452 -0.061957
v 0.104601 1.715950 -0.056655
v 0.103730 1.723386 -0.051535
v 0.098961 1.731027 -0.044680
v 0.092680 1.735051 -0.039519
v 0.094517 1.728223 -0.044647
v 0.099286 1.720583 -0.051501
v 0.105270 1.712050 -0.043894
v 0.104730 1.716794 -0.040311
v 0.101584 1.721835 -0.035789
v 0.097404 1.724652 -0.032589
v 0.098594 1.720251 -0.036104
v 0.101740 1.715211 -0.040626
v 0.103783 1.712121 -0.029595
v -0.019065 1.745591 -0.080839
v -0.022110 1.744627 -0.084954
v -0.025386 1.740779 -0.088189
v -0.027255 1.735973 -0.088926
v -0.024420 1.737623 -0.085414
v -0.021144 1.741470 -0.082179
v -0.025079 1.752730 -0.070626
v -0.031022 1.750215 -0.077531
v -0.037269 1.742880 -0.083698
v -0.040696 1.734391 -0.086045
v -0.035202 1.737972 -0.079955
v -0.028956 1.745308 -0.073787
v -0.029636 1.758950 -0.057489
v -0.040246 1.754368 -0.066759
v -0.050242 1.742629 -0.076629
v -0.054625 1.729604 -0.082164
v -0.045127 1.735694 -0.073561
v -0.035131 1.747432 -0.063691
v -0.036968 1.754315 -0.047220
v -0.047579 1.749663 -0.054805
v -0.056946 1.738662 -0.064054
v -0.060386 1.726815 -0.070343
v -0.051055 1.732752 -0.062990
v -0.041688 1.743752 -0.053741
v -0.044414 1.747705 -0.038123
v -0.053452 1.743590 -0.044157
v -0.061334 1.734334 -0.051939
v -0.064120 1.724564 -0.057580
v -0.056198 1.729689 -0.051616
v -0.048316 1.738945 -0.043833
v -0.050954 1.740073 -0.029651
v -0.058146 1.736521 -0.033887
v -0.064326 1.729264 -0.039989
v -0.066404 1.721930 -0.044906
v -0.060125 1.726157 -0.040548
v -0.053945 1.733414 -0.034446
v -0.055389 1.729985 -0.022089
v -0.060152 1.727481 -0.024674
v -0.064229 1.722693 -0.028700
v -0.065582 1.718015 -0.032154
v -0.061428 1.720907 -0.029413
v -0.057351 1.725695 -0.025387
v -0.062162 1.717921 -0.018194
vn 0.0142 -0.7875 0.6162
vn -0.0044 -0.7602 0.6496
vn 0.0297 -0.7644 0.6441
vn 0.0153 -0.7875 0.6161
vn 0.0414 -0.7979 0.6013
vn -0.0078 -0.7882 0.6154
vn 0.3467 -0.8086 0.4754
vn -0.4075 -0.5435 0.7339
vn -0.0588 -0.7969 0.6012
vn -0.1807 -0.7281 0.6612
vn -0.0576 -0.7582 0.6495
vn 0.0441 -0.8184 0.5729
vn -0.2706 -0.5631 0.7808
vn -0.2578 -0.5823 0.7710
vn -0.3204 -0.4294 0.8443
vn -0.3139 -0.4545 0.8336
vn -0.3394 -0.3485 0.8737
vn -0.2744 -0.9570 -0.0944
vn 0.0033 -0.3077 -0.9515
vn 0.0694 -0.5335 -0.8429
vn 0.4433 -0.4610 -0.7687
vn 0.1758 -0.3114 -0.9339
vn 0.2674 -0.9043 -0.3327
vn 0.3035 -0.9271 -0.2198
vn 0.4603 -0.7842 0.4161
vn 0.4586 -0.7900 0.4068
vn 0.5057 -0.4246 0.7510
vn 0.7889 -0.3845 0.4794
vn 0.3699 -0.5544 0.7456
vn 0.6626 -0.6435 0.3832
vn 0.3200 -0.6658 0.6741
vn 0.3824 -0.6092 0.6948
vn 0.5448 -0.4217 0.7248
vn -0.3543 -0.7867 0.5055
vn 0.0008 -0.7701 0.6380
vn -0.0209 -0.7742 0.6325
vn 0.0791 -0.7241 0.6852
vn 0.1121 -0.7179 0.6871
vn 0.1601 -0.7328 0.6613
vn 0.1651 -0.7320 0.6609
vn 0.4522 -0.6524 0.6082
vn -0.4092 -0.6223 0.6674
vn -0.1197 -0.7229 0.6805
vn -0.1230 -0.7221 0.6807
vn -0.0350 -0.7201 0.6930
vn -0.0668 -0.7116 0.6994
vn 0.0284 -0.7699 0.6375
vn 0.0579 -0.7781 0.6255
vn 0.3645 -0.8119 0.4561
vn -0.4687 -0.3863 0.7944
vn -0.2690 -0.6466 0.7138
vn -0.3266 -0.5829 0.7440
vn -0.3023 -0.5308 0.7918
vn -0.6472 -0.5976 0.4733
vn -0.4267 -0.3921 0.8150
vn -0.7417 -0.3310 0.5833
vn -0.4526 -0.7525 0.4784
vn -0.4526 -0.7578 0.4700
vn -0.3725 -0.8820 -0.2888
vn -0.3944 -0.9027 -0.1719
vn -0.2209 -0.5237 -0.8228
vn -0.5773 -0.4244 -0.6976
vn -0.1547 -0.3022 -0.9406
vn -0.3232 -0.2936 -0.8996
vn 0.1917 -0.9733 -0.1265
vn 0.4304 -0.3754 0.8209
vn 0.4021 -0.4547 0.7947
vn 0.3925 -0.4791 0.7851
vn 0.3349 -0.5842 0.7392
vn 0.3195 -0.6026 0.7313
vn 0.0960 -0.7618 0.6406
vn -0.0246 -0.8171 0.5760
vn 0.0856 -0.8017 0.5916
vn 0.2200 -0.7411 0.6343
vn 0.4651 -0.5740 0.6740
vn -0.3339 -0.7848 0.5222
vn -0.0138 -0.7959 0.6052
vn 0.0366 -0.7898 0.6123
vn 0.0404 -0.7618 0.6466
vn 0.0053 -0.7635 0.6458
vn 0.0708 0.1600 0.9846
vn 0.2617 0.1456 0.9541
vn 0.2604 0.1775 0.9491
vn 0.0717 0.1820 0.9807
vn 0.4488 0.1237 0.8850
vn 0.4231 0.1464 0.8942
vn 0.5646 0.0320 0.8247
vn 0.5709 0.1067 0.8141
vn 0.7268 -0.1188 0.6765
vn 0.6887 -0.0235 0.7247
vn 0.8061 -0.1629 0.5689
vn 0.8301 -0.0818 0.5516
vn 0.8074 -0.2104 0.5511
vn 0.8597 -0.1372 0.4920
vn 0.6427 -0.3012 0.7045
vn 0.8679 -0.1695 0.4668
vn 0.6021 -0.3166 0.7330
vn 0.8847 -0.3297 0.3294
vn 0.8667 -0.4898 -0.0943
vn 0.8546 -0.3078 -0.4182
vn 0.9166 -0.2094 -0.3407
vn 0.9447 -0.2725 -0.1824
vn 0.9684 -0.2012 -0.1472
vn 0.9661 -0.2553 -0.0384
vn 0.9750 -0.1873 -0.1198
vn 0.9748 -0.2054 -0.0876
vn 0.9447 -0.3121 -0.1003
vn 0.8132 -0.5208 -0.2598
vn 0.8033 -0.3842 -0.4550
vn 0.5477 -0.6236 -0.5579
vn 0.6514 -0.5207 -0.5518
vn 0.3226 -0.6832 -0.6551
vn 0.4041 -0.5368 -0.7406
vn 0.1163 -0.7533 -0.6473
vn 0.1785 -0.6486 -0.7399
vn 0.1128 -0.7720 -0.6256
vn 0.0973 -0.6486 -0.7549
vn -0.0626 -0.7865 -0.6145
vn -0.0657 -0.7055 -0.7056
vn -0.2404 -0.7677 -0.5940
vn -0.2358 -0.6364 -0.7345
vn -0.2566 -0.7505 -0.6090
vn -0.3264 -0.6320 -0.7029
vn -0.4528 -0.6603 -0.5992
vn -0.5360 -0.4982 -0.6815
vn -0.6524 -0.5815 -0.4861
vn -0.7565 -0.4654 -0.4594
vn -0.8805 -0.4541 -0.1362
vn -0.8845 -0.3209 -0.3387
vn -0.9689 -0.2455 0.0300
vn -0.9899 -0.1347 0.0448
vn -0.9776 -0.1866 0.0975
vn -0.9931 -0.1167 0.0137
vn -0.9775 -0.2048 -0.0502
vn -0.9911 -0.1324 -0.0119
vn -0.9672 -0.1425 -0.2104
vn -0.9248 -0.2421 -0.2934
vn -0.9064 -0.4212 0.0324
vn -0.8525 -0.2657 0.4502
vn -0.5186 -0.2749 0.8096
vn -0.5612 -0.2578 0.7865
vn -0.8038 -0.1144 0.5838
vn -0.7366 -0.1612 0.6568
vn -0.7917 -0.0835 0.6051
vn -0.7315 -0.1081 0.6732
vn -0.7531 -0.0200 0.6576
vn -0.6428 -0.0552 0.7640
vn -0.5858 0.0333 0.8098
vn -0.4434 0.0782 0.8929
vn -0.4442 0.1452 0.8841
vn -0.3126 0.1508 0.9378
vn -0.2842 0.1710 0.9434
vn -0.1185 0.1592 0.9801
vn -0.1158 0.1892 0.9751
vn 0.2717 0.4659 0.8421
vn 0.0755 0.4138 0.9072
vn 0.4289 0.3310 0.8405
vn 0.6201 0.3350 0.7094
vn 0.7157 0.1729 0.6767
vn 0.8644 0.1225 0.4876
vn 0.9274 -0.0072 0.3740
vn 0.9601 -0.0520 0.2746
vn 0.9890 -0.0795 0.1251
vn 0.9748 -0.0974 -0.2004
vn 0.9922 -0.0722 -0.1016
vn 0.9925 -0.0230 -0.1203
vn 0.9726 -0.0214 -0.2315
vn 0.9426 -0.0840 -0.3230
vn 0.9363 -0.1276 -0.3271
vn 0.8132 -0.1807 -0.5533
vn 0.6313 -0.3087 -0.7115
vn 0.4819 -0.3451 -0.8054
vn 0.2496 -0.4194 -0.8728
vn 0.1089 -0.4255 -0.8984
vn -0.0712 -0.4729 -0.8782
vn -0.2564 -0.4079 -0.8763
vn -0.3959 -0.3892 -0.8317
vn -0.6097 -0.3027 -0.7325
vn -0.7426 -0.2551 -0.6192
vn -0.8920 -0.1220 -0.4353
vn -0.9784 -0.0606 -0.1975
vn -0.9821 -0.0157 -0.1876
vn -0.9940 0.0477 -0.0986
vn -0.9988 0.0464 0.0169
vn -0.9994 -0.0027 0.0340
vn -0.9975 -0.0277 -0.0645
vn -0.9648 -0.0125 0.2628
vn -0.9158 0.0108 0.4014
vn -0.8662 0.0573 0.4965
vn -0.7787 0.1833 0.6001
vn -0.6015 0.2212 0.7677
vn -0.4903 0.3739 0.7873
vn -0.2851 0.3553 0.8902
vn -0.1218 0.4791 0.8693
vn 0.2492 0.7012 0.6680
vn 0.0719 0.7046 0.7059
vn 0.4102 0.6287 0.6606
vn 0.5730 0.5814 0.5775
vn 0.7360 0.4007 0.5456
vn 0.8460 0.3152 0.4301
vn 0.9388 0.1549 0.3078
vn 0.9777 0.0186 0.2091
vn 0.9992 -0.0197 0.0343
vn 0.9996 -0.0216 -0.0195
vn 0.9976 0.0660 -0.0198
vn 0.9794 0.1683 -0.1112
vn 0.9535 0.1534 -0.2593
vn 0.9047 0.0308 -0.4250
vn 0.8964 -0.0411 -0.4413
vn 0.8337 -0.0765 -0.5469
vn 0.6691 -0.1715 -0.7231
vn 0.5246 -0.1925 -0.8293
vn 0.2907 -0.2413 -0.9259
vn 0.1268 -0.2447 -0.9613
vn -0.0741 -0.2733 -0.9591
vn -0.2730 -0.2308 -0.9339
vn -0.4302 -0.2164 -0.8764
vn -0.6439 -0.1524 -0.7498
vn -0.7726 -0.1223 -0.6230
vn -0.9041 -0.0142 -0.4270
vn -0.9506 0.0249 -0.3095
vn -0.9484 0.0972 -0.3018
vn -0.9670 0.2201 -0.1282
vn -0.9713 0.2366 0.0234
vn -0.9838 0.1355 0.1172
vn -0.9921 0.0480 0.1158
vn -0.9844 0.0491 0.1689
vn -0.9381 0.0867 0.3354
vn -0.8742 0.2202 0.4327
vn -0.7542 0.3718 0.5413
vn -0.6235 0.4493 0.6398
vn -0.4455 0.6184 0.6474
vn -0.2711 0.6533 0.7069
vn -0.1074 0.7145 0.6914
vn 0.2394 0.7713 0.5898
vn 0.0681 0.7777 0.6250
vn 0.3698 0.7494 0.5492
vn 0.5131 0.7177 0.4707
vn 0.6615 0.5986 0.4518
vn 0.7768 0.5231 0.3507
vn 0.9033 0.3367 0.2659
vn 0.9643 0.1390 0.2255
vn 0.9978 -0.0158 0.0646
vn 1.0000 0.0091 -0.0014
vn 0.9760 0.1758 -0.1289
vn 0.9374 0.3230 -0.1299
vn 0.9147 0.3180 -0.2496
vn 0.9020 0.1553 -0.4028
vn 0.8920 0.0086 -0.4519
vn 0.8408 -0.0230 -0.5409
vn 0.6943 -0.0608 -0.7171
vn 0.5524 -0.0682 -0.8308
vn 0.3184 -0.1011 -0.9425
vn 0.1404 -0.1061 -0.9844
vn -0.0700 -0.1227 -0.9900
vn -0.2799 -0.0929 -0.9555
vn -0.4507 -0.0751 -0.8895
vn -0.6628 -0.0259 -0.7483
vn -0.7893 -0.0080 -0.6139
vn -0.9076 0.0398 -0.4179
vn -0.9415 0.0753 -0.3285
vn -0.9357 0.2182 -0.2771
vn -0.9158 0.3818 -0.1245
vn -0.9218 0.3876 -0.0018
vn -0.9699 0.2435 0.0041
vn -0.9876 0.0790 0.1358
vn -0.9792 0.0541 0.1954
vn -0.9132 0.2042 0.3527
vn -0.8311 0.3980 0.3884
vn -0.6816 0.5761 0.4511
vn -0.5492 0.6428 0.5340
vn -0.3916 0.7502 0.5328
vn -0.2376 0.7713 0.5905
vn -0.1042 0.7829 0.6134
vn 0.2098 0.8815 0.4230
vn 0.0623 0.8717 0.4861
vn 0.3435 0.8286 0.4420
vn 0.4482 0.8122 0.3734
vn 0.5812 0.7364 0.3462
vn 0.6720 0.6931 0.2608
vn 0.8101 0.5591 0.1764
vn 0.9099 0.3646 0.1978
vn 0.9879 0.1348 0.0768
vn 0.9871 0.1182 -0.1079
vn 0.9087 0.4088 -0.0850
vn 0.8233 0.5561 -0.1139
vn 0.7970 0.5492 -0.2515
vn 0.8414 0.3747 -0.3895
vn 0.8834 0.1564 -0.4418
vn 0.8157 0.1354 -0.5624
vn 0.6913 0.0638 -0.7197
vn 0.5666 0.0875 -0.8193
vn 0.3445 0.0623 -0.9367
vn 0.1497 0.0650 -0.9866
vn -0.0622 0.0482 -0.9969
vn -0.2772 0.0795 -0.9575
vn -0.4660 0.0897 -0.8802
vn -0.6647 0.1302 -0.7356
vn -0.7795 0.1149 -0.6157
vn -0.8754 0.1937 -0.4428
vn -0.9234 0.2178 -0.3162
vn -0.8590 0.4332 -0.2730
vn -0.7844 0.6036 -0.1423
vn -0.7908 0.6120 -0.0031
vn -0.8814 0.4709 0.0381
vn -0.9821 0.1866 0.0262
vn -0.9570 0.2018 0.2084
vn -0.8476 0.4270 0.3150
vn -0.7349 0.6157 0.2844
vn -0.5788 0.7375 0.3479
vn -0.4751 0.7735 0.4194
vn -0.3349 0.8391 0.4288
vn -0.2214 0.8476 0.4823
vn -0.0899 0.8911 0.4448
vn 0.1618 0.9610 0.2244
vn 0.0511 0.9648 0.2579
vn 0.2726 0.9322 0.2382
vn 0.3514 0.9203 0.1717
vn 0.4820 0.8506 0.2100
vn 0.5502 0.8251 0.1280
vn 0.6600 0.7402 0.1285
vn 0.7820 0.6161 0.0944
vn 0.9046 0.4233 0.0507
vn 0.9062 0.4192 -0.0560
vn 0.7524 0.6538 -0.0805
vn 0.6535 0.7487 -0.1113
vn 0.6470 0.7409 -0.1802
vn 0.6836 0.6324 -0.3644
vn 0.7852 0.4466 -0.4289
vn 0.7217 0.4414 -0.5331
vn 0.6356 0.3386 -0.6938
vn 0.5363 0.3856 -0.7508
vn 0.3450 0.3700 -0.8626
vn 0.1527 0.3859 -0.9098
vn -0.0452 0.3578 -0.9327
vn -0.2472 0.4013 -0.8820
vn -0.4345 0.3967 -0.8086
vn -0.6043 0.4256 -0.6736
vn -0.7030 0.3849 -0.5980
vn -0.7570 0.4923 -0.4297
vn -0.8041 0.5011 -0.3198
vn -0.6828 0.6793 -0.2688
vn -0.6124 0.7850 -0.0932
vn -0.6088 0.7930 -0.0248
vn -0.7091 0.7048 0.0203
vn -0.8740 0.4813 0.0665
vn -0.8584 0.4852 0.1663
vn -0.7162 0.6698 0.1961
vn -0.5817 0.7845 0.2151
vn -0.4682 0.8609 0.1991
vn -0.3885 0.8808 0.2708
vn -0.2599 0.9415 0.2146
vn -0.1724 0.9473 0.2700
vn -0.0629 0.9687 0.2403
vn 0.1574 0.9766 0.1465
vn 0.0462 0.9842 0.1709
vn 0.2348 0.9656 0.1116
vn 0.3147 0.9481 0.0460
vn 0.3704 0.9288 0.0141
vn 0.3977 0.9170 -0.0294
vn 0.4666 0.8834 -0.0436
vn 0.5635 0.8243 -0.0545
vn 0.7008 0.7118 -0.0469
vn 0.7059 0.7046 -0.0727
vn 0.4970 0.8677 0.0089
vn 0.4124 0.9067 -0.0882
vn 0.4002 0.9078 -0.1251
vn 0.4134 0.8574 -0.3066
vn 0.5619 0.7430 -0.3636
vn 0.5123 0.7635 -0.3931
vn 0.4826 0.6938 -0.5346
vn 0.4005 0.7396 -0.5410
vn 0.2771 0.7375 -0.6159
vn 0.1283 0.7616 -0.6352
vn -0.0140 0.7425 -0.6697
vn -0.1595 0.7732 -0.6138
vn -0.3059 0.7581 -0.5760
vn -0.4157 0.7700 -0.4841
vn -0.5063 0.7283 -0.4617
vn -0.5070 0.7991 -0.3231
vn -0.5535 0.7819 -0.2867
vn -0.3909 0.8861 -0.2491
vn -0.3492 0.9341 -0.0735
vn -0.3563 0.9337 -0.0355
vn -0.4293 0.9003 0.0726
vn -0.6586 0.7522 0.0212
vn -0.6497 0.7589 0.0448
vn -0.5066 0.8620 0.0183
vn -0.4048 0.9143 0.0168
vn -0.3331 0.9426 0.0211
vn -0.2998 0.9521 0.0602
vn -0.2388 0.9674 0.0840
vn -0.1496 0.9791 0.1380
vn -0.0676 0.9845 0.1620
vn 0.1549 0.9877 -0.0205
vn 0.0376 0.9985 0.0394
vn 0.2500 0.9682 -0.0130
vn 0.3161 0.9433 -0.1011
vn 0.3541 0.9301 -0.0982
vn 0.3498 0.9256 -0.1446
vn 0.3520 0.9230 -0.1556
vn 0.3576 0.9201 -0.1596
vn 0.4297 0.8888 -0.1592
vn 0.4082 0.9129 0.0061
vn 0.3078 0.9475 -0.0870
vn 0.2905 0.9539 -0.0750
vn 0.2852 0.9537 -0.0953
vn 0.2659 0.9499 -0.1642
vn 0.2686 0.9188 -0.2892
vn 0.3176 0.9193 -0.2325
vn 0.2863 0.9062 -0.3112
vn 0.2351 0.9190 -0.3166
vn 0.1738 0.9225 -0.3446
vn 0.0917 0.9310 -0.3533
vn 0.0105 0.9315 -0.3636
vn -0.0736 0.9374 -0.3405
vn -0.1528 0.9345 -0.3215
vn -0.2101 0.9354 -0.2843
vn -0.2635 0.9259 -0.2707
vn -0.2805 0.9405 -0.1916
vn -0.2404 0.9371 -0.2530
vn -0.2191 0.9669 -0.1305
vn -0.2285 0.9717 -0.0600
vn -0.2310 0.9722 -0.0392
vn -0.2501 0.9670 -0.0487
vn -0.3390 0.9391 0.0573
vn -0.3844 0.9173 -0.1035
vn -0.3109 0.9436 -0.1136
vn -0.3048 0.9460 -0.1104
vn -0.3011 0.9484 -0.0998
vn -0.2986 0.9529 -0.0533
vn -0.2606 0.9635 -0.0615
vn -0.1815 0.9833 0.0166
vn -0.0872 0.9962 -0.0039
vn 0.0230 0.9858 -0.1666
vn 0.3729 0.7129 -0.5939
vn 0.1886 0.8081 -0.5580
vn 0.2019 0.8294 -0.5209
vn 0.3530 0.7604 -0.5452
vn -0.1391 0.8460 -0.5147
vn -0.1373 0.8686 -0.4761
vn -0.3429 0.7956 -0.4995
vn -0.3011 0.8359 -0.4589
vn -0.3031 -0.8779 0.3708
vn -0.1648 -0.9046 0.3932
vn -0.1780 -0.9194 0.3506
vn -0.2892 -0.9015 0.3219
vn 0.0529 -0.9297 0.3645
vn 0.0511 -0.9459 0.3204
vn 0.1832 -0.9340 0.3066
vn 0.1523 -0.9525 0.2637
vn 0.2319 0.9169 -0.3248
vn 0.3735 0.8692 -0.3240
vn -0.0958 0.9548 -0.2816
vn -0.2393 0.9400 -0.2432
vn -0.1899 -0.9498 0.2486
vn -0.2826 -0.9286 0.2404
vn 0.0294 -0.9751 0.2197
vn 0.1192 -0.9750 0.1874
vn 0.2641 0.9645 -0.0089
vn 0.4065 0.9131 -0.0328
vn -0.0345 0.9989 0.0305
vn -0.1860 0.9815 0.0454
vn -0.2085 -0.9764 0.0564
vn -0.3001 -0.9503 0.0823
vn -0.0083 -0.9995 0.0300
vn 0.0903 -0.9954 0.0308
vn 0.2905 0.9183 0.2689
vn 0.4296 0.8713 0.2370
vn 0.0014 0.9517 0.3070
vn -0.1481 0.9381 0.3132
vn -0.2362 -0.9505 -0.2020
vn -0.3261 -0.9306 -0.1663
vn -0.0426 -0.9728 -0.2276
vn 0.0555 -0.9747 -0.2166
vn 0.3075 0.7854 0.5372
vn 0.4428 0.7486 0.4934
vn 0.0244 0.8181 0.5746
vn -0.1223 0.8139 0.5680
vn -0.2576 -0.8456 -0.4675
vn -0.3450 -0.8387 -0.4214
vn -0.0669 -0.8676 -0.4927
vn 0.0286 -0.8818 -0.4707
vn 0.3120 0.5714 0.7591
vn 0.4392 0.5503 0.7101
vn 0.0290 0.6041 0.7964
vn -0.1079 0.6135 0.7823
vn -0.2668 -0.7043 -0.6579
vn -0.3505 -0.7087 -0.6122
vn -0.0754 -0.7264 -0.6832
vn 0.0140 -0.7508 -0.6603
vn 0.1686 0.4707 0.8660
vn -0.1727 -0.6628 -0.7286
vn -0.1670 -0.4352 -0.8847
vn 0.3817 0.7640 -0.5203
vn 0.1811 0.8298 -0.5279
vn 0.1817 0.8574 -0.4814
vn 0.3431 0.8138 -0.4692
vn -0.1475 0.8152 -0.5600
vn -0.1595 0.8424 -0.5148
vn -0.3392 0.7321 -0.5908
vn -0.3157 0.7846 -0.5336
vn -0.2384 -0.9189 0.3144
vn -0.1058 -0.9232 0.3695
vn -0.1060 -0.9433 0.3146
vn -0.2085 -0.9438 0.2565
vn 0.1127 -0.9135 0.3909
vn 0.1252 -0.9331 0.3372
vn 0.2525 -0.8971 0.3624
vn 0.2367 -0.9241 0.3001
vn 0.1524 0.9505 -0.2706
vn 0.2952 0.9259 -0.2357
vn -0.1797 0.9359 -0.3031
vn -0.3239 0.8985 -0.2962
vn -0.0890 -0.9754 0.2018
vn -0.1790 -0.9687 0.1720
vn 0.1333 -0.9655 0.2235
vn 0.2264 -0.9508 0.2116
vn 0.1045 0.9936 0.0426
vn 0.2545 0.9657 0.0523
vn -0.1973 0.9803 0.0131
vn -0.3432 0.9392 -0.0062
vn -0.0601 -0.9980 0.0207
vn -0.1581 -0.9871 0.0253
vn 0.1420 -0.9890 0.0405
vn 0.2359 -0.9697 0.0639
vn 0.0765 0.9514 0.2983
vn 0.2244 0.9269 0.3010
vn -0.2156 0.9385 0.2697
vn -0.3585 0.9011 0.2440
vn -0.0346 -0.9764 -0.2133
vn -0.1323 -0.9709 -0.1994
vn 0.1605 -0.9677 -0.1942
vn 0.2527 -0.9539 -0.1618
vn 0.0536 0.8303 0.5547
vn 0.1995 0.8155 0.5433
vn -0.2322 0.8177 0.5268
vn -0.3712 0.7902 0.4875
vn -0.0128 -0.8843 -0.4668
vn -0.1086 -0.8916 -0.4397
vn 0.1800 -0.8758 -0.4479
vn 0.2691 -0.8749 -0.4028
vn 0.0431 0.6636 0.7468
vn 0.1779 0.6515 0.7375
vn -0.2445 0.6509 0.7187
vn -0.3734 0.6271 0.6836
vn -0.0023 -0.7876 -0.6162
vn -0.0920 -0.7936 -0.6014
vn 0.1902 -0.7791 -0.5974
vn 0.2755 -0.7774 -0.5655
vn -0.1043 0.5929 0.7985
vn 0.0954 -0.7749 -0.6248
vn 0.1066 -0.4497 -0.8868
vn 0.4110 0.6564 -0.6326
vn 0.2544 0.7913 -0.5560
vn 0.2761 0.8051 -0.5249
vn 0.4066 0.7025 -0.5841
vn -0.0597 0.8948 -0.4425
vn -0.0475 0.9118 -0.4080
vn -0.2723 0.8815 -0.3857
vn -0.2167 0.9079 -0.3588
vn -0.4211 -0.8219 0.3836
vn -0.2836 -0.8815 0.3775
vn -0.3058 -0.8891 0.3406
vn -0.4192 -0.8437 0.3352
vn -0.0745 -0.9504 0.3019
vn -0.0864 -0.9614 0.2613
vn 0.0452 -0.9755 0.2151
vn 0.0043 -0.9833 0.1822
vn 0.3691 0.8745 -0.3147
vn 0.5024 0.7937 -0.3429
vn 0.0548 0.9780 -0.2012
vn -0.0864 0.9877 -0.1301
vn -0.3498 -0.9095 0.2247
vn -0.4407 -0.8667 0.2337
vn -0.1378 -0.9793 0.1481
vn -0.0540 -0.9941 0.0940
vn 0.4596 0.8877 -0.0284
vn 0.5866 0.8059 -0.0800
vn 0.1733 0.9820 0.0751
vn 0.0217 0.9920 0.1241
vn -0.3954 -0.9160 0.0683
vn -0.4782 -0.8712 0.1108
vn -0.2045 -0.9789 -0.0007
vn -0.1051 -0.9942 -0.0241
vn 0.5249 0.8197 0.2292
vn 0.6485 0.7438 0.1621
vn 0.2473 0.9112 0.3296
vn 0.0919 0.9271 0.3633
vn -0.4640 -0.8697 -0.1685
vn -0.5420 -0.8335 -0.1070
vn -0.2759 -0.9316 -0.2365
vn -0.1729 -0.9552 -0.2404
vn 0.5587 0.7047 0.4373
vn 0.6770 0.6323 0.3766
vn 0.2867 0.7943 0.5356
vn 0.1402 0.8092 0.5706
vn -0.5029 -0.7813 -0.3697
vn -0.5820 -0.7486 -0.3176
vn -0.3223 -0.8408 -0.4349
vn -0.2260 -0.8659 -0.4462
vn 0.5694 0.5299 0.6285
vn 0.6842 0.4880 0.5420
vn 0.2988 0.6190 0.7263
vn 0.1556 0.6622 0.7330
vn -0.5248 -0.6747 -0.5190
vn -0.5979 -0.6698 -0.4404
vn -0.3393 -0.7358 -0.5861
vn -0.2460 -0.7857 -0.5676
vn 0.4272 0.4158 0.8029
vn -0.4393 -0.6165 -0.6534
vn -0.4134 -0.3196 -0.8526
vn 0.3079 0.8641 -0.3981
vn 0.0943 0.8916 -0.4430
vn 0.0833 0.9110 -0.4038
vn 0.2542 0.8963 -0.3635
vn -0.2326 0.8100 -0.5384
vn -0.2529 0.8271 -0.5019
vn -0.4022 0.6869 -0.6053
vn -0.3939 0.7345 -0.5525
vn -0.0994 -0.9708 0.2182
vn 0.0265 -0.9544 0.2974
vn 0.0368 -0.9670 0.2522
vn -0.0594 -0.9822 0.1780
vn 0.2442 -0.9000 0.3609
vn 0.2650 -0.9100 0.3188
vn 0.3852 -0.8499 0.3595
vn 0.3809 -0.8724 0.3064
vn -0.0045 0.9829 -0.1839
vn 0.1414 0.9825 -0.1216
vn -0.3307 0.9015 -0.2790
vn -0.4706 0.8298 -0.3001
vn 0.0833 -0.9883 0.1274
vn -0.0043 -0.9970 0.0778
vn 0.3032 -0.9335 0.1916
vn 0.3973 -0.8967 0.1950
vn -0.1102 0.9868 0.1184
vn 0.0453 0.9867 0.1564
vn -0.4076 0.9126 0.0316
vn -0.5424 0.8400 -0.0151
vn 0.1464 -0.9881 -0.0478
vn 0.0445 -0.9970 -0.0636
vn 0.3453 -0.9384 0.0102
vn 0.4330 -0.9000 0.0497
vn -0.1698 0.9145 0.3672
vn -0.0132 0.9193 0.3934
vn -0.4583 0.8425 0.2830
vn -0.5901 0.7753 0.2251
vn 0.2037 -0.9389 -0.2775
vn 0.1003 -0.9551 -0.2788
vn 0.3981 -0.8903 -0.2208
vn 0.4827 -0.8597 -0.1672
vn -0.2042 0.7874 0.5817
vn -0.0534 0.7959 0.6031
vn -0.4866 0.7169 0.4993
vn -0.6132 0.6562 0.4398
vn 0.2431 -0.8391 -0.4867
vn 0.1442 -0.8613 -0.4872
vn 0.4318 -0.7920 -0.4316
vn 0.5152 -0.7687 -0.3790
vn -0.2130 0.5873 0.7808
vn -0.0685 0.6201 0.7815
vn -0.4942 0.5171 0.6988
vn -0.6162 0.4834 0.6217
vn 0.2577 -0.7134 -0.6516
vn 0.1639 -0.7566 -0.6329
vn 0.4502 -0.6654 -0.5955
vn 0.5292 -0.6655 -0.5264
vn -0.3473 0.4002 0.8481
vn 0.3584 -0.6082 -0.7082
vn 0.3409 -0.3429 -0.8753
vn 0.3613 0.6525 -0.6661
vn 0.1684 0.7453 -0.6452
vn 0.1781 0.6911 -0.7005
vn 0.3123 0.6120 -0.7266
vn -0.1357 0.7576 -0.6385
vn -0.1522 0.7044 -0.6932
vn -0.3362 0.6807 -0.6508
vn -0.2933 0.6365 -0.7133
vn -0.2581 -0.8775 0.4043
vn -0.1251 -0.8837 0.4510
vn -0.1311 -0.8352 0.5341
vn -0.2315 -0.8178 0.5270
vn 0.0729 -0.8917 0.4466
vn 0.0865 -0.8440 0.5293
vn 0.2039 -0.8961 0.3942
vn 0.1875 -0.8347 0.5178
vn 0.1659 0.6445 -0.7464
vn 0.2876 0.5907 -0.7539
vn -0.1458 0.6571 -0.7395
vn -0.2717 0.6133 -0.7416
vn -0.1465 -0.9476 0.2840
vn -0.2331 -0.9484 0.2147
vn 0.0818 -0.9568 0.2790
vn 0.1650 -0.9646 0.2060
vn 0.3139 0.9448 0.0942
vn 0.1777 0.9802 0.0875
vn 0.1858 0.9681 0.1679
vn 0.3197 0.9333 0.1634
vn -0.0940 0.9912 0.0934
vn -0.0996 0.9797 0.1742
vn -0.2322 0.9669 0.1062
vn -0.2358 0.9558 0.1756
vn -0.1366 -0.9849 -0.1066
vn -0.2248 -0.9702 -0.0902
vn 0.0518 -0.9925 -0.1107
vn 0.1416 -0.9850 -0.0982
vn 0.1855 0.9398 0.2870
vn 0.3226 0.9031 0.2836
vn -0.0963 0.9512 0.2932
vn -0.2359 0.9257 0.2958
vn -0.1363 -0.9764 -0.1678
vn -0.2269 -0.9627 -0.1477
vn 0.0496 -0.9839 -0.1719
vn 0.1417 -0.9776 -0.1558
vn 0.1831 0.9047 0.3847
vn 0.3166 0.8710 0.3757
vn -0.0925 0.9158 0.3908
vn -0.2285 0.8930 0.3877
vn -0.1354 -0.9590 -0.2489
vn -0.2230 -0.9494 -0.2214
vn 0.0465 -0.9664 -0.2529
vn 0.1357 -0.9639 -0.2292
vn 0.1821 0.7839 0.5936
vn 0.3098 0.7784 0.5460
vn -0.0921 0.7950 0.5996
vn -0.2217 0.8000 0.5576
vn -0.1392 -0.9081 -0.3949
vn -0.2209 -0.9160 -0.3350
vn 0.0481 -0.9157 -0.3990
vn 0.1314 -0.9302 -0.3427
vn 0.0434 0.6725 0.7388
vn -0.0460 -0.8672 -0.4958
vn -0.0400 -0.5297 -0.8472
vn 0.4024 0.5437 -0.7365
vn 0.3273 0.7313 -0.5984
vn 0.4001 0.7401 -0.5405
vn 0.4740 0.5964 -0.6477
vn 0.0915 0.9224 -0.3752
vn 0.1557 0.9382 -0.3092
vn -0.1138 0.9621 -0.2479
vn 0.0010 0.9798 -0.2000
vn -0.5886 -0.6754 0.4443
vn -0.4700 -0.7896 0.3946
vn -0.5458 -0.7754 0.3175
vn -0.6566 -0.6786 0.3291
vn -0.3105 -0.9188 0.2436
vn -0.3751 -0.9138 0.1559
vn -0.2268 -0.9686 0.1018
vn -0.3290 -0.9441 0.0190
vn 0.6289 0.7227 -0.2867
vn 0.7220 0.5909 -0.3600
vn 0.3824 0.9224 -0.0534
vn 0.2646 0.9616 0.0729
vn -0.6579 -0.7355 0.1617
vn -0.7259 -0.6581 0.2001
vn -0.4896 -0.8720 0.0024
vn -0.4266 -0.9006 -0.0831
vn 0.8005 0.5984 0.0333
vn 0.8744 0.4792 -0.0762
vn 0.5780 0.7787 0.2439
vn 0.4371 0.8336 0.3377
vn -0.7374 -0.6755 0.0022
vn -0.7873 -0.6108 0.0845
vn -0.5869 -0.7974 -0.1402
vn -0.4956 -0.8472 -0.1915
vn 0.8520 0.4871 0.1919
vn 0.9250 0.3705 0.0844
vn 0.6361 0.6621 0.3963
vn 0.4982 0.7164 0.4884
vn -0.7898 -0.6004 -0.1254
vn -0.8401 -0.5410 -0.0394
vn -0.6452 -0.7176 -0.2623
vn -0.5547 -0.7723 -0.3096
vn 0.8726 0.3628 0.3271
vn 0.9426 0.2591 0.2108
vn 0.6619 0.5336 0.5265
vn 0.5249 0.5976 0.6061
vn -0.8269 -0.5041 -0.2495
vn -0.8746 -0.4599 -0.1533
vn -0.6841 -0.6198 -0.3846
vn -0.5951 -0.6864 -0.4179
vn 0.8695 0.2217 0.4414
vn 0.9336 0.1235 0.3364
vn 0.6564 0.3944 0.6431
vn 0.5300 0.4506 0.7184
vn -0.8371 -0.4581 -0.2990
vn -0.8875 -0.4016 -0.2260
vn -0.6939 -0.5742 -0.4346
vn -0.6148 -0.6226 -0.4842
vn 0.7664 0.2592 0.5878
vn -0.7655 -0.5449 -0.3422
vn -0.7099 -0.0560 -0.7021
vn 0.1433 0.9541 -0.2631
vn -0.0800 0.9293 -0.3606
vn -0.1318 0.9484 -0.2882
vn 0.0392 0.9786 -0.2020
vn -0.3569 0.7561 -0.5487
vn -0.4188 0.7689 -0.4831
vn -0.4629 0.5748 -0.6748
vn -0.5159 0.6313 -0.5790
vn 0.1730 -0.9824 0.0711
vn 0.2786 -0.9394 0.1998
vn 0.3293 -0.9382 0.1061
vn 0.2625 -0.9647 -0.0224
vn 0.4658 -0.8223 0.3269
vn 0.5297 -0.8129 0.2422
vn 0.5976 -0.7167 0.3595
vn 0.6471 -0.7241 0.2387
vn -0.3211 0.9470 -0.0051
vn -0.1846 0.9773 0.1039
vn -0.6104 0.7660 -0.2016
vn -0.7215 0.6414 -0.2608
vn 0.4234 -0.9039 -0.0603
vn 0.3476 -0.9277 -0.1364
vn 0.6211 -0.7803 0.0739
vn 0.6989 -0.7079 0.1022
vn -0.4839 0.8155 0.3175
vn -0.3280 0.8600 0.3909
vn -0.7451 0.6521 0.1401
vn -0.8413 0.5389 0.0423
vn 0.5056 -0.8353 -0.2159
vn 0.4049 -0.8784 -0.2540
vn 0.6823 -0.7248 -0.0960
vn 0.7473 -0.6642 -0.0215
vn -0.5284 0.7028 0.4764
vn -0.3758 0.7468 0.5487
vn -0.7819 0.5441 0.3042
vn -0.8768 0.4334 0.2084
vn 0.5519 -0.7594 -0.3446
vn 0.4522 -0.8074 -0.3790
vn 0.7216 -0.6532 -0.2293
vn 0.7872 -0.5978 -0.1515
vn -0.5450 0.5784 0.6070
vn -0.3943 0.6319 0.6672
vn -0.7923 0.4237 0.4390
vn -0.8846 0.3252 0.3342
vn 0.5800 -0.6665 -0.4685
vn 0.4829 -0.7262 -0.4894
vn 0.7475 -0.5617 -0.3547
vn 0.8109 -0.5209 -0.2667
vn -0.5336 0.4362 0.7246
vn -0.3945 0.4847 0.7806
vn -0.7834 0.2799 0.5549
vn -0.8683 0.1883 0.4588
vn 0.5863 -0.6190 -0.5226
vn 0.4979 -0.6631 -0.5589
vn 0.7546 -0.5137 -0.4084
vn 0.8180 -0.4629 -0.3415
vn -0.6580 0.3037 0.6891
vn 0.6725 -0.5903 -0.4464
vn 0.6004 -0.0981 -0.7937
vn 0.1495 0.2993 -0.9424
vn 0.1179 0.5322 -0.8383
vn 0.2230 0.5554 -0.8011
vn 0.2642 0.3769 -0.8878
vn -0.0490 0.7997 -0.5984
vn 0.0510 0.8311 -0.5538
vn -0.2142 0.8821 -0.4195
vn -0.0683 0.9096 -0.4099
vn -0.4364 -0.4935 0.7523
vn -0.3314 -0.6339 0.6989
vn -0.4441 -0.6323 0.6348
vn -0.5563 -0.5187 0.6492
vn -0.2176 -0.8161 0.5354
vn -0.3221 -0.8277 0.4595
vn -0.1783 -0.9071 0.3813
vn -0.3226 -0.8932 0.3132
vn 0.5801 0.5728 -0.5791
vn 0.6513 0.4049 -0.6418
vn 0.4044 0.8543 -0.3266
vn 0.3229 0.9311 -0.1697
vn -0.6488 -0.6047 0.4618
vn -0.7078 -0.5066 0.4923
vn -0.5268 -0.8003 0.2864
vn -0.4934 -0.8501 0.1842
vn 0.8193 0.4935 -0.2918
vn 0.8583 0.3381 -0.3860
vn 0.6602 0.7484 -0.0631
vn 0.5489 0.8338 0.0587
vn -0.7484 -0.5754 0.3300
vn -0.7765 -0.4827 0.4049
vn -0.6416 -0.7465 0.1764
vn -0.5688 -0.8156 0.1063
vn 0.8766 0.4435 -0.1869
vn 0.9147 0.2889 -0.2827
vn 0.7222 0.6908 0.0349
vn 0.6100 0.7770 0.1552
vn -0.7880 -0.5529 0.2708
vn -0.8113 -0.4653 0.3539
vn -0.6845 -0.7187 0.1221
vn -0.6073 -0.7921 0.0607
vn 0.9363 0.3498 -0.0322
vn 0.9676 0.2084 -0.1422
vn 0.7864 0.5899 0.1832
vn 0.6701 0.6852 0.2855
vn -0.8649 -0.4829 0.1372
vn -0.8803 -0.4107 0.2373
vn -0.7625 -0.6469 -0.0100
vn -0.6803 -0.7312 -0.0502
vn 0.9661 0.2283 0.1205
vn 0.9951 0.0963 0.0237
vn 0.8144 0.4713 0.3385
vn 0.7087 0.5552 0.4354
vn -0.8919 -0.4456 0.0769
vn -0.9197 -0.3637 0.1477
vn -0.7895 -0.6097 -0.0704
vn -0.7248 -0.6761 -0.1326
vn 0.9069 0.3118 0.2834
vn -0.8307 -0.5552 0.0409
vn -0.8889 -0.1749 -0.4234
vn 0.2122 0.8688 -0.4474
vn 0.0184 0.7988 -0.6013
vn -0.0707 0.8361 -0.5441
vn 0.0727 0.9053 -0.4186
vn -0.1979 0.5448 -0.8149
vn -0.2937 0.5742 -0.7642
vn -0.2593 0.3151 -0.9130
vn -0.3582 0.3993 -0.8440
vn 0.1689 -0.9197 0.3546
vn 0.2354 -0.8325 0.5015
vn 0.3259 -0.8504 0.4130
vn 0.3012 -0.9149 0.2687
vn 0.3827 -0.6595 0.6470
vn 0.4839 -0.6649 0.5691
vn 0.5034 -0.5268 0.6849
vn 0.6041 -0.5593 0.5677
vn -0.3860 0.8818 -0.2711
vn -0.2786 0.9519 -0.1272
vn -0.6137 0.6144 -0.4959
vn -0.7042 0.4522 -0.5474
vn 0.5051 -0.8361 0.2142
vn 0.4546 -0.8829 0.1177
vn 0.6633 -0.6503 0.3704
vn 0.7325 -0.5566 0.3920
vn -0.6096 0.7923 0.0252
vn -0.4770 0.8692 0.1302
vn -0.8158 0.5502 -0.1784
vn -0.8779 0.3984 -0.2657
vn 0.6069 -0.7897 0.0896
vn 0.5206 -0.8533 0.0304
vn 0.7453 -0.6272 0.2263
vn 0.7898 -0.5371 0.2962
vn -0.6606 0.7395 0.1294
vn -0.5274 0.8170 0.2330
vn -0.8607 0.5045 -0.0681
vn -0.9222 0.3534 -0.1569
vn 0.6428 -0.7654 0.0316
vn 0.5531 -0.8329 -0.0186
vn 0.7769 -0.6079 0.1640
vn 0.8175 -0.5225 0.2425
vn -0.7110 0.6426 0.2856
vn -0.5753 0.7292 0.3705
vn -0.9052 0.4146 0.0939
vn -0.9610 0.2763 -0.0104
vn 0.7069 -0.6986 -0.1105
vn 0.6142 -0.7769 -0.1385
vn 0.8397 -0.5427 0.0205
vn 0.8735 -0.4724 0.1176
vn -0.7258 0.5251 0.4445
vn -0.6022 0.6007 0.5258
vn -0.9224 0.2942 0.2503
vn -0.9734 0.1649 0.1593
vn 0.7282 -0.6627 -0.1748
vn 0.6512 -0.7240 -0.2276
vn 0.8609 -0.5068 -0.0437
vn 0.9039 -0.4273 0.0219
vn -0.8358 0.3732 0.4027
vn 0.7876 -0.6122 -0.0696
vn 0.8072 -0.2306 -0.5433
s 1
usemtl Hair
f 1539//1633 1540//1634 1580//1635 1579//1636
f 1540//1634 1541//1637 1581//1638 1580//1635
f 1541//1637 1542//1639 1582//1639 1581//1638
f 1542//1640 1543//1641 1583//1642 1582//1640
f 1543//1641 1544//1643 1584//1644 1583//1642
f 1544//1643 1545//1645 1585//1646 1584//1644
f 1545//1645 1546//1647 1586//1648 1585//1646
f 1546//1647 1547//1649 1587//1649 1586//1648
f 1547//1650 1548//1650 1588//1650 1587//1650
f 1548//1651 1549//1652 1589//1653 1588//1654
f 1549//1652 1550//1655 1590//1656 1589//1653
f 1550//1655 1551//1657 1591//1658 1590//1656
f 1551//1657 1552//1659 1592//1660 1591//1658
f 1552//1659 1553//1661 1593//1662 1592//1660
f 1553//1661 1554//1663 1594//1664 1593//1662
f 1554//1663 1555//1665 1595//1665 1594//1664
f 1555//1666 1556//1667 1596//1668 1595//1666
f 1556//1667 1557//1669 1597//1670 1596//1668
f 1557//1669 1558//1671 1598//1672 1597//1670
f 1558//1671 1559//1673 1599//1673 1598//1672
f 1559//1674 1560//1675 1600//1676 1599//1674
f 1560//1675 1561//1677 1601//1678 1600//1676
f 1561//1677 1562//1679 1602//1680 1601//1678
f 1562//1679 1563//1681 1603//1681 1602//1680
f 1563//1682 1564//1683 1604//1684 1603//1682
f 1564//1683 1565//1685 1605//1686 1604//1684
f 1565//1685 1566//1687 1606//1688 1605//1686
f 1566//1687 1567//1689 1607//1690 1606//1688
f 1567//1689 1568//1691 1608//1692 1607//1690
f 1568//1691 1569//1693 1609//1694 1608//1692
f 1569//1693 1570//1695 1610//1696 1609//1694
f 1570//1697 1571//1697 1611//1697 1610//1697
f 1571//1698 1572//1699 1612//1700 1611//1698
f 1572//1699 1573//1701 1613//1702 1612//1700
f 1573//1701 1574//1703 1614//1704 1613//1702
f 1574//1703 1575//1705 1615//1706 1614//1704
f 1575//1705 1576//1707 1616//1707 1615//1706
f 1576//1708 1577//1709 1617//1710 1616//1708
f 1577//1709 1578//1711 1618//1712 1617//1710
f 1578//1711 1539//1633 1579//1636 1618//1712
f 1579//1713 1580//1714 1620//1715 1619//1716
f 1580//1714 1581//1717 1621//1718 1620//1715
f 1581//1717 1582//1719 1622//1720 1621//1718
f 1582//1719 1583//1721 1623//1722 1622//1720
f 1583//1721 1584//1723 1624//1724 1623//1722
f 1584//1723 1585//1725 1625//1726 1624//1724
f 1585//1725 1586//1727 1626//1728 1625//1726
f 1586//1727 1587//1729 1627//1730 1626//1728
f 1587//1731 1588//1731 1628//1732 1627//1730
f 1588//1654 1589//1653 1629//1733 1628//1732
f 1589//1653 1590//1734 1630//1735 1629//1733
f 1590//1734 1591//1736 1631//1737 1630//1735
f 1591//1736 1592//1660 1632//1738 1631//1737
f 1592//1660 1593//1662 1633//1739 1632//1738
f 1593//1662 1594//1740 1634//1741 1633//1739
f 1594//1740 1595//1742 1635//1743 1634//1741
f 1595//1742 1596//1744 1636//1745 1635//1743
f 1596//1744 1597//1746 1637//1747 1636//1745
f 1597//1746 1598//1748 1638//1749 1637//1747
f 1598//1748 1599//1750 1639//1751 1638//1749
f 1599//1750 1600//1752 1640//1753 1639//1751
f 1600//1752 1601//1754 1641//1755 1640//1753
f 1601//1754 1602//1756 1642//1757 1641//1755
f 1602//1756 1603//1758 1643//1759 1642//1757
f 1603//1758 1604//1760 1644//1761 1643//1759
f 1604//1760 1605//1686 1645//1762 1644//1761
f 1605//1686 1606//1688 1646//1763 1645//1762
f 1606//1688 1607//1764 1647//1765 1646//1763
f 1607//1764 1608//1766 1648//1767 1647//1765
f 1608//1766 1609//1694 1649//1768 1648//1767
f 1609//1694 1610//1696 1650//1769 1649//1768
f 1610//1770 1611//1770 1651//1771 1650//1769
f 1611//1772 1612//1773 1652//1774 1651//1771
f 1612//1773 1613//1775 1653//1776 1652//1774
f 1613//1775 1614//1777 1654//1778 1653//1776
f 1614//1777 1615//1779 1655//1780 1654//1778
f 1615//1779 1616//1781 1656//1782 1655//1780
f 1616//1781 1617//1783 1657//1784 1656//1782
f 1617//1783 1618//1785 1658//1786 1657//1784
f 1618//1785 1579//1713 1619//1716 1658//1786
f 1619//1716 1620//1715 1660//1787 1659//1788
f 1620//1715 1621//1718 1661//1789 1660//1787
f 1621//1718 1622//1720 1662//1790 1661//1789
f 1622//1720 1623//1722 1663//1791 1662//1790
f 1623//1722 1624//1724 1664//1792 1663//1791
f 1624//1724 1625//1726 1665//1793 1664//1792
f 1625//1726 1626//1728 1666//1794 1665//1793
f 1626//1728 1627//1730 1667//1795 1666//1794
f 1627//1730 1628//1732 1668//1796 1667//1795
f 1628//1732 1629//1733 1669//1797 1668//1796
f 1629//1733 1630//1735 1670//1798 1669//1797
f 1630//1735 1631//1737 1671//1799 1670//1798
f 1631//1737 1632//1738 1672//1800 1671//1799
f 1632//1738 1633//1739 1673//1801 1672//1800
f 1633//1739 1634//1741 1674//1802 1673//1801
f 1634//1741 1635//1743 1675//1803 1674//1802
f 1635//1743 1636//1745 1676//1804 1675//1803
f 1636//1745 1637//1747 1677//1805 1676//1804
f 1637//1747 1638//1749 1678//1806 1677//1805
f 1638//1749 1639//1751 1679//1807 1678//1806
f 1639//1751 1640//1753 1680//1808 1679//1807
f 1640//1753 1641//1755 1681//1809 1680//1808
f 1641//1755 1642//1757 1682//1810 1681//1809
f 1642//1757 1643//1759 1683//1811 1682//1810
f 1643//1759 1644//1761 1684//1812 1683//1811
f 1644//1761 1645//1762 1685//1813 1684//1812
f 1645//1762 1646//1763 1686//1814 1685//1813
f 1646//1763 1647//1765 1687//1815 1686//1814
f 1647//1765 1648//1767 1688//1816 1687//1815
f 1648//1767 1649//1768 1689//1817 1688//1816
f 1649//1768 1650//1769 1690//1818 1689//1817
f 1650//1769 1651//1771 1691//1819 1690//1818
f 1651//1771 1652//1774 1692//1820 1691//1819
f 1652//1774 1653//1776 1693//1821 1692//1820
f 1653//1776 1654//1778 1694//1822 1693//1821
f 1654//1778 1655//1780 1695//1823 1694//1822
f 1655//1780 1656//1782 1696//1824 1695//1823
f 1656//1782 1657//1784 1697//1825 1696//1824
f 1657//1784 1658//1786 1698//1826 1697//1825
f 1658//1786 1619//1716 1659//1788 1698//1826
f 1659//1788 1660//1787 1700//1827 1699//1828
f 1660//1787 1661//1789 1701//1829 1700//1827
f 1661//1789 1662//1790 1702//1830 1701//1829
f 1662//1790 1663//1791 1703//1831 1702//1830
f 1663//1791 1664//1792 1704//1832 1703//1831
f 1664//1792 1665//1793 1705//1833 1704//1832
f 1665//1793 1666//1794 1706//1834 1705//1833
f 1666//1794 1667//1795 1707//1835 1706//1834
f 1667//1795 1668//1796 1708//1836 1707//1835
f 1668//1796 1669//1797 1709//1837 1708//1836
f 1669//1797 1670//1798 1710//1838 1709//1837
f 1670//1798 1671//1799 1711//1839 1710//1838
f 1671//1799 1672//1800 1712//1840 1711//1839
f 1672//1800 1673//1801 1713//1841 1712//1840
f 1673//1801 1674//1802 1714//1842 1713//1841
f 1674//1802 1675//1803 1715//1843 1714//1842
f 1675//1803 1676//1804 1716//1844 1715//1843
f 1676//1804 1677//1805 1717//1845 1716//1844
f 1677//1805 1678//1806 1718//1846 1717//1845
f 1678//1806 1679//1807 1719//1847 1718//1846
f 1679//1807 1680//1808 1720//1848 1719//1847
f 1680//1808 1681//1809 1721//1849 1720//1848
f 1681//1809 1682//1810 1722//1850 1721//1849
f 1682//1810 1683//1811 1723//1851 1722//1850
f 1683//1811 1684//1812 1724//1852 1723//1851
f 1684//1812 1685//1813 1725//1853 1724//1852
f 1685//1813 1686//1814 1726//1854 1725//1853
f 1686//1814 1687//1815 1727//1855 1726//1854
f 1687//1815 1688//1816 1728//1856 1727//1855
f 1688//1816 1689//1817 1729//1857 1728//1856
f 1689//1817 1690//1818 1730//1858 1729//1857
f 1690//1818 1691//1819 1731//1859 1730//1858
f 1691//1819 1692//1820 1732//1860 1731//1859
f 1692//1820 1693//1821 1733//1861 1732//1860
f 1693//1821 1694//1822 1734//1862 1733//1861
f 1694//1822 1695//1823 1735//1863 1734//1862
f 1695//1823 1696//1824 1736//1864 1735//1863
f 1696//1824 1697//1825 1737//1865 1736//1864
f 1697//1825 1698//1826 1738//1866 1737//1865
f 1698//1826 1659//1788 1699//1828 1738//1866
f 1699//1828 1700//1827 1740//1867 1739//1868
f 1700//1827 1701//1829 1741//1869 1740//1867
f 1701//1829 1702//1830 1742//1870 1741//1869
f 1702//1830 1703//1831 1743//1871 1742//1870
f 1703//1831 1704//1832 1744//1872 1743//1871
f 1704//1832 1705//1833 1745//1873 1744//1872
f 1705//1833 1706//1834 1746//1874 1745//1873
f 1706//1834 1707//1835 1747//1875 1746//1874
f 1707//1835 1708//1836 1748//1876 1747//1875
f 1708//1836 1709//1837 1749//1877 1748//1876
f 1709//1837 1710//1838 1750//1878 1749//1877
f 1710//1838 1711//1839 1751//1879 1750//1878
f 1711//1839 1712//1840 1752//1880 1751//1879
f 1712//1840 1713//1841 1753//1881 1752//1880
f 1713//1841 1714//1842 1754//1882 1753//1881
f 1714//1842 1715//1843 1755//1883 1754//1882
f 1715//1843 1716//1844 1756//1884 1755//1883
f 1716//1844 1717//1845 1757//1885 1756//1884
f 1717//1845 1718//1846 1758//1886 1757//1885
f 1718//1846 1719//1847 1759//1887 1758//1886
f 1719//1847 1720//1848 1760//1888 1759//1887
f 1720//1848 1721//1849 1761//1889 1760//1888
f 1721//1849 1722//1850 1762//1890 1761//1889
f 1722//1850 1723//1851 1763//1891 1762//1890
f 1723//1851 1724//1852 1764//1892 1763//1891
f 1724//1852 1725//1853 1765//1893 1764//1892
f 1725//1853 1726//1854 1766//1894 1765//1893
f 1726//1854 1727//1855 1767//1895 1766//1894
f 1727//1855 1728//1856 1768//1896 1767//1895
f 1728//1856 1729//1857 1769//1897 1768//1896
f 1729//1857 1730//1858 1770//1898 1769//1897
f 1730//1858 1731//1859 1771//1899 1770//1898
f 1731//1859 1732//1860 1772//1900 1771//1899
f 1732//1860 1733//1861 1773//1901 1772//1900
f 1733//1861 1734//1862 1774//1902 1773//1901
f 1734//1862 1735//1863 1775//1903 1774//1902
f 1735//1863 1736//1864 1776//1904 1775//1903
f 1736//1864 1737//1865 1777//1905 1776//1904
f 1737//1865 1738//1866 1778//1906 1777//1905
f 1738//1866 1699//1828 1739//1868 1778//1906
f 1739//1868 1740//1867 1780//1907 1779//1908
f 1740//1867 1741//1869 1781//1909 1780//1907
f 1741//1869 1742//1870 1782//1910 1781//1909
f 1742//1870 1743//1871 1783//1911 1782//1910
f 1743//1871 1744//1872 1784//1912 1783//1911
f 1744//1872 1745//1873 1785//1913 1784//1912
f 1745//1873 1746//1874 1786//1914 1785//1913
f 1746//1874 1747//1875 1787//1915 1786//1914
f 1747//1875 1748//1876 1788//1916 1787//1915
f 1748//1876 1749//1877 1789//1917 1788//1916
f 1749//1877 1750//1878 1790//1918 1789//1917
f 1750//1878 1751//1879 1791//1919 1790//1918
f 1751//1879 1752//1880 1792//1920 1791//1919
f 1752//1880 1753//1881 1793//1921 1792//1920
f 1753//1881 1754//1882 1794//1922 1793//1921
f 1754//1882 1755//1883 1795//1923 1794//1922
f 1755//1883 1756//1884 1796//1924 1795//1923
f 1756//1884 1757//1885 1797//1925 1796//1924
f 1757//1885 1758//1886 1798//1926 1797//1925
f 1758//1886 1759//1887 1799//1927 1798//1926
f 1759//1887 1760//1888 1800//1928 1799//1927
f 1760//1888 1761//1889 1801//1929 1800//1928
f 1761//1889 1762//1890 1802//1930 1801//1929
f 1762//1890 1763//1891 1803//1931 1802//1930
f 1763//1891 1764//1892 1804//1932 1803//1931
f 1764//1892 1765//1893 1805//1933 1804//1932
f 1765//1893 1766//1894 1806//1934 1805//1933
f 1766//1894 1767//1895 1807//1935 1806//1934
f 1767//1895 1768//1896 1808//1936 1807//1935
f 1768//1896 1769//1897 1809//1937 1808//1936
f 1769//1897 1770//1898 1810//1938 1809//1937
f 1770//1898 1771//1899 1811//1939 1810//1938
f 1771//1899 1772//1900 1812//1940 1811//1939
f 1772//1900 1773//1901 1813//1941 1812//1940
f 1773//1901 1774//1902 1814//1942 1813//1941
f 1774//1902 1775//1903 1815//1943 1814//1942
f 1775//1903 1776//1904 1816//1944 1815//1943
f 1776//1904 1777//1905 1817//1945 1816//1944
f 1777//1905 1778//1906 1818//1946 1817//1945
f 1778//1906 1739//1868 1779//1908 1818//1946
f 1779//1908 1780//1907 1820//1947 1819//1948
f 1780//1907 1781//1909 1821//1949 1820//1947
f 1781//1909 1782//1910 1822//1950 1821//1949
f 1782//1910 1783//1911 1823//1951 1822//1950
f 1783//1911 1784//1912 1824//1952 1823//1951
f 1784//1912 1785//1913 1825//1953 1824//1952
f 1785//1913 1786//1914 1826//1954 1825//1953
f 1786//1914 1787//1915 1827//1955 1826//1954
f 1787//1915 1788//1916 1828//1956 1827//1955
f 1788//1916 1789//1917 1829//1957 1828//1956
f 1789//1917 1790//1918 1830//1958 1829//1957
f 1790//1918 1791//1919 1831//1959 1830//1958
f 1791//1919 1792//1920 1832//1960 1831//1959
f 1792//1920 1793//1921 1833//1961 1832//1960
f 1793//1921 1794//1922 1834//1962 1833//1961
f 1794//1922 1795//1923 1835//1963 1834//1962
f 1795//1923 1796//1924 1836//1964 1835//1963
f 1796//1924 1797//1925 1837//1965 1836//1964
f 1797//1925 1798//1926 1838//1966 1837//1965
f 1798//1926 1799//1927 1839//1967 1838//1966
f 1799//1927 1800//1928 1840//1968 1839//1967
f 1800//1928 1801//1929 1841//1969 1840//1968
f 1801//1929 1802//1930 1842//1970 1841//1969
f 1802//1930 1803//1931 1843//1971 1842//1970
f 1803//1931 1804//1932 1844//1972 1843//1971
f 1804//1932 1805//1933 1845//1973 1844//1972
f 1805//1933 1806//1934 1846//1974 1845//1973
f 1806//1934 1807//1935 1847//1975 1846//1974
f 1807//1935 1808//1936 1848//1976 1847//1975
f 1808//1936 1809//1937 1849//1977 1848//1976
f 1809//1937 1810//1938 1850//1978 1849//1977
f 1810//1938 1811//1939 1851//1979 1850//1978
f 1811//1939 1812//1940 1852//1980 1851//1979
f 1812//1940 1813//1941 1853//1981 1852//1980
f 1813//1941 1814//1942 1854//1982 1853//1981
f 1814//1942 1815//1943 1855//1983 1854//1982
f 1815//1943 1816//1944 1856//1984 1855//1983
f 1816//1944 1817//1945 1857//1985 1856//1984
f 1817//1945 1818//1946 1858//1986 1857//1985
f 1818//1946 1779//1908 1819//1948 1858//1986
f 1819//1948 1820//1947 1860//1987 1859//1988
f 1820//1947 1821//1949 1861//1989 1860//1987
f 1821//1949 1822//1950 1862//1990 1861//1989
f 1822//1950 1823//1951 1863//1991 1862//1990
f 1823//1951 1824//1952 1864//1992 1863//1991
f 1824//1952 1825//1953 1865//1993 1864//1992
f 1825//1953 1826//1954 1866//1994 1865//1993
f 1826//1954 1827//1955 1867//1995 1866//1994
f 1827//1955 1828//1956 1868//1996 1867//1995
f 1828//1956 1829//1957 1869//1997 1868//1996
f 1829//1957 1830//1958 1870//1998 1869//1997
f 1830//1958 1831//1959 1871//1999 1870//1998
f 1831//1959 1832//1960 1872//2000 1871//1999
f 1832//1960 1833//1961 1873//2001 1872//2000
f 1833//1961 1834//1962 1874//2002 1873//2001
f 1834//1962 1835//1963 1875//2003 1874//2002
f 1835//1963 1836//1964 1876//2004 1875//2003
f 1836//1964 1837//1965 1877//2005 1876//2004
f 1837//1965 1838//1966 1878//2006 1877//2005
f 1838//1966 1839//1967 1879//2007 1878//2006
f 1839//1967 1840//1968 1880//2008 1879//2007
f 1840//1968 1841//1969 1881//2009 1880//2008
f 1841//1969 1842//1970 1882//2010 1881//2009
f 1842//1970 1843//1971 1883//2011 1882//2010
f 1843//1971 1844//1972 1884//2012 1883//2011
f 1844//1972 1845//1973 1885//2013 1884//2012
f 1845//1973 1846//1974 1886//2014 1885//2013
f 1846//1974 1847//1975 1887//2015 1886//2014
f 1847//1975 1848//1976 1888//2016 1887//2015
f 1848//1976 1849//1977 1889//2017 1888//2016
f 1849//1977 1850//1978 1890//2018 1889//2017
f 1850//1978 1851//1979 1891//2019 1890//2018
f 1851//1979 1852//1980 1892//2020 1891//2019
f 1852//1980 1853//1981 1893//2021 1892//2020
f 1853//1981 1854//1982 1894//2022 1893//2021
f 1854//1982 1855//1983 1895//2023 1894//2022
f 1855//1983 1856//1984 1896//2024 1895//2023
f 1856//1984 1857//1985 1897//2025 1896//2024
f 1857//1985 1858//1986 1898//2026 1897//2025
f 1858//1986 1819//1948 1859//1988 1898//2026
f 1859//1988 1860//1987 1900//2027 1899//2028
f 1860//1987 1861//1989 1901//2029 1900//2027
f 1861//1989 1862//1990 1902//2030 1901//2029
f 1862//1990 1863//1991 1903//2031 1902//2030
f 1863//1991 1864//1992 1904//2032 1903//2031
f 1864//1992 1865//1993 1905//2033 1904//2032
f 1865//1993 1866//1994 1906//2034 1905//2033
f 1866//1994 1867//1995 1907//2035 1906//2034
f 1867//1995 1868//1996 1908//2036 1907//2035
f 1868//1996 1869//1997 1909//2037 1908//2036
f 1869//1997 1870//1998 1910//2038 1909//2037
f 1870//1998 1871//1999 1911//2039 1910//2038
f 1871//1999 1872//2000 1912//2040 1911//2039
f 1872//2000 1873//2001 1913//2041 1912//2040
f 1873//2001 1874//2002 1914//2042 1913//2041
f 1874//2002 1875//2003 1915//2043 1914//2042
f 1875//2003 1876//2004 1916//2044 1915//2043
f 1876//2004 1877//2005 1917//2045 1916//2044
f 1877//2005 1878//2006 1918//2046 1917//2045
f 1878//2006 1879//2007 1919//2047 1918//2046
f 1879//2007 1880//2008 1920//2048 1919//2047
f 1880//2008 1881//2009 1921//2049 1920//2048
f 1881//2009 1882//2010 1922//2050 1921//2049
f 1882//2010 1883//2011 1923//2051 1922//2050
f 1883//2011 1884//2012 1924//2052 1923//2051
f 1884//2012 1885//2013 1925//2053 1924//2052
f 1885//2013 1886//2014 1926//2054 1925//2053
f 1886//2014 1887//2015 1927//2055 1926//2054
f 1887//2015 1888//2016 1928//2056 1927//2055
f 1888//2016 1889//2017 1929//2057 1928//2056
f 1889//2017 1890//2018 1930//2058 1929//2057
f 1890//2018 1891//2019 1931//2059 1930//2058
f 1891//2019 1892//2020 1932//2060 1931//2059
f 1892//2020 1893//2021 1933//2061 1932//2060
f 1893//2021 1894//2022 1934//2062 1933//2061
f 1894//2022 1895//2023 1935//2063 1934//2062
f 1895//2023 1896//2024 1936//2064 1935//2063
f 1896//2024 1897//2025 1937//2065 1936//2064
f 1897//2025 1898//2026 1938//2066 1937//2065
f 1898//2026 1859//1988 1899//2028 1938//2066
f 1899//2028 1900//2027 1939//2067
f 1900//2027 1901//2029 1939//2067
f 1901//2029 1902//2030 1939//2067
f 1902//2030 1903//2031 1939//2067
f 1903//2031 1904//2032 1939//2067
f 1904//2032 1905//2033 1939//2067
f 1905//2033 1906//2034 1939//2067
f 1906//2034 1907//2035 1939//2067
f 1907//2035 1908//2036 1939//2067
f 1908//2036 1909//2037 1939//2067
f 1909//2037 1910//2038 1939//2067
f 1910//2038 1911//2039 1939//2067
f 1911//2039 1912//2040 1939//2067
f 1912//2040 1913//2041 1939//2067
f 1913//2041 1914//2042 1939//2067
f 1914//2042 1915//2043 1939//2067
f 1915//2043 1916//2044 1939//2067
f 1916//2044 1917//2045 1939//2067
f 1917//2045 1918//2046 1939//2067
f 1918//2046 1919//2047 1939//2067
f 1919//2047 1920//2048 1939//2067
f 1920//2048 1921//2049 1939//2067
f 1921//2049 1922//2050 1939//2067
f 1922//2050 1923//2051 1939//2067
f 1923//2051 1924//2052 1939//2067
f 1924//2052 1925//2053 1939//2067
f 1925//2053 1926//2054 1939//2067
f 1926//2054 1927//2055 1939//2067
f 1927//2055 1928//2056 1939//2067
f 1928//2056 1929//2057 1939//2067
f 1929//2057 1930//2058 1939//2067
f 1930//2058 1931//2059 1939//2067
f 1931//2059 1932//2060 1939//2067
f 1932//2060 1933//2061 1939//2067
f 1933//2061 1934//2062 1939//2067
f 1934//2062 1935//2063 1939//2067
f 1935//2063 1936//2064 1939//2067
f 1936//2064 1937//2065 1939//2067
f 1937//2065 1938//2066 1939//2067
f 1938//2066 1899//2028 1939//2067
f 1983//2127 1984//2128 1990//2129 1989//2130
f 1984//2128 1985//2131 1991//2132 1990//2129
f 1985//2131 1986//2133 1992//2134 1991//2132
f 1986//2135 1987//2136 1993//2137 1992//2138
f 1987//2136 1988//2139 1994//2140 1993//2137
f 1988//2139 1983//2141 1989//2142 1994//2140
f 1989//2130 1990//2129 1996//2143 1995//2144
f 1990//2129 1991//2132 1997//2145 1996//2143
f 1991//2132 1992//2134 1998//2146 1997//2145
f 1992//2138 1993//2137 1999//2147 1998//2148
f 1993//2137 1994//2140 2000//2149 1999//2147
f 1994//2140 1989//2142 1995//2150 2000//2149
f 1995//2144 1996//2143 2002//2151 2001//2152
f 1996//2143 1997//2145 2003//2153 2002//2151
f 1997//2145 1998//2146 2004//2154 2003//2153
f 1998//2148 1999//2147 2005//2155 2004//2156
f 1999//2147 2000//2149 2006//2157 2005//2155
f 2000//2149 1995//2150 2001//2158 2006//2157
f 2001//2152 2002//2151 2008//2159 2007//2160
f 2002//2151 2003//2153 2009//2161 2008//2159
f 2003//2153 2004//2154 2010//2162 2009//2161
f 2004//2156 2005//2155 2011//2163 2010//2164
f 2005//2155 2006//2157 2012//2165 2011//2163
f 2006//2157 2001//2158 2007//2166 2012//2165
f 2007//2160 2008//2159 2014//2167 2013//2168
f 2008//2159 2009//2161 2015//2169 2014//2167
f 2009//2161 2010//2162 2016//2170 2015//2169
f 2010//2164 2011//2163 2017//2171 2016//2172
f 2011//2163 2012//2165 2018//2173 2017//2171
f 2012//2165 2007//2166 2013//2174 2018//2173
f 2013//2168 2014//2167 2020//2175 2019//2176
f 2014//2167 2015//2169 2021//2177 2020//2175
f 2015//2169 2016//2170 2022//2178 2021//2177
f 2016//2172 2017//2171 2023//2179 2022//2180
f 2017//2171 2018//2173 2024//2181 2023//2179
f 2018//2173 2013//2174 2019//2182 2024//2181
f 2019//2176 2020//2175 2025//2183
f 2020//2175 2021//2177 2025//2183
f 2021//2177 2022//2178 2025//2183
f 2022//2180 2023//2179 2025//2184
f 2023//2179 2024//2181 2025//2184
f 2024//2181 2019//2182 2025//2184
f 1988//2185 1987//2185 1986//2185 1985//2185 1984//2185 1983//2185
f 2026//2186 2027//2187 2033//2188 2032//2189
f 2027//2187 2028//2190 2034//2191 2033//2188
f 2028//2190 2029//2192 2035//2193 2034//2191
f 2029//2194 2030//2195 2036//2196 2035//2197
f 2030//2195 2031//2198 2037//2199 2036//2196
f 2031//2198 2026//2200 2032//2201 2037//2199
f 2032//2189 2033//2188 2039//2202 2038//2203
f 2033//2188 2034//2191 2040//2204 2039//2202
f 2034//2191 2035//2193 2041//2205 2040//2204
f 2035//2197 2036//2196 2042//2206 2041//2207
f 2036//2196 2037//2199 2043//2208 2042//2206
f 2037//2199 2032//2201 2038//2209 2043//2208
f 2038//2203 2039//2202 2045//2210 2044//2211
f 2039//2202 2040//2204 2046//2212 2045//2210
f 2040//2204 2041//2205 2047//2213 2046//2212
f 2041//2207 2042//2206 2048//2214 2047//2215
f 2042//2206 2043//2208 2049//2216 2048//2214
f 2043//2208 2038//2209 2044//2217 2049//2216
f 2044//2211 2045//2210 2051//2218 2050//2219
f 2045//2210 2046//2212 2052//2220 2051//2218
f 2046//2212 2047//2213 2053//2221 2052//2220
f 2047//2215 2048//2214 2054//2222 2053//2223
f 2048//2214 2049//2216 2055//2224 2054//2222
f 2049//2216 2044//2217 2050//2225 2055//2224
f 2050//2219 2051//2218 2057//2226 2056//2227
f 2051//2218 2052//2220 2058//2228 2057//2226
f 2052//2220 2053//2221 2059//2229 2058//2228
f 2053//2223 2054//2222 2060//2230 2059//2231
f 2054//2222 2055//2224 2061//2232 2060//2230
f 2055//2224 2050//2225 2056//2233 2061//2232
f 2056//2227 2057//2226 2063//2234 2062//2235
f 2057//2226 2058//2228 2064//2236 2063//2234
f 2058//2228 2059//2229 2065//2237 2064//2236
f 2059//2231 2060//2230 2066//2238 2065//2239
f 2060//2230 2061//2232 2067//2240 2066//2238
f 2061//2232 2056//2233 2062//2241 2067//2240
f 2062//2235 2063//2234 2068//2242
f 2063//2234 2064//2236 2068//2242
f 2064//2236 2065//2237 2068//2242
f 2065//2239 2066//2238 2068//2243
f 2066//2238 2067//2240 2068//2243
f 2067//2240 2062//2241 2068//2243
f 2031//2244 2030//2244 2029//2244 2028//2244 2027//2244 2026//2244
f 2112//2304 2113//2305 2119//2306 2118//2307
f 2113//2305 2114//2308 2120//2309 2119//2306
f 2114//2308 2115//2310 2121//2311 2120//2309
f 2115//2312 2116//2313 2122//2314 2121//2315
f 2116//2313 2117//2316 2123//2317 2122//2314
f 2117//2316 2112//2318 2118//2319 2123//2317
f 2118//2307 2119//2306 2125//2320 2124//2321
f 2119//2306 2120//2309 2126//2322 2125//2320
f 2120//2309 2121//2311 2127//2323 2126//2322
f 2121//2315 2122//2314 2128//2324 2127//2325
f 2122//2314 2123//2317 2129//2326 2128//2324
f 2123//2317 2118//2319 2124//2327 2129//2326
f 2124//2328 2125//2329 2131//2330 2130//2331
f 2125//2329 2126//2332 2132//2333 2131//2330
f 2126//2332 2127//2334 2133//2335 2132//2333
f 2127//2325 2128//2324 2134//2336 2133//2337
f 2128//2324 2129//2326 2135//2338 2134//2336
f 2129//2326 2124//2327 2130//2339 2135//2338
f 2130//2331 2131//2330 2137//2340 2136//2341
f 2131//2330 2132//2333 2138//2342 2137//2340
f 2132//2333 2133//2335 2139//2343 2138//2342
f 2133//2337 2134//2336 2140//2344 2139//2345
f 2134//2336 2135//2338 2141//2346 2140//2344
f 2135//2338 2130//2339 2136//2347 2141//2346
f 2136//2341 2137//2340 2143//2348 2142//2349
f 2137//2340 2138//2342 2144//2350 2143//2348
f 2138//2342 2139//2343 2145//2351 2144//2350
f 2139//2345 2140//2344 2146//2352 2145//2353
f 2140//2344 2141//2346 2147//2354 2146//2352
f 2141//2346 2136//2347 2142//2355 2147//2354
f 2142//2349 2143//2348 2149//2356 2148//2357
f 2143//2348 2144//2350 2150//2358 2149//2356
f 2144//2350 2145//2351 2151//2359 2150//2358
f 2145//2353 2146//2352 2152//2360 2151//2361
f 2146//2352 2147//2354 2153//2362 2152//2360
f 2147//2354 2142//2355 2148//2363 2153//2362
f 2148//2357 2149//2356 2154//2364
f 2149//2356 2150//2358 2154//2364
f 2150//2358 2151//2359 2154//2364
f 2151//2361 2152//2360 2154//2365
f 2152//2360 2153//2362 2154//2365
f 2153//2362 2148//2363 2154//2365
f 2117//2366 2116//2366 2115//2366 2114//2366 2113//2366 2112//2366
f 2155//2367 2156//2368 2162//2369 2161//2370
f 2156//2368 2157//2371 2163//2372 2162//2369
f 2157//2371 2158//2373 2164//2374 2163//2372
f 2158//2375 2159//2376 2165//2377 2164//2378
f 2159//2376 2160//2379 2166//2380 2165//2377
f 2160//2379 2155//2381 2161//2382 2166//2380
f 2161//2370 2162//2369 2168//2383 2167//2384
f 2162//2369 2163//2372 2169//2385 2168//2383
f 2163//2372 2164//2374 2170//2386 2169//2385
f 2164//2378 2165//2377 2171//2387 2170//2388
f 2165//2377 2166//2380 2172//2389 2171//2387
f 2166//2380 2161//2382 2167//2390 2172//2389
f 2167//2384 2168//2383 2174//2391 2173//2392
f 2168//2383 2169//2385 2175//2393 2174//2391
f 2169//2385 2170//2386 2176//2394 2175//2393
f 2170//2388 2171//2387 2177//2395 2176//2396
f 2171//2387 2172//2389 2178//2397 2177//2395
f 2172//2389 2167//2390 2173//2398 2178//2397
f 2173//2392 2174//2391 2180//2399 2179//2400
f 2174//2391 2175//2393 2181//2401 2180//2399
f 2175//2393 2176//2394 2182//2402 2181//2401
f 2176//2396 2177//2395 2183//2403 2182//2404
f 2177//2395 2178//2397 2184//2405 2183//2403
f 2178//2397 2173//2398 2179//2406 2184//2405
f 2179//2400 2180//2399 2186//2407 2185//2408
f 2180//2399 2181//2401 2187//2409 2186//2407
f 2181//2401 2182//2402 2188//2410 2187//2409
f 2182//2404 2183//2403 2189//2411 2188//2412
f 2183//2403 2184//2405 2190//2413 2189//2411
f 2184//2405 2179//2406 2185//2414 2190//2413
f 2185//2408 2186//2407 2192//2415 2191//2416
f 2186//2407 2187//2409 2193//2417 2192//2415
f 2187//2409 2188//2410 2194//2418 2193//2417
f 2188//2412 2189//2411 2195//2419 2194//2420
f 2189//2411 2190//2413 2196//2421 2195//2419
f 2190//2413 2185//2414 2191//2422 2196//2421
f 2191//2416 2192//2415 2197//2423
f 2192//2415 2193//2417 2197//2423
f 2193//2417 2194//2418 2197//2423
f 2194//2420 2195//2419 2197//2424
f 2195//2419 2196//2421 2197//2424
f 2196//2421 2191//2422 2197//2424
f 2160//2425 2159//2425 2158//2425 2157//2425 2156//2425 2155//2425
f 2241//2485 2242//2486 2248//2487 2247//2488
f 2242//2486 2243//2489 2249//2490 2248//2487
f 2243//2489 2244//2491 2250//2492 2249//2490
f 2244//2493 2245//2494 2251//2495 2250//2496
f 2245//2494 2246//2497 2252//2498 2251//2495
f 2246//2497 2241//2499 2247//2500 2252//2498
f 2247//2488 2248//2487 2254//2501 2253//2502
f 2248//2487 2249//2490 2255//2503 2254//2501
f 2249//2490 2250//2492 2256//2504 2255//2503
f 2250//2496 2251//2495 2257//2505 2256//2506
f 2251//2495 2252//2498 2258//2507 2257//2505
f 2252//2498 2247//2500 2253//2508 2258//2507
f 2253//2502 2254//2501 2260//2509 2259//2510
f 2254//2501 2255//2503 2261//2511 2260//2509
f 2255//2503 2256//2504 2262//2512 2261//2511
f 2256//2506 2257//2505 2263//2513 2262//2514
f 2257//2505 2258//2507 2264//2515 2263//2513
f 2258//2507 2253//2508 2259//2516 2264//2515
f 2259//2510 2260//2509 2266//2517 2265//2518
f 2260//2509 2261//2511 2267//2519 2266//2517
f 2261//2511 2262//2512 2268//2520 2267//2519
f 2262//2514 2263//2513 2269//2521 2268//2522
f 2263//2513 2264//2515 2270//2523 2269//2521
f 2264//2515 2259//2516 2265//2524 2270//2523
f 2265//2518 2266//2517 2272//2525 2271//2526
f 2266//2517 2267//2519 2273//2527 2272//2525
f 2267//2519 2268//2520 2274//2528 2273//2527
f 2268//2522 2269//2521 2275//2529 2274//2530
f 2269//2521 2270//2523 2276//2531 2275//2529
f 2270//2523 2265//2524 2271//2532 2276//2531
f 2271//2526 2272//2525 2278//2533 2277//2534
f 2272//2525 2273//2527 2279//2535 2278//2533
f 2273//2527 2274//2528 2280//2536 2279//2535
f 2274//2530 2275//2529 2281//2537 2280//2538
f 2275//2529 2276//2531 2282//2539 2281//2537
f 2276//2531 2271//2532 2277//2540 2282//2539
f 2277//2534 2278//2533 2283//2541
f 2278//2533 2279//2535 2283//2541
f 2279//2535 2280//2536 2283//2541
f 2280//2538 2281//2537 2283//2542
f 2281//2537 2282//2539 2283//2542
f 2282//2539 2277//2540 2283//2542
f 2246//2543 2245//2543 2244//2543 2243//2543 2242//2543 2241//2543
f 2284//2544 2285//2545 2291//2546 2290//2547
f 2285//2545 2286//2548 2292//2549 2291//2546
f 2286//2548 2287//2550 2293//2551 2292//2549
f 2287//2552 2288//2553 2294//2554 2293//2555
f 2288//2553 2289//2556 2295//2557 2294//2554
f 2289//2556 2284//2558 2290//2559 2295//2557
f 2290//2547 2291//2546 2297//2560 2296//2561
f 2291//2546 2292//2549 2298//2562 2297//2560
f 2292//2549 2293//2551 2299//2563 2298//2562
f 2293//2555 2294//2554 2300//2564 2299//2565
f 2294//2554 2295//2557 2301//2566 2300//2564
f 2295//2557 2290//2559 2296//2567 2301//2566
f 2296//2561 2297//2560 2303//2568 2302//2569
f 2297//2560 2298//2562 2304//2570 2303//2568
f 2298//2562 2299//2563 2305//2571 2304//2570
f 2299//2565 2300//2564 2306//2572 2305//2573
f 2300//2564 2301//2566 2307//2574 2306//2572
f 2301//2566 2296//2567 2302//2575 2307//2574
f 2302//2569 2303//2568 2309//2576 2308//2577
f 2303//2568 2304//2570 2310//2578 2309//2576
f 2304//2570 2305//2571 2311//2579 2310//2578
f 2305//2573 2306//2572 2312//2580 2311//2581
f 2306//2572 2307//2574 2313//2582 2312//2580
f 2307//2574 2302//2575 2308//2583 2313//2582
f 2308//2577 2309//2576 2315//2584 2314//2585
f 2309//2576 2310//2578 2316//2586 2315//2584
f 2310//2578 2311//2579 2317//2587 2316//2586
f 2311//2581 2312//2580 2318//2588 2317//2589
f 2312//2580 2313//2582 2319//2590 2318//2588
f 2313//2582 2308//2583 2314//2591 2319//2590
f 2314//2585 2315//2584 2321//2592 2320//2593
f 2315//2584 2316//2586 2322//2594 2321//2592
f 2316//2586 2317//2587 2323//2595 2322//2594
f 2317//2589 2318//2588 2324//2596 2323//2597
f 2318//2588 2319//2590 2325//2598 2324//2596
f 2319//2590 2314//2591 2320//2599 2325//2598
f 2320//2593 2321//2592 2326//2600
f 2321//2592 2322//2594 2326//2600
f 2322//2594 2323//2595 2326//2600
f 2323//2597 2324//2596 2326//2601
f 2324//2596 2325//2598 2326//2601
f 2325//2598 2320//2599 2326//2601
f 2289//2602 2288//2602 2287//2602 2286//2602 2285//2602 2284//2602
usemtl Hair_Light
f 1940//2068 1941//2069 1947//2070 1946//2071
f 1941//2069 1942//2072 1948//2073 1947//2070
f 1942//2072 1943//2074 1949//2075 1948//2073
f 1943//2076 1944//2077 1950//2078 1949//2079
f 1944//2077 1945//2080 1951//2081 1950//2078
f 1945//2080 1940//2082 1946//2083 1951//2081
f 1946//2071 1947//2070 1953//2084 1952//2085
f 1947//2070 1948//2073 1954//2086 1953//2084
f 1948//2073 1949//2075 1955//2087 1954//2086
f 1949//2079 1950//2078 1956//2088 1955//2089
f 1950//2078 1951//2081 1957//2090 1956//2088
f 1951//2081 1946//2083 1952//2091 1957//2090
f 1952//2085 1953//2084 1959//2092 1958//2093
f 1953//2084 1954//2086 1960//2094 1959//2092
f 1954//2086 1955//2087 1961//2095 1960//2094
f 1955//2089 1956//2088 1962//2096 1961//2097
f 1956//2088 1957//2090 1963//2098 1962//2096
f 1957//2090 1952//2091 1958//2099 1963//2098
f 1958//2093 1959//2092 1965//2100 1964//2101
f 1959//2092 1960//2094 1966//2102 1965//2100
f 1960//2094 1961//2095 1967//2103 1966//2102
f 1961//2097 1962//2096 1968//2104 1967//2105
f 1962//2096 1963//2098 1969//2106 1968//2104
f 1963//2098 1958//2099 1964//2107 1969//2106
f 1964//2101 1965//2100 1971//2108 1970//2109
f 1965//2100 1966//2102 1972//2110 1971//2108
f 1966//2102 1967//2103 1973//2111 1972//2110
f 1967//2105 1968//2104 1974//2112 1973//2113
f 1968//2104 1969//2106 1975//2114 1974//2112
f 1969//2106 1964//2107 1970//2115 1975//2114
f 1970//2109 1971//2108 1977//2116 1976//2117
f 1971//2108 1972//2110 1978//2118 1977//2116
f 1972//2110 1973//2111 1979//2119 1978//2118
f 1973//2113 1974//2112 1980//2120 1979//2121
f 1974//2112 1975//2114 1981//2122 1980//2120
f 1975//2114 1970//2115 1976//2123 1981//2122
f 1976//2117 1977//2116 1982//2124
f 1977//2116 1978//2118 1982//2124
f 1978//2118 1979//2119 1982//2124
f 1979//2121 1980//2120 1982//2125
f 1980//2120 1981//2122 1982//2125
f 1981//2122 1976//2123 1982//2125
f 1945//2126 1944//2126 1943//2126 1942//2126 1941//2126 1940//2126
f 2069//2245 2070//2246 2076//2247 2075//2248
f 2070//2246 2071//2249 2077//2250 2076//2247
f 2071//2249 2072//2251 2078//2252 2077//2250
f 2072//2253 2073//2254 2079//2255 2078//2256
f 2073//2254 2074//2257 2080//2258 2079//2255
f 2074//2257 2069//2259 2075//2260 2080//2258
f 2075//2248 2076//2247 2082//2261 2081//2262
f 2076//2247 2077//2250 2083//2263 2082//2261
f 2077//2250 2078//2252 2084//2264 2083//2263
f 2078//2256 2079//2255 2085//2265 2084//2266
f 2079//2255 2080//2258 2086//2267 2085//2265
f 2080//2258 2075//2260 2081//2268 2086//2267
f 2081//2262 2082//2261 2088//2269 2087//2270
f 2082//2261 2083//2263 2089//2271 2088//2269
f 2083//2263 2084//2264 2090//2272 2089//2271
f 2084//2266 2085//2265 2091//2273 2090//2274
f 2085//2265 2086//2267 2092//2275 2091//2273
f 2086//2267 2081//2268 2087//2276 2092//2275
f 2087//2270 2088//2269 2094//2277 2093//2278
f 2088//2269 2089//2271 2095//2279 2094//2277
f 2089//2271 2090//2272 2096//2280 2095//2279
f 2090//2274 2091//2273 2097//2281 2096//2282
f 2091//2273 2092//2275 2098//2283 2097//2281
f 2092//2275 2087//2276 2093//2284 2098//2283
f 2093//2278 2094//2277 2100//2285 2099//2286
f 2094//2277 2095//2279 2101//2287 2100//2285
f 2095//2279 2096//2280 2102//2288 2101//2287
f 2096//2282 2097//2281 2103//2289 2102//2290
f 2097//2281 2098//2283 2104//2291 2103//2289
f 2098//2283 2093//2284 2099//2292 2104//2291
f 2099//2286 2100//2285 2106//2293 2105//2294
f 2100//2285 2101//2287 2107//2295 2106//2293
f 2101//2287 2102//2288 2108//2296 2107//2295
f 2102//2290 2103//2289 2109//2297 2108//2298
f 2103//2289 2104//2291 2110//2299 2109//2297
f 2104//2291 2099//2292 2105//2300 2110//2299
f 2105//2294 2106//2293 2111//2301
f 2106//2293 2107//2295 2111//2301
f 2107//2295 2108//2296 2111//2301
f 2108//2298 2109//2297 2111//2302
f 2109//2297 2110//2299 2111//2302
f 2110//2299 2105//2300 2111//2302
f 2074//2303 2073//2303 2072//2303 2071//2303 2070//2303 2069//2303
f 2198//2426 2199//2427 2205//2428 2204//2429
f 2199//2427 2200//2430 2206//2431 2205//2428
f 2200//2430 2201//2432 2207//2433 2206//2431
f 2201//2434 2202//2435 2208//2436 2207//2437
f 2202//2435 2203//2438 2209//2439 2208//2436
f 2203//2438 2198//2440 2204//2441 2209//2439
f 2204//2429 2205//2428 2211//2442 2210//2443
f 2205//2428 2206//2431 2212//2444 2211//2442
f 2206//2431 2207//2433 2213//2445 2212//2444
f 2207//2437 2208//2436 2214//2446 2213//2447
f 2208//2436 2209//2439 2215//2448 2214//2446
f 2209//2439 2204//2441 2210//2449 2215//2448
f 2210//2443 2211//2442 2217//2450 2216//2451
f 2211//2442 2212//2444 2218//2452 2217//2450
f 2212//2444 2213//2445 2219//2453 2218//2452
f 2213//2447 2214//2446 2220//2454 2219//2455
f 2214//2446 2215//2448 2221//2456 2220//2454
f 2215//2448 2210//2449 2216//2457 2221//2456
f 2216//2451 2217//2450 2223//2458 2222//2459
f 2217//2450 2218//2452 2224//2460 2223//2458
f 2218//2452 2219//2453 2225//2461 2224//2460
f 2219//2455 2220//2454 2226//2462 2225//2463
f 2220//2454 2221//2456 2227//2464 2226//2462
f 2221//2456 2216//2457 2222//2465 2227//2464
f 2222//2459 2223//2458 2229//2466 2228//2467
f 2223//2458 2224//2460 2230//2468 2229//2466
f 2224//2460 2225//2461 2231//2469 2230//2468
f 2225//2463 2226//2462 2232//2470 2231//2471
f 2226//2462 2227//2464 2233//2472 2232//2470
f 2227//2464 2222//2465 2228//2473 2233//2472
f 2228//2467 2229//2466 2235//2474 2234//2475
f 2229//2466 2230//2468 2236//2476 2235//2474
f 2230//2468 2231//2469 2237//2477 2236//2476
f 2231//2471 2232//2470 2238//2478 2237//2479
f 2232//2470 2233//2472 2239//2480 2238//2478
f 2233//2472 2228//2473 2234//2481 2239//2480
f 2234//2475 2235//2474 2240//2482
f 2235//2474 2236//2476 2240//2482
f 2236//2476 2237//2477 2240//2482
f 2237//2479 2238//2478 2240//2483
f 2238//2478 2239//2480 2240//2483
f 2239//2480 2234//2481 2240//2483
f 2203//2484 2202//2484 2201//2484 2200//2484 2199//2484 2198//2484
