# Blender 5.0.1
# www.blender.org
mtllib rudeus_lowpoly.mtl
o Rudeus_Body
v 0.000000 1.304560 0.076800
v 0.038400 1.348080 0.010240
v 0.035477 1.357387 -0.004455
v 0.027153 1.365277 -0.016913
v 0.014695 1.370549 -0.025237
v 0.000000 1.372400 -0.028160
v -0.014695 1.370549 -0.025237
v -0.027153 1.365277 -0.016913
v -0.035477 1.357387 -0.004455
v -0.038400 1.348080 0.010240
v -0.035477 1.338773 0.040610
v -0.027153 1.330883 0.066356
v -0.014695 1.325611 0.083559
v -0.000000 1.323760 0.089600
v 0.014695 1.325611 0.083559
v 0.027153 1.330883 0.066356
v 0.035477 1.338773 0.040610
v 0.071680 1.368560 0.006400
v 0.066224 1.374928 -0.016132
v 0.050685 1.380326 -0.035234
v 0.027431 1.383933 -0.047998
v 0.000000 1.385200 -0.052480
v -0.027431 1.383933 -0.047998
v -0.050685 1.380326 -0.035234
v -0.066224 1.374928 -0.016132
v -0.071680 1.368560 0.006400
v -0.066224 1.362192 0.043627
v -0.050685 1.356794 0.075187
v -0.027431 1.353187 0.096275
v -0.000000 1.351920 0.103680
v 0.027431 1.353187 0.096275
v 0.050685 1.356794 0.075187
v 0.066224 1.362192 0.043627
v 0.104960 1.391600 0.002560
v 0.096970 1.391600 -0.033688
v 0.074218 1.391600 -0.064417
v 0.040166 1.391600 -0.084950
v 0.000000 1.391600 -0.092160
v -0.040166 1.391600 -0.084950
v -0.074218 1.391600 -0.064417
v -0.096970 1.391600 -0.033688
v -0.104960 1.391600 0.002560
v -0.096970 1.391600 0.044686
v -0.074218 1.391600 0.080398
v -0.040166 1.391600 0.104261
v -0.000000 1.391600 0.119040
v 0.040166 1.391600 0.104261
v 0.074218 1.391600 0.080398
v 0.096970 1.391600 0.044686
v 0.119040 1.426160 0.000000
v 0.109979 1.426160 -0.045065
v 0.084174 1.426160 -0.083269
v 0.045555 1.426160 -0.108796
v 0.000000 1.426160 -0.117760
v -0.045555 1.426160 -0.108796
v -0.084174 1.426160 -0.083269
v -0.109979 1.426160 -0.045065
v -0.119040 1.426160 -0.000000
v -0.109979 1.426160 0.044575
v -0.084174 1.426160 0.082364
v -0.045555 1.426160 0.107613
v -0.000000 1.426160 0.116480
v 0.045555 1.426160 0.107613
v 0.084174 1.426160 0.082364
v 0.109979 1.426160 0.044575
v 0.125440 1.464560 -0.002560
v 0.115891 1.464560 -0.051543
v 0.088699 1.464560 -0.093070
v 0.048004 1.464560 -0.120817
v 0.000000 1.464560 -0.130560
v -0.048004 1.464560 -0.120817
v -0.088699 1.464560 -0.093070
v -0.115891 1.464560 -0.051543
v -0.125440 1.464560 -0.002560
v -0.115891 1.464560 0.042995
v -0.088699 1.464560 0.081614
v -0.048004 1.464560 0.107419
v -0.000000 1.464560 0.116480
v 0.048004 1.464560 0.107419
v 0.088699 1.464560 0.081614
v 0.115891 1.464560 0.042995
v 0.120320 1.508080 -0.003840
v 0.111161 1.508080 -0.050864
v 0.085079 1.508080 -0.090729
v 0.046044 1.508080 -0.117366
v 0.000000 1.508080 -0.126720
v -0.046044 1.508080 -0.117366
v -0.085079 1.508080 -0.090729
v -0.111161 1.508080 -0.050864
v -0.120320 1.508080 -0.003840
v -0.111161 1.508080 0.039265
v -0.085079 1.508080 0.075809
v -0.046044 1.508080 0.100226
v -0.000000 1.508080 0.108800
v 0.046044 1.508080 0.100226
v 0.085079 1.508080 0.075809
v 0.111161 1.508080 0.039265
v 0.099840 1.546480 -0.005120
v 0.092240 1.546480 -0.045286
v 0.070598 1.546480 -0.079338
v 0.038207 1.546480 -0.102090
v 0.000000 1.546480 -0.110080
v -0.038207 1.546480 -0.102090
v -0.070598 1.546480 -0.079338
v -0.092240 1.546480 -0.045286
v -0.099840 1.546480 -0.005120
v -0.092240 1.546480 0.029168
v -0.070598 1.546480 0.058237
v -0.038207 1.546480 0.077660
v -0.000000 1.546480 0.084480
v 0.038207 1.546480 0.077660
v 0.070598 1.546480 0.058237
v 0.092240 1.546480 0.029168
v 0.061440 1.575920 -0.006400
v 0.056763 1.575920 -0.031871
v 0.043445 1.575920 -0.053465
v 0.023512 1.575920 -0.067893
v 0.000000 1.575920 -0.072960
v -0.023512 1.575920 -0.067893
v -0.043445 1.575920 -0.053465
v -0.056763 1.575920 -0.031871
v -0.061440 1.575920 -0.006400
v -0.056763 1.575920 0.014173
v -0.043445 1.575920 0.031614
v -0.023512 1.575920 0.043268
v -0.000000 1.575920 0.047360
v 0.023512 1.575920 0.043268
v 0.043445 1.575920 0.031614
v 0.056763 1.575920 0.014173
v 0.000000 1.590000 -0.006400
v -0.040000 1.245000 -0.012000
v -0.028284 1.246393 0.014126
v -0.000000 1.246971 0.024947
v 0.028284 1.246393 0.014126
v 0.040000 1.245000 -0.012000
v 0.028284 1.243607 -0.038126
v 0.000000 1.243029 -0.048947
v -0.028284 1.243607 -0.038126
v -0.040000 1.320000 -0.016000
v -0.028284 1.321463 0.010122
v -0.000000 1.322068 0.020942
v 0.028284 1.321463 0.010122
v 0.040000 1.320000 -0.016000
v 0.028284 1.318537 -0.042122
v 0.000000 1.317932 -0.052942
v -0.028284 1.318537 -0.042122
v -0.040000 1.423600 -0.022000
v -0.028284 1.425113 0.004119
v -0.000000 1.425739 0.014938
v 0.028284 1.425113 0.004119
v 0.040000 1.423600 -0.022000
v 0.028284 1.422087 -0.048119
v 0.000000 1.421461 -0.058938
v -0.028284 1.422087 -0.048119
v -0.115200 1.419226 -0.024829
v -0.121119 1.418561 -0.017778
v -0.121119 1.422936 -0.005748
v -0.115200 1.427974 -0.000771
v -0.109281 1.428638 -0.007822
v -0.109281 1.424264 -0.019852
v -0.130560 1.446498 -0.038826
v -0.137958 1.446909 -0.030193
v -0.137958 1.452171 -0.014407
v -0.130560 1.457022 -0.007254
v -0.123162 1.456611 -0.015887
v -0.123162 1.451348 -0.031673
v -0.133120 1.477360 -0.030720
v 0.115200 1.427974 -0.000771
v 0.121119 1.422936 -0.005748
v 0.121119 1.418561 -0.017778
v 0.115200 1.419226 -0.024829
v 0.109281 1.424264 -0.019852
v 0.109281 1.428638 -0.007822
v 0.130560 1.457022 -0.007254
v 0.137958 1.452171 -0.014407
v 0.137958 1.446909 -0.030193
v 0.130560 1.446498 -0.038826
v 0.123162 1.451348 -0.031673
v 0.123162 1.456611 -0.015887
v 0.133120 1.477360 -0.030720
v 0.251947 0.806451 -0.002000
v 0.245950 0.808162 0.017683
v 0.231780 0.808021 0.025836
v 0.217740 0.806110 0.017683
v 0.212053 0.803549 -0.002000
v 0.218050 0.801838 -0.021683
v 0.232220 0.801979 -0.029836
v 0.246260 0.803890 -0.021683
v 0.257960 0.751318 0.004000
v 0.251327 0.754290 0.032084
v 0.235715 0.754749 0.043716
v 0.220270 0.752426 0.032084
v 0.214039 0.748682 0.004000
v 0.220673 0.745710 -0.024084
v 0.236285 0.745251 -0.035716
v 0.251730 0.747574 -0.024084
v 0.258994 0.704494 0.010000
v 0.252974 0.709993 0.037773
v 0.238182 0.712567 0.049277
v 0.223284 0.710708 0.037773
v 0.217006 0.705506 0.010000
v 0.223026 0.700007 -0.017773
v 0.237818 0.697433 -0.029277
v 0.252716 0.699292 -0.017773
v 0.250555 0.663137 0.020000
v 0.247238 0.670834 0.043077
v 0.236167 0.676285 0.052636
v 0.223826 0.676297 0.043077
v 0.217445 0.670863 0.020000
v 0.220762 0.663166 -0.003077
v 0.231833 0.657715 -0.012636
v 0.244174 0.657703 -0.003077
v 0.224000 0.645000 0.028000
v 0.228000 0.749633 0.013267
v 0.238142 0.750288 0.019648
v 0.238142 0.755655 0.030381
v 0.228000 0.760367 0.034733
v 0.217858 0.759712 0.028352
v 0.217858 0.754345 0.017619
v 0.220000 0.719740 0.030546
v 0.228443 0.719549 0.035901
v 0.228443 0.722809 0.045355
v 0.220000 0.726260 0.049454
v 0.211557 0.726451 0.044099
v 0.211557 0.723192 0.034645
v 0.214000 0.697000 0.044000
v -0.321500 0.865000 0.134560
v -0.320225 0.865000 0.154960
v -0.310025 0.865000 0.167200
v -0.285800 0.865000 0.167200
v -0.271775 0.865000 0.156320
v -0.270500 0.865000 0.131840
v -0.280700 0.865000 0.112800
v -0.311300 0.865000 0.112800
v -0.326000 0.880000 0.133600
v -0.324500 0.880000 0.157600
v -0.312500 0.880000 0.172000
v -0.284000 0.880000 0.172000
v -0.267500 0.880000 0.159200
v -0.266000 0.880000 0.130400
v -0.278000 0.880000 0.108000
v -0.314000 0.880000 0.108000
v -0.326000 0.925000 0.133600
v -0.324500 0.925000 0.157600
v -0.312500 0.925000 0.172000
v -0.284000 0.925000 0.172000
v -0.267500 0.925000 0.159200
v -0.266000 0.925000 0.130400
v -0.278000 0.925000 0.108000
v -0.314000 0.925000 0.108000
v -0.322400 0.943000 0.134368
v -0.321080 0.943000 0.155488
v -0.310520 0.943000 0.168160
v -0.285440 0.943000 0.168160
v -0.270920 0.943000 0.156896
v -0.269600 0.943000 0.131552
v -0.280160 0.943000 0.111840
v -0.311840 0.943000 0.111840
v -0.258638 0.915000 0.085497
v -0.266029 0.928938 0.086218
v -0.282776 0.934711 0.083296
v -0.299068 0.928938 0.078444
v -0.305362 0.915000 0.074503
v -0.297971 0.901062 0.073782
v -0.281224 0.895289 0.076704
v -0.264932 0.901062 0.081556
v -0.262744 0.909000 0.120413
v -0.271385 0.925726 0.121331
v -0.290931 0.932654 0.117955
v -0.309931 0.925726 0.112262
v -0.317256 0.909000 0.107587
v -0.308615 0.892274 0.106669
v -0.289069 0.885346 0.110045
v -0.270069 0.892274 0.115738
v -0.271722 0.935000 0.177244
v -0.274701 0.944362 0.172296
v -0.282979 0.944362 0.165053
v -0.288278 0.935000 0.162756
v -0.285299 0.925638 0.167704
v -0.277021 0.925638 0.174947
v -0.290376 0.939000 0.195320
v -0.293019 0.947614 0.190983
v -0.296644 0.947614 0.181663
v -0.297624 0.939000 0.176680
v -0.294981 0.930386 0.181017
v -0.291356 0.930386 0.190337
v -0.316000 0.931000 0.184000
vn -0.0000 -0.9664 0.2570
vn 0.1802 -0.8432 -0.5065
vn 0.3195 -0.8680 -0.3801
vn 0.0914 -0.8447 -0.5274
vn 0.0330 -0.8553 -0.5171
vn -0.0000 -0.8612 -0.5082
vn -0.0330 -0.8553 -0.5171
vn -0.0914 -0.8447 -0.5274
vn -0.1802 -0.8432 -0.5065
vn -0.3195 -0.8680 -0.3801
vn -0.6126 -0.7872 -0.0704
vn -0.6880 -0.6960 0.2055
vn -0.5420 -0.5777 0.6103
vn -0.0000 -0.5207 0.8537
vn 0.5420 -0.5777 0.6103
vn 0.6880 -0.6960 0.2055
vn 0.6126 -0.7872 -0.0704
vn 0.3383 -0.8757 -0.3447
vn 0.5255 -0.8330 -0.1733
vn 0.1603 -0.9129 -0.3755
vn 0.0511 -0.9386 -0.3413
vn -0.0000 -0.9480 -0.3183
vn -0.0511 -0.9386 -0.3413
vn -0.1603 -0.9129 -0.3755
vn -0.3383 -0.8757 -0.3447
vn -0.5255 -0.8330 -0.1733
vn -0.6529 -0.7497 0.1086
vn -0.6630 -0.6133 0.4294
vn -0.4720 -0.4684 0.7469
vn -0.0000 -0.4103 0.9119
vn 0.4720 -0.4684 0.7469
vn 0.6630 -0.6133 0.4294
vn 0.6529 -0.7497 0.1086
vn 0.6510 -0.6894 -0.3178
vn 0.7887 -0.6135 -0.0397
vn 0.1532 -0.9537 -0.2589
vn 0.0436 -0.9774 -0.2068
vn -0.0000 -0.9839 -0.1785
vn -0.0436 -0.9774 -0.2068
vn -0.1532 -0.9537 -0.2589
vn -0.6510 -0.6894 -0.3178
vn -0.7887 -0.6135 -0.0397
vn -0.8011 -0.5238 0.2896
vn -0.6838 -0.3918 0.6156
vn -0.4391 -0.2413 0.8654
vn -0.0000 -0.1794 0.9838
vn 0.4391 -0.2413 0.8654
vn 0.6838 -0.3918 0.6156
vn 0.8011 -0.5238 0.2896
vn 0.8729 -0.3188 -0.3693
vn 0.9630 -0.2695 0.0004
vn 0.6073 -0.5063 -0.6122
vn 0.6475 -0.3811 -0.6599
vn 0.3116 -0.5672 -0.7623
vn 0.3404 -0.4309 -0.8358
vn -0.0000 -0.5897 -0.8077
vn -0.0000 -0.4493 -0.8934
vn -0.3117 -0.5672 -0.7623
vn -0.3404 -0.4309 -0.8358
vn -0.6073 -0.5063 -0.6122
vn -0.6475 -0.3811 -0.6599
vn -0.8729 -0.3188 -0.3693
vn -0.9630 -0.2695 0.0004
vn -0.8994 -0.2214 0.3768
vn -0.6960 -0.1530 0.7015
vn -0.3949 -0.0678 0.9162
vn -0.0000 -0.0182 0.9998
vn 0.3949 -0.0678 0.9162
vn 0.6960 -0.1530 0.7015
vn 0.8994 -0.2214 0.3768
vn 0.9229 -0.0498 -0.3819
vn 0.9997 -0.0233 0.0037
vn 0.7062 -0.0794 -0.7035
vn 0.3822 -0.1031 -0.9183
vn -0.0000 -0.1121 -0.9937
vn -0.3822 -0.1031 -0.9183
vn -0.7062 -0.0794 -0.7035
vn -0.9229 -0.0498 -0.3819
vn -0.9997 -0.0233 0.0037
vn -0.9192 0.0052 0.3938
vn -0.6937 0.0412 0.7191
vn -0.3699 0.0719 0.9263
vn -0.0000 0.0839 0.9965
vn 0.3699 0.0719 0.9263
vn 0.6937 0.0412 0.7191
vn 0.9192 0.0052 0.3938
vn 0.8906 0.2787 -0.3595
vn 0.9560 0.2932 0.0084
vn 0.6914 0.2624 -0.6732
vn 0.3793 0.2482 -0.8914
vn -0.0000 0.2425 -0.9701
vn -0.3793 0.2482 -0.8914
vn -0.6914 0.2624 -0.6732
vn -0.8906 0.2787 -0.3595
vn -0.9560 0.2932 0.0084
vn -0.8700 0.3098 0.3837
vn -0.6461 0.3297 0.6884
vn -0.3399 0.3458 0.8746
vn -0.0000 0.3519 0.9360
vn 0.3399 0.3458 0.8746
vn 0.6461 0.3297 0.6884
vn 0.8700 0.3098 0.3837
vn 0.7251 0.6242 -0.2910
vn 0.7733 0.6340 0.0095
vn 0.5686 0.6114 -0.5503
vn 0.3149 0.6001 -0.7354
vn -0.0000 0.5955 -0.8034
vn -0.3149 0.6001 -0.7354
vn -0.5686 0.6114 -0.5503
vn -0.7251 0.6242 -0.2910
vn -0.7733 0.6340 0.0095
vn -0.6997 0.6421 0.3133
vn -0.5153 0.6500 0.5585
vn -0.2692 0.6559 0.7052
vn -0.0000 0.6580 0.7530
vn 0.2692 0.6559 0.7052
vn 0.5153 0.6500 0.5585
vn 0.6997 0.6421 0.3133
vn 0.4172 0.8940 -0.1636
vn 0.4475 0.8943 0.0074
vn 0.3267 0.8935 -0.3082
vn 0.1808 0.8933 -0.4115
vn -0.0000 0.8933 -0.4496
vn -0.1808 0.8933 -0.4115
vn -0.3267 0.8935 -0.3082
vn -0.4172 0.8940 -0.1636
vn -0.4475 0.8943 0.0074
vn -0.4079 0.8932 0.1893
vn -0.3028 0.8901 0.3406
vn -0.1597 0.8867 0.4338
vn -0.0000 0.8853 0.4650
vn 0.1597 0.8867 0.4338
vn 0.3028 0.8901 0.3406
vn 0.4079 0.8932 0.1893
vn -0.0000 0.9998 0.0206
vn -1.0000 -0.0000 -0.0000
vn -0.6873 0.0387 0.7253
vn -0.6871 0.0404 0.7255
vn -1.0000 -0.0000 0.0006
vn -0.0000 0.0533 0.9986
vn -0.0000 0.0555 0.9985
vn 0.6873 0.0387 0.7253
vn 0.6871 0.0404 0.7255
vn 1.0000 -0.0000 -0.0000
vn 1.0000 -0.0000 0.0006
vn 0.6873 -0.0387 -0.7253
vn 0.6876 -0.0403 -0.7249
vn -0.0000 -0.0533 -0.9986
vn -0.0000 -0.0555 -0.9985
vn -0.6873 -0.0387 -0.7253
vn -0.6876 -0.0403 -0.7249
vn -0.6873 0.0420 0.7251
vn -0.0000 0.0578 0.9983
vn 0.6873 0.0420 0.7251
vn 0.6874 -0.0420 -0.7251
vn -0.0000 -0.0578 -0.9983
vn -0.6874 -0.0420 -0.7251
vn -0.0000 -0.9986 0.0533
vn -0.0000 0.9983 -0.0578
vn -0.6055 -0.5992 -0.5237
vn -0.8023 -0.5663 -0.1885
vn -0.9169 -0.2431 -0.3167
vn -0.7211 -0.3025 -0.6233
vn -0.8050 -0.3216 0.4986
vn -0.9183 -0.0070 0.3958
vn -0.6108 -0.1347 0.7803
vn -0.7175 0.1367 0.6830
vn 0.6626 0.4853 0.5704
vn 0.8490 0.4795 0.2221
vn 0.8188 0.5182 0.2470
vn 0.6387 0.5523 0.5357
vn 0.8531 0.2279 -0.4694
vn 0.8125 0.2615 -0.5210
vn 0.6702 0.0080 -0.7422
vn 0.6378 0.1136 -0.7618
vn -0.9632 0.2574 -0.0773
vn 0.8681 0.4739 -0.1478
vn 0.4562 -0.8363 0.3041
vn 0.6108 -0.1347 0.7803
vn 0.8050 -0.3216 0.4986
vn 0.9183 -0.0070 0.3958
vn 0.7175 0.1367 0.6830
vn 0.8023 -0.5663 -0.1885
vn 0.9169 -0.2431 -0.3167
vn 0.6055 -0.5992 -0.5237
vn 0.7211 -0.3025 -0.6233
vn -0.6702 0.0080 -0.7422
vn -0.8531 0.2279 -0.4694
vn -0.8125 0.2615 -0.5210
vn -0.6378 0.1136 -0.7618
vn -0.8490 0.4795 0.2221
vn -0.8188 0.5182 0.2470
vn -0.6626 0.4853 0.5704
vn -0.6387 0.5523 0.5357
vn 0.9632 0.2574 -0.0773
vn -0.8681 0.4739 -0.1478
vn -0.4562 -0.8363 0.3041
vn 0.9925 0.1219 -0.0065
vn 0.8125 0.2265 0.5371
vn 0.8180 0.1667 0.5505
vn 0.9973 0.0731 -0.0060
vn 0.5323 0.2863 0.7967
vn 0.5741 0.2062 0.7924
vn -0.5655 0.2068 0.7984
vn -0.8356 0.1069 0.5388
vn -0.8279 0.0670 0.5569
vn -0.5908 0.1335 0.7957
vn -0.9997 -0.0223 -0.0050
vn -0.9991 -0.0435 -0.0003
vn -0.8270 -0.0131 -0.5620
vn -0.8204 -0.0630 -0.5683
vn -0.5529 0.0283 -0.8327
vn -0.5841 -0.0550 -0.8098
vn 0.5434 0.1068 -0.8327
vn 0.8201 0.1055 -0.5624
vn 0.8219 0.0271 -0.5690
vn 0.5823 0.0049 -0.8129
vn 0.8553 0.0208 0.5177
vn 0.9963 -0.0858 -0.0016
vn 0.6225 0.0794 0.7786
vn -0.8403 0.0461 0.5402
vn -0.6118 0.0869 0.7862
vn -0.9994 -0.0327 0.0106
vn -0.8416 -0.1327 -0.5235
vn -0.6324 -0.1761 -0.7543
vn 0.8334 -0.1935 -0.5176
vn 0.6037 -0.2353 -0.7617
vn 0.7162 -0.3961 0.5746
vn 0.8516 -0.5150 0.0978
vn 0.5380 -0.2579 0.8025
vn -0.8032 -0.0971 0.5878
vn -0.6135 -0.0686 0.7867
vn -0.9922 -0.0997 0.0747
vn -0.8527 -0.3518 -0.3861
vn -0.6779 -0.4157 -0.6063
vn 0.6580 -0.6655 -0.3524
vn 0.4688 -0.6621 -0.5847
vn 0.4963 -0.8409 0.2158
vn -0.9263 -0.3368 0.1691
vn -0.0721 0.9915 -0.1082
vn 0.4626 -0.5286 -0.7117
vn 0.4532 -0.5340 -0.7138
vn 0.4529 -0.5342 -0.7138
vn 0.9644 -0.2432 0.1039
vn 0.9239 -0.3581 0.1345
vn 0.9218 -0.3631 0.1358
vn 0.4879 0.2429 0.8384
vn 0.4351 0.0203 0.9002
vn 0.4337 0.0154 0.9009
vn -0.4864 0.4437 0.7527
vn -0.5264 0.2198 0.8214
vn -0.5261 0.2225 0.8208
vn -0.9851 0.1583 -0.0677
vn -0.9988 0.0446 -0.0223
vn -0.9986 0.0483 -0.0238
vn -0.5068 -0.3290 -0.7968
vn -0.5121 -0.3296 -0.7932
vn -0.5120 -0.3296 -0.7933
vn 0.4419 -0.5403 -0.7161
vn 0.8564 -0.4881 0.1683
vn 0.3430 -0.2396 0.9083
vn -0.5358 -0.0473 0.8430
vn -0.9962 -0.0827 0.0285
vn -0.5180 -0.3302 -0.7891
vn 0.2182 0.8729 -0.4364
vn -0.9394 -0.2932 -0.1776
vn -0.8868 -0.3126 0.3404
vn -0.9163 -0.1542 0.3695
vn -0.9719 -0.1449 -0.1853
vn -0.3957 -0.3385 0.8537
vn -0.4197 -0.1645 0.8927
vn 0.3046 -0.3233 0.8959
vn 0.3206 -0.1586 0.9338
vn 0.8436 -0.3228 0.4291
vn 0.8734 -0.1573 0.4608
vn 0.9322 -0.2992 -0.2035
vn 0.9648 -0.1477 -0.2177
vn 0.8420 -0.2959 -0.4511
vn 0.8728 -0.1402 -0.4676
vn -0.0000 -0.3048 -0.9524
vn -0.0000 -0.1454 -0.9894
vn -0.8676 -0.2863 -0.4067
vn -0.8972 -0.1347 -0.4206
vn -0.9227 0.1059 0.3707
vn -0.9775 0.0991 -0.1863
vn -0.4223 0.1139 0.8993
vn 0.3226 0.1093 0.9402
vn 0.8797 0.1086 0.4629
vn 0.9706 0.1012 -0.2184
vn 0.8773 0.0973 -0.4700
vn -0.0000 0.1008 -0.9949
vn -0.9015 0.0936 -0.4226
vn -0.9104 0.2145 0.3537
vn -0.9626 0.2003 -0.1824
vn -0.4101 0.2332 0.8817
vn 0.3145 0.2220 0.9229
vn 0.8674 0.2218 0.4454
vn 0.9560 0.2047 -0.2103
vn 0.8633 0.2023 -0.4625
vn -0.0000 0.2086 -0.9780
vn -0.8880 0.1954 -0.4163
vn -0.0000 -1.0000 -0.0000
vn -0.0000 1.0000 -0.0000
vn 0.8760 0.4485 0.1774
vn 0.6376 0.7522 0.1662
vn 0.6400 0.7501 0.1664
vn -0.0138 0.9982 0.0586
vn -0.6448 0.7522 -0.1355
vn -0.6471 0.7501 -0.1364
vn -0.8632 0.4485 -0.2318
vn -0.8293 -0.4135 -0.3760
vn -0.5871 -0.7144 -0.3807
vn -0.5895 -0.7123 -0.3809
vn 0.0633 -0.9611 -0.2690
vn 0.6953 -0.7144 -0.0790
vn 0.6975 -0.7123 -0.0781
vn 0.9099 -0.4135 0.0332
vn 0.2257 0.1693 -0.9594
vn -0.2257 -0.1693 0.9594
vn 0.6588 0.4975 0.5644
vn 0.1123 0.9904 -0.0807
vn -0.2435 0.9672 0.0727
vn -0.3962 0.7963 0.4572
vn -0.6481 0.4693 -0.5998
vn -0.5816 0.4748 -0.6605
vn -0.5811 0.4748 -0.6609
vn -0.7913 -0.4572 -0.4060
vn -0.5397 -0.5091 -0.6705
vn -0.5374 -0.5092 -0.6722
vn -0.2058 -0.9674 0.1479
vn -0.1254 -0.9884 0.0859
vn -0.1247 -0.9885 0.0854
vn 0.5633 -0.4715 0.6785
vn -0.0800 -0.2149 0.9734
vn 0.2158 -0.5137 0.8304
vn -0.5438 0.2356 0.8055
vn -0.4965 0.4763 -0.7257
vn -0.1371 -0.4787 -0.8672
vn -0.0277 -0.9996 0.0108
vn 0.6472 -0.1849 -0.7396
vt 0.500000 0.035000
vt 0.638582 0.241355
vt 0.650000 0.205000
vt 0.020000 0.980000
vt 0.350000 0.205000
vt 0.361418 0.241355
vt 0.361418 0.168645
vt 0.393934 0.137825
vt 0.442597 0.117231
vt 0.500000 0.110000
vt 0.557402 0.117231
vt 0.606066 0.137825
vt 0.638582 0.168645
vt 0.241314 0.260126
vt 0.220000 0.285000
vt 0.302010 0.239038
vt 0.392849 0.224948
vt 0.500000 0.220000
vt 0.607151 0.224948
vt 0.697990 0.239038
vt 0.758686 0.260126
vt 0.780000 0.285000
vt 0.121209 0.375000
vt 0.090000 0.375000
vt 0.210086 0.375000
vt 0.343100 0.375000
vt 0.500000 0.375000
vt 0.656900 0.375000
vt 0.789914 0.375000
vt 0.878791 0.375000
vt 0.910000 0.375000
vt 0.070396 0.510000
vt 0.035000 0.510000
vt 0.171195 0.510000
vt 0.322052 0.510000
vt 0.500000 0.510000
vt 0.677948 0.510000
vt 0.828805 0.510000
vt 0.929604 0.510000
vt 0.965000 0.510000
vt 0.047299 0.660000
vt 0.010000 0.660000
vt 0.153518 0.660000
vt 0.312485 0.660000
vt 0.500000 0.660000
vt 0.687515 0.660000
vt 0.846482 0.660000
vt 0.952701 0.660000
vt 0.990000 0.660000
vt 0.167660 0.830000
vt 0.065777 0.830000
vt 0.320139 0.830000
vt 0.500000 0.830000
vt 0.679861 0.830000
vt 0.832340 0.830000
vt 0.934223 0.830000
vt 0.224228 0.980000
vt 0.139687 0.980000
vt 0.350753 0.980000
vt 0.500000 0.980000
vt 0.649247 0.980000
vt 0.775772 0.980000
vt 0.860313 0.980000
vt 0.330294 1.095000
vt 0.278269 1.095000
vt 0.408156 1.095000
vt 0.500000 1.095000
vt 0.591844 1.095000
vt 0.669706 1.095000
vt 0.721731 1.095000
vt 0.500000 1.150000
vt 0.000000 0.000000
s 1
usemtl Skin_Face
f 1/1/1 3/2/2 2/3/3
f 1/4/1 4/4/4 3/4/2
f 1/4/1 5/4/5 4/4/4
f 1/4/1 6/4/6 5/4/5
f 1/4/1 7/4/7 6/4/6
f 1/4/1 8/4/8 7/4/7
f 1/4/1 9/4/9 8/4/8
f 1/1/1 10/5/10 9/6/9
f 1/1/1 11/7/11 10/5/10
f 1/1/1 12/8/12 11/7/11
f 1/1/1 13/9/13 12/8/12
f 1/1/1 14/10/14 13/9/13
f 1/1/1 15/11/15 14/10/14
f 1/1/1 16/12/16 15/11/15
f 1/1/1 17/13/17 16/12/16
f 1/1/1 2/3/3 17/13/17
f 2/4/3 3/4/2 19/4/18 18/4/19
f 3/4/2 4/4/4 20/4/20 19/4/18
f 4/4/4 5/4/5 21/4/21 20/4/20
f 5/4/5 6/4/6 22/4/22 21/4/21
f 6/4/6 7/4/7 23/4/23 22/4/22
f 7/4/7 8/4/8 24/4/24 23/4/23
f 8/4/8 9/4/9 25/4/25 24/4/24
f 9/4/9 10/4/10 26/4/26 25/4/25
f 10/5/10 11/7/11 27/14/27 26/15/26
f 11/7/11 12/8/12 28/16/28 27/14/27
f 12/8/12 13/9/13 29/17/29 28/16/28
f 13/9/13 14/10/14 30/18/30 29/17/29
f 14/10/14 15/11/15 31/19/31 30/18/30
f 15/11/15 16/12/16 32/20/32 31/19/31
f 16/12/16 17/13/17 33/21/33 32/20/32
f 17/13/17 2/3/3 18/22/19 33/21/33
f 18/4/19 19/4/18 35/4/34 34/4/35
f 19/4/18 20/4/20 36/4/36 35/4/34
f 20/4/20 21/4/21 37/4/37 36/4/36
f 21/4/21 22/4/22 38/4/38 37/4/37
f 22/4/22 23/4/23 39/4/39 38/4/38
f 23/4/23 24/4/24 40/4/40 39/4/39
f 24/4/24 25/4/25 41/4/41 40/4/40
f 25/4/25 26/4/26 42/4/42 41/4/41
f 26/15/26 27/14/27 43/23/43 42/24/42
f 27/14/27 28/16/28 44/25/44 43/23/43
f 28/16/28 29/17/29 45/26/45 44/25/44
f 29/17/29 30/18/30 46/27/46 45/26/45
f 30/18/30 31/19/31 47/28/47 46/27/46
f 31/19/31 32/20/32 48/29/48 47/28/47
f 32/20/32 33/21/33 49/30/49 48/29/48
f 33/21/33 18/22/19 34/31/35 49/30/49
f 34/4/35 35/4/34 51/4/50 50/4/51
f 35/4/34 36/4/52 52/4/53 51/4/50
f 36/4/52 37/4/54 53/4/55 52/4/53
f 37/4/54 38/4/56 54/4/57 53/4/55
f 38/4/56 39/4/58 55/4/59 54/4/57
f 39/4/58 40/4/60 56/4/61 55/4/59
f 40/4/60 41/4/41 57/4/62 56/4/61
f 41/4/41 42/4/42 58/4/63 57/4/62
f 42/24/42 43/23/43 59/32/64 58/33/63
f 43/23/43 44/25/44 60/34/65 59/32/64
f 44/25/44 45/26/45 61/35/66 60/34/65
f 45/26/45 46/27/46 62/36/67 61/35/66
f 46/27/46 47/28/47 63/37/68 62/36/67
f 47/28/47 48/29/48 64/38/69 63/37/68
f 48/29/48 49/30/49 65/39/70 64/38/69
f 49/30/49 34/31/35 50/40/51 65/39/70
f 50/4/51 51/4/50 67/4/71 66/4/72
f 51/4/50 52/4/53 68/4/73 67/4/71
f 52/4/53 53/4/55 69/4/74 68/4/73
f 53/4/55 54/4/57 70/4/75 69/4/74
f 54/4/57 55/4/59 71/4/76 70/4/75
f 55/4/59 56/4/61 72/4/77 71/4/76
f 56/4/61 57/4/62 73/4/78 72/4/77
f 57/4/62 58/4/63 74/4/79 73/4/78
f 58/33/63 59/32/64 75/41/80 74/42/79
f 59/32/64 60/34/65 76/43/81 75/41/80
f 60/34/65 61/35/66 77/44/82 76/43/81
f 61/35/66 62/36/67 78/45/83 77/44/82
f 62/36/67 63/37/68 79/46/84 78/45/83
f 63/37/68 64/38/69 80/47/85 79/46/84
f 64/38/69 65/39/70 81/48/86 80/47/85
f 65/39/70 50/40/51 66/49/72 81/48/86
f 66/4/72 67/4/71 83/4/87 82/4/88
f 67/4/71 68/4/73 84/4/89 83/4/87
f 68/4/73 69/4/74 85/4/90 84/4/89
f 69/4/74 70/4/75 86/4/91 85/4/90
f 70/4/75 71/4/76 87/4/92 86/4/91
f 71/4/76 72/4/77 88/4/93 87/4/92
f 72/4/77 73/4/78 89/4/94 88/4/93
f 73/4/78 74/4/79 90/4/95 89/4/94
f 74/4/79 75/4/80 91/4/96 90/4/95
f 75/41/80 76/43/81 92/50/97 91/51/96
f 76/43/81 77/44/82 93/52/98 92/50/97
f 77/44/82 78/45/83 94/53/99 93/52/98
f 78/45/83 79/46/84 95/54/100 94/53/99
f 79/46/84 80/47/85 96/55/101 95/54/100
f 80/47/85 81/48/86 97/56/102 96/55/101
f 81/4/86 66/4/72 82/4/88 97/4/102
f 82/4/88 83/4/87 99/4/103 98/4/104
f 83/4/87 84/4/89 100/4/105 99/4/103
f 84/4/89 85/4/90 101/4/106 100/4/105
f 85/4/90 86/4/91 102/4/107 101/4/106
f 86/4/91 87/4/92 103/4/108 102/4/107
f 87/4/92 88/4/93 104/4/109 103/4/108
f 88/4/93 89/4/94 105/4/110 104/4/109
f 89/4/94 90/4/95 106/4/111 105/4/110
f 90/4/95 91/4/96 107/4/112 106/4/111
f 91/51/96 92/50/97 108/57/113 107/58/112
f 92/50/97 93/52/98 109/59/114 108/57/113
f 93/52/98 94/53/99 110/60/115 109/59/114
f 94/53/99 95/54/100 111/61/116 110/60/115
f 95/54/100 96/55/101 112/62/117 111/61/116
f 96/55/101 97/56/102 113/63/118 112/62/117
f 97/4/102 82/4/88 98/4/104 113/4/118
f 98/4/104 99/4/103 115/4/119 114/4/120
f 99/4/103 100/4/105 116/4/121 115/4/119
f 100/4/105 101/4/106 117/4/122 116/4/121
f 101/4/106 102/4/107 118/4/123 117/4/122
f 102/4/107 103/4/108 119/4/124 118/4/123
f 103/4/108 104/4/109 120/4/125 119/4/124
f 104/4/109 105/4/110 121/4/126 120/4/125
f 105/4/110 106/4/111 122/4/127 121/4/126
f 106/4/111 107/4/112 123/4/128 122/4/127
f 107/58/112 108/57/113 124/64/129 123/65/128
f 108/57/113 109/59/114 125/66/130 124/64/129
f 109/59/114 110/60/115 126/67/131 125/66/130
f 110/60/115 111/61/116 127/68/132 126/67/131
f 111/61/116 112/62/117 128/69/133 127/68/132
f 112/62/117 113/63/118 129/70/134 128/69/133
f 113/4/118 98/4/104 114/4/120 129/4/134
f 114/4/120 115/4/119 130/4/135
f 115/4/119 116/4/121 130/4/135
f 116/4/121 117/4/122 130/4/135
f 117/4/122 118/4/123 130/4/135
f 118/4/123 119/4/124 130/4/135
f 119/4/124 120/4/125 130/4/135
f 120/4/125 121/4/126 130/4/135
f 121/4/126 122/4/127 130/4/135
f 122/4/127 123/4/128 130/4/135
f 123/4/128 124/4/129 130/4/135
f 124/64/129 125/66/130 130/71/135
f 125/66/130 126/67/131 130/71/135
f 126/67/131 127/68/132 130/71/135
f 127/68/132 128/69/133 130/71/135
f 128/4/133 129/4/134 130/4/135
f 129/4/134 114/4/120 130/4/135
usemtl Skin
f 131/72/136 132/72/137 140/72/138 139/72/139
f 132/72/137 133/72/140 141/72/141 140/72/138
f 133/72/140 134/72/142 142/72/143 141/72/141
f 134/72/142 135/72/144 143/72/145 142/72/143
f 135/72/144 136/72/146 144/72/147 143/72/145
f 136/72/146 137/72/148 145/72/149 144/72/147
f 137/72/148 138/72/150 146/72/151 145/72/149
f 138/72/150 131/72/136 139/72/139 146/72/151
f 139/72/139 140/72/138 148/72/152 147/72/136
f 140/72/138 141/72/141 149/72/153 148/72/152
f 141/72/141 142/72/143 150/72/154 149/72/153
f 142/72/143 143/72/145 151/72/144 150/72/154
f 143/72/145 144/72/147 152/72/155 151/72/144
f 144/72/147 145/72/149 153/72/156 152/72/155
f 145/72/149 146/72/151 154/72/157 153/72/156
f 146/72/151 139/72/139 147/72/136 154/72/157
f 138/72/158 137/72/158 136/72/158 135/72/158 134/72/158 133/72/158 132/72/158 131/72/158
f 147/72/159 148/72/159 149/72/159 150/72/159 151/72/159 152/72/159 153/72/159 154/72/159
f 155/72/160 156/72/161 162/72/162 161/72/163
f 156/72/161 157/72/164 163/72/165 162/72/162
f 157/72/164 158/72/166 164/72/167 163/72/165
f 158/72/168 159/72/169 165/72/170 164/72/171
f 159/72/169 160/72/172 166/72/173 165/72/170
f 160/72/172 155/72/174 161/72/175 166/72/173
f 161/72/163 162/72/162 167/72/176
f 162/72/162 163/72/165 167/72/176
f 163/72/165 164/72/167 167/72/176
f 164/72/171 165/72/170 167/72/177
f 165/72/170 166/72/173 167/72/177
f 166/72/173 161/72/175 167/72/177
f 160/72/178 159/72/178 158/72/178 157/72/178 156/72/178 155/72/178
f 168/72/179 169/72/180 175/72/181 174/72/182
f 169/72/180 170/72/183 176/72/184 175/72/181
f 170/72/183 171/72/185 177/72/186 176/72/184
f 171/72/187 172/72/188 178/72/189 177/72/190
f 172/72/188 173/72/191 179/72/192 178/72/189
f 173/72/191 168/72/193 174/72/194 179/72/192
f 174/72/182 175/72/181 180/72/195
f 175/72/181 176/72/184 180/72/195
f 176/72/184 177/72/186 180/72/195
f 177/72/190 178/72/189 180/72/196
f 178/72/189 179/72/192 180/72/196
f 179/72/192 174/72/194 180/72/196
f 173/72/197 172/72/197 171/72/197 170/72/197 169/72/197 168/72/197
f 181/72/198 182/72/199 190/72/200 189/72/201
f 182/72/199 183/72/202 191/72/203 190/72/200
f 183/72/204 184/72/205 192/72/206 191/72/207
f 184/72/205 185/72/208 193/72/209 192/72/206
f 185/72/208 186/72/210 194/72/211 193/72/209
f 186/72/210 187/72/212 195/72/213 194/72/211
f 187/72/214 188/72/215 196/72/216 195/72/217
f 188/72/215 181/72/198 189/72/201 196/72/216
f 189/72/201 190/72/200 198/72/218 197/72/219
f 190/72/200 191/72/203 199/72/220 198/72/218
f 191/72/207 192/72/206 200/72/221 199/72/222
f 192/72/206 193/72/209 201/72/223 200/72/221
f 193/72/209 194/72/211 202/72/224 201/72/223
f 194/72/211 195/72/213 203/72/225 202/72/224
f 195/72/217 196/72/216 204/72/226 203/72/227
f 196/72/216 189/72/201 197/72/219 204/72/226
f 197/72/219 198/72/218 206/72/228 205/72/229
f 198/72/218 199/72/220 207/72/230 206/72/228
f 199/72/222 200/72/221 208/72/231 207/72/232
f 200/72/221 201/72/223 209/72/233 208/72/231
f 201/72/223 202/72/224 210/72/234 209/72/233
f 202/72/224 203/72/225 211/72/235 210/72/234
f 203/72/227 204/72/226 212/72/236 211/72/237
f 204/72/226 197/72/219 205/72/229 212/72/236
f 205/72/229 206/72/228 213/72/238
f 206/72/228 207/72/230 213/72/238
f 207/72/232 208/72/231 213/72/239
f 208/72/231 209/72/233 213/72/239
f 209/72/233 210/72/234 213/72/239
f 210/72/234 211/72/235 213/72/239
f 211/72/237 212/72/236 213/72/238
f 212/72/236 205/72/229 213/72/238
f 188/72/240 187/72/240 186/72/240 185/72/240 184/72/240 183/72/240 182/72/240 181/72/240
f 214/72/241 215/72/241 221/72/242 220/72/243
f 215/72/244 216/72/244 222/72/245 221/72/246
f 216/72/247 217/72/247 223/72/248 222/72/249
f 217/72/250 218/72/250 224/72/251 223/72/252
f 218/72/253 219/72/253 225/72/254 224/72/255
f 219/72/256 214/72/256 220/72/257 225/72/258
f 220/72/243 221/72/242 226/72/259
f 221/72/246 222/72/245 226/72/260
f 222/72/249 223/72/248 226/72/261
f 223/72/252 224/72/251 226/72/262
f 224/72/255 225/72/254 226/72/263
f 225/72/258 220/72/257 226/72/264
f 219/72/265 218/72/265 217/72/265 216/72/265 215/72/265 214/72/265
f 227/72/266 228/72/267 236/72/268 235/72/269
f 228/72/267 229/72/270 237/72/271 236/72/268
f 229/72/270 230/72/272 238/72/273 237/72/271
f 230/72/272 231/72/274 239/72/275 238/72/273
f 231/72/274 232/72/276 240/72/277 239/72/275
f 232/72/276 233/72/278 241/72/279 240/72/277
f 233/72/280 234/72/280 242/72/281 241/72/281
f 234/72/282 227/72/266 235/72/269 242/72/283
f 235/72/269 236/72/268 244/72/284 243/72/285
f 236/72/268 237/72/271 245/72/286 244/72/284
f 237/72/271 238/72/273 246/72/287 245/72/286
f 238/72/273 239/72/275 247/72/288 246/72/287
f 239/72/275 240/72/277 248/72/289 247/72/288
f 240/72/277 241/72/279 249/72/290 248/72/289
f 241/72/281 242/72/281 250/72/291 249/72/291
f 242/72/283 235/72/269 243/72/285 250/72/292
f 243/72/285 244/72/284 252/72/293 251/72/294
f 244/72/284 245/72/286 253/72/295 252/72/293
f 245/72/286 246/72/287 254/72/296 253/72/295
f 246/72/287 247/72/288 255/72/297 254/72/296
f 247/72/288 248/72/289 256/72/298 255/72/297
f 248/72/289 249/72/290 257/72/299 256/72/298
f 249/72/291 250/72/291 258/72/300 257/72/300
f 250/72/292 243/72/285 251/72/294 258/72/301
f 234/72/302 233/72/302 232/72/302 231/72/302 230/72/302 229/72/302 228/72/302 227/72/302
f 251/72/303 252/72/303 253/72/303 254/72/303 255/72/303 256/72/303 257/72/303 258/72/303
f 259/72/304 260/72/305 268/72/306 267/72/304
f 260/72/305 261/72/307 269/72/307 268/72/306
f 261/72/307 262/72/308 270/72/309 269/72/307
f 262/72/308 263/72/310 271/72/310 270/72/309
f 263/72/311 264/72/312 272/72/313 271/72/311
f 264/72/312 265/72/314 273/72/314 272/72/313
f 265/72/314 266/72/315 274/72/316 273/72/314
f 266/72/315 259/72/317 267/72/317 274/72/316
f 266/72/318 265/72/318 264/72/318 263/72/318 262/72/318 261/72/318 260/72/318 259/72/318
f 267/72/319 268/72/319 269/72/319 270/72/319 271/72/319 272/72/319 273/72/319 274/72/319
f 275/72/320 276/72/320 282/72/320 281/72/320
f 276/72/321 277/72/321 283/72/322 282/72/323
f 277/72/324 278/72/324 284/72/325 283/72/326
f 278/72/327 279/72/327 285/72/328 284/72/329
f 279/72/330 280/72/330 286/72/331 285/72/332
f 280/72/333 275/72/333 281/72/334 286/72/335
f 281/72/334 282/72/323 287/72/336
f 282/72/323 283/72/322 287/72/336
f 283/72/326 284/72/325 287/72/337
f 284/72/329 285/72/328 287/72/338
f 285/72/332 286/72/331 287/72/339
f 286/72/335 281/72/334 287/72/336
f 280/72/340 279/72/340 278/72/340 277/72/340 276/72/340 275/72/340
o Rudeus_Hair
v 0.000000 1.626323 -0.015840
v 0.000000 1.619104 0.030950
v 0.015804 1.619104 0.027681
v 0.029202 1.619104 0.018371
v 0.038155 1.619104 0.004436
v 0.041299 1.619104 -0.012000
v 0.038155 1.619104 -0.028436
v 0.029202 1.619104 -0.042371
v 0.015804 1.619104 -0.051681
v 0.000000 1.619104 -0.054950
v -0.015804 1.619104 -0.051681
v -0.029202 1.619104 -0.042371
v -0.038155 1.619104 -0.028436
v -0.041299 1.619104 -0.012000
v -0.038155 1.619104 0.004436
v -0.029202 1.619104 0.018371
v -0.015804 1.619104 0.027681
v 0.000000 1.600121 0.069697
v 0.030061 1.600121 0.063478
v 0.055546 1.600121 0.045768
v 0.072575 1.600121 0.019264
v 0.078554 1.600121 -0.012000
v 0.072575 1.600121 -0.043264
v 0.055546 1.600121 -0.069768
v 0.030061 1.600121 -0.087478
v 0.000000 1.600121 -0.093697
v -0.030061 1.600121 -0.087478
v -0.055546 1.600121 -0.069768
v -0.072575 1.600121 -0.043264
v -0.078554 1.600121 -0.012000
v -0.072575 1.600121 0.019264
v -0.055546 1.600121 0.045768
v -0.030061 1.600121 0.063478
v 0.000000 1.570554 0.100446
v 0.041376 1.570554 0.091886
v 0.076453 1.570554 0.067511
v 0.099891 1.570554 0.031031
v 0.108121 1.570554 -0.012000
v 0.099891 1.570554 -0.055031
v 0.076453 1.570554 -0.091511
v 0.041376 1.570554 -0.115886
v 0.000000 1.570554 -0.124446
v -0.041376 1.570554 -0.115886
v -0.076453 1.570554 -0.091511
v -0.099891 1.570554 -0.055031
v -0.108121 1.570554 -0.012000
v -0.099891 1.570554 0.031031
v -0.076453 1.570554 0.067511
v -0.041376 1.570554 0.091886
v 0.000000 1.533298 0.120188
v 0.048641 1.533298 0.110126
v 0.089876 1.533298 0.081471
v 0.117429 1.533298 0.038586
v 0.127104 1.533298 -0.012000
v 0.117429 1.533298 -0.062586
v 0.089876 1.533298 -0.105471
v 0.048641 1.533298 -0.134126
v 0.000000 1.533298 -0.144188
v -0.048641 1.533298 -0.134126
v -0.089876 1.533298 -0.105471
v -0.117429 1.533298 -0.062586
v -0.127104 1.533298 -0.012000
v -0.117429 1.533298 0.038586
v -0.089876 1.533298 0.081471
v -0.048641 1.533298 0.110126
v 0.000000 1.492000 0.126991
v 0.051144 1.492000 0.116411
v 0.094501 1.492000 0.086281
v 0.123472 1.492000 0.041189
v 0.133645 1.492000 -0.012000
v 0.123472 1.492000 -0.065189
v 0.094501 1.492000 -0.110281
v 0.051144 1.492000 -0.140411
v 0.000000 1.492000 -0.150991
v -0.051144 1.492000 -0.140411
v -0.094501 1.492000 -0.110281
v -0.123472 1.492000 -0.065189
v -0.133645 1.492000 -0.012000
v -0.123472 1.492000 0.041189
v -0.094501 1.492000 0.086281
v -0.051144 1.492000 0.116411
v 0.000000 1.450701 0.120188
v 0.048641 1.450701 0.110126
v 0.089876 1.450701 0.081471
v 0.117429 1.450701 0.038586
v 0.127104 1.450701 -0.012000
v 0.117429 1.450701 -0.062586
v 0.089876 1.450701 -0.105471
v 0.048641 1.450701 -0.134126
v 0.000000 1.450701 -0.144188
v -0.048641 1.450701 -0.134126
v -0.089876 1.450701 -0.105471
v -0.117429 1.450701 -0.062586
v -0.127104 1.450701 -0.012000
v -0.117429 1.450701 0.038586
v -0.089876 1.450701 0.081471
v -0.048641 1.450701 0.110126
v 0.000000 1.413446 0.100446
v 0.041376 1.413446 0.091886
v 0.076453 1.413446 0.067511
v 0.099891 1.413446 0.031031
v 0.108121 1.413446 -0.012000
v 0.099891 1.413446 -0.055031
v 0.076453 1.413446 -0.091511
v 0.041376 1.413446 -0.115886
v 0.000000 1.413446 -0.124446
v -0.041376 1.413446 -0.115886
v -0.076453 1.413446 -0.091511
v -0.099891 1.413446 -0.055031
v -0.108121 1.413446 -0.012000
v -0.099891 1.413446 0.031031
v -0.076453 1.413446 0.067511
v -0.041376 1.413446 0.091886
v 0.000000 1.383879 0.069697
v 0.030061 1.383879 0.063478
v 0.055546 1.383879 0.045768
v 0.072575 1.383879 0.019264
v 0.078554 1.383879 -0.012000
v 0.072575 1.383879 -0.043264
v 0.055546 1.383879 -0.069768
v 0.030061 1.383879 -0.087478
v 0.000000 1.383879 -0.093697
v -0.030061 1.383879 -0.087478
v -0.055546 1.383879 -0.069768
v -0.072575 1.383879 -0.043264
v -0.078554 1.383879 -0.012000
v -0.072575 1.383879 0.019264
v -0.055546 1.383879 0.045768
v -0.030061 1.383879 0.063478
v 0.000000 1.364896 0.030950
v 0.015804 1.364896 0.027681
v 0.029202 1.364896 0.018371
v 0.038155 1.364896 0.004436
v 0.041299 1.364896 -0.012000
v 0.038155 1.364896 -0.028436
v 0.029202 1.364896 -0.042371
v 0.015804 1.364896 -0.051681
v 0.000000 1.364896 -0.054950
v -0.015804 1.364896 -0.051681
v -0.029202 1.364896 -0.042371
v -0.038155 1.364896 -0.028436
v -0.041299 1.364896 -0.012000
v -0.038155 1.364896 0.004436
v -0.029202 1.364896 0.018371
v -0.015804 1.364896 0.027681
v -0.006440 1.606231 -0.087415
v 0.001585 1.619485 -0.085887
v 0.014343 1.624305 -0.075277
v 0.021913 1.616942 -0.063836
v 0.014002 1.608842 -0.067842
v 0.001243 1.604023 -0.078453
v 0.007993 1.586771 -0.127227
v 0.025648 1.604764 -0.122218
v 0.051176 1.614408 -0.100988
v 0.064723 1.608203 -0.080048
v 0.048095 1.596260 -0.089039
v 0.022566 1.586616 -0.110269
v 0.030802 1.557276 -0.152165
v 0.054828 1.574365 -0.148407
v 0.084808 1.585690 -0.123474
v 0.097425 1.582444 -0.096759
v 0.076251 1.570439 -0.106257
v 0.046271 1.559114 -0.131190
v 0.056900 1.520315 -0.161786
v 0.081051 1.531860 -0.158394
v 0.109003 1.542420 -0.135149
v 0.119015 1.543780 -0.110130
v 0.098399 1.534781 -0.118928
v 0.070448 1.524222 -0.142174
v 0.080192 1.477931 -0.157246
v 0.100606 1.484033 -0.154199
v 0.123133 1.492543 -0.135465
v 0.130252 1.496843 -0.115615
v 0.113162 1.491191 -0.122862
v 0.090635 1.482681 -0.141596
v 0.095471 1.432839 -0.140658
v 0.110565 1.435209 -0.137482
v 0.127185 1.441487 -0.123660
v 0.132404 1.446792 -0.109943
v 0.119779 1.443689 -0.115754
v 0.103159 1.437410 -0.129576
v 0.101968 1.389230 -0.112148
v 0.110512 1.389752 -0.109338
v 0.120394 1.393485 -0.101119
v 0.123928 1.397527 -0.093885
v 0.116637 1.396125 -0.097801
v 0.106754 1.392392 -0.106019
v 0.101209 1.352725 -0.070433
v -0.002695 1.624759 -0.045845
v 0.006412 1.632579 -0.055759
v 0.019472 1.627738 -0.065987
v 0.026327 1.614001 -0.068572
v 0.017783 1.611570 -0.060490
v 0.004723 1.616411 -0.050263
v -0.047684 1.621492 -0.069278
v -0.032137 1.628574 -0.088478
v -0.006006 1.618887 -0.108942
v 0.010386 1.599965 -0.114753
v -0.005372 1.599384 -0.098900
v -0.031503 1.609071 -0.078437
v -0.084147 1.597699 -0.093259
v -0.069644 1.602221 -0.118805
v -0.038956 1.590845 -0.142838
v -0.015951 1.572418 -0.146664
v -0.032580 1.573633 -0.126548
v -0.063268 1.585009 -0.102516
v -0.109955 1.557615 -0.112399
v -0.098684 1.557227 -0.136911
v -0.070073 1.546621 -0.159317
v -0.046373 1.534045 -0.162190
v -0.060751 1.537480 -0.143087
v -0.089363 1.548086 -0.120681
v -0.124896 1.506639 -0.121141
v -0.117047 1.502826 -0.140815
v -0.093988 1.494278 -0.158872
v -0.073654 1.487643 -0.161268
v -0.084625 1.492162 -0.145914
v -0.107684 1.500710 -0.127856
v -0.129421 1.451223 -0.115705
v -0.123796 1.446010 -0.129296
v -0.106783 1.439703 -0.142619
v -0.091616 1.437208 -0.145311
v -0.099627 1.441742 -0.134445
v -0.116639 1.448048 -0.121122
v -0.121387 1.396826 -0.096828
v -0.117638 1.392717 -0.103915
v -0.107522 1.388968 -0.111837
v -0.098908 1.388493 -0.114432
v -0.103873 1.391694 -0.108467
v -0.113989 1.395443 -0.100546
v -0.096938 1.348731 -0.067967
v -0.010554 1.606937 -0.085863
v -0.000784 1.619032 -0.086680
v 0.014713 1.622074 -0.079668
v 0.023885 1.613698 -0.070282
v 0.014265 1.606721 -0.072016
v -0.001233 1.603679 -0.079027
v -0.007940 1.585097 -0.129525
v 0.012598 1.600547 -0.129550
v 0.043607 1.606635 -0.115521
v 0.060970 1.598625 -0.098348
v 0.041226 1.589040 -0.102622
v 0.010216 1.582952 -0.116652
v 0.005041 1.550643 -0.159776
v 0.031360 1.564148 -0.162656
v 0.067777 1.571297 -0.146180
v 0.085967 1.566529 -0.123163
v 0.061680 1.557592 -0.126757
v 0.025263 1.550443 -0.143233
v 0.023631 1.507278 -0.174525
v 0.049274 1.515097 -0.177582
v 0.083226 1.521762 -0.162221
v 0.099080 1.522090 -0.140390
v 0.075884 1.516144 -0.143555
v 0.041932 1.509479 -0.158916
v 0.041689 1.458412 -0.173117
v 0.062908 1.461269 -0.175308
v 0.090271 1.466641 -0.162928
v 0.102496 1.470350 -0.145607
v 0.083525 1.467280 -0.148294
v 0.056162 1.461908 -0.160674
v 0.053853 1.408104 -0.156267
v 0.069449 1.408040 -0.156809
v 0.089637 1.412004 -0.147676
v 0.098715 1.416911 -0.135970
v 0.084749 1.415732 -0.138489
v 0.064560 1.411769 -0.147623
v 0.059782 1.361318 -0.124083
v 0.068719 1.360477 -0.123313
v 0.080723 1.362833 -0.117882
v 0.086457 1.366555 -0.112014
v 0.078321 1.366256 -0.114058
v 0.066317 1.363899 -0.119489
v 0.061948 1.324282 -0.076149
v -0.006327 1.615476 -0.071089
v 0.004583 1.623072 -0.079191
v 0.020536 1.618778 -0.084258
v 0.029123 1.605933 -0.082347
v 0.018794 1.603447 -0.076748
v 0.002841 1.607741 -0.071682
v -0.040964 1.603192 -0.104198
v -0.021028 1.609737 -0.119038
v 0.010892 1.601145 -0.129175
v 0.029969 1.584099 -0.126725
v 0.010247 1.583452 -0.116208
v -0.021673 1.592044 -0.106071
v -0.065438 1.572622 -0.132500
v -0.044244 1.575800 -0.153095
v -0.006758 1.565710 -0.164999
v 0.017865 1.550199 -0.158955
v -0.004186 1.551693 -0.145020
v -0.041672 1.561783 -0.133115
v -0.080022 1.528584 -0.151514
v -0.061706 1.526816 -0.171249
v -0.026757 1.517409 -0.182348
v -0.002357 1.507679 -0.176179
v -0.022194 1.511437 -0.162921
v -0.057144 1.520845 -0.151821
v -0.086945 1.476485 -0.156999
v -0.073041 1.471624 -0.172692
v -0.044875 1.464042 -0.181637
v -0.024353 1.459637 -0.176877
v -0.039911 1.464384 -0.166297
v -0.068078 1.471965 -0.157352
v -0.088523 1.422345 -0.146400
v -0.078505 1.416573 -0.156881
v -0.057724 1.410980 -0.163481
v -0.042343 1.409915 -0.161066
v -0.053702 1.414510 -0.153809
v -0.074483 1.420104 -0.147209
v -0.083009 1.371053 -0.120146
v -0.076909 1.366801 -0.125234
v -0.064553 1.363475 -0.129158
v -0.055550 1.363662 -0.128866
v -0.062375 1.366804 -0.125123
v -0.074732 1.370130 -0.121199
v -0.065976 1.327497 -0.080320
v -0.001871 1.609357 -0.082721
v 0.008866 1.620617 -0.083304
v 0.024875 1.621889 -0.076927
v 0.033706 1.612182 -0.068548
v 0.023447 1.606164 -0.070206
v 0.007437 1.604893 -0.076583
v -0.004131 1.591274 -0.125510
v 0.017614 1.604972 -0.125577
v 0.049648 1.607516 -0.112816
v 0.067054 1.596927 -0.097152
v 0.046394 1.589301 -0.101017
v 0.014360 1.586757 -0.113778
v 0.003690 1.560187 -0.157097
v 0.030818 1.571902 -0.160298
v 0.068437 1.574890 -0.145311
v 0.087289 1.566826 -0.123794
v 0.062230 1.560055 -0.126773
v 0.024611 1.557068 -0.141759
v 0.017595 1.519550 -0.175627
v 0.043542 1.525943 -0.179355
v 0.078616 1.528729 -0.165382
v 0.095536 1.525740 -0.144578
v 0.071845 1.521692 -0.146983
v 0.036772 1.518907 -0.160955
v 0.031997 1.472382 -0.180260
v 0.053209 1.474282 -0.183369
v 0.081476 1.476527 -0.172108
v 0.094812 1.477371 -0.155236
v 0.075569 1.475735 -0.157123
v 0.047302 1.473490 -0.168383
v 0.041952 1.422228 -0.171168
v 0.057466 1.421510 -0.172697
v 0.078321 1.423166 -0.164389
v 0.088297 1.425909 -0.152706
v 0.074167 1.425762 -0.154480
v 0.053312 1.424106 -0.162788
v 0.047473 1.373071 -0.147755
v 0.056389 1.371781 -0.147718
v 0.068790 1.372765 -0.142778
v 0.075029 1.375260 -0.136777
v 0.066782 1.375604 -0.138305
v 0.054382 1.374619 -0.143245
v 0.051292 1.330023 -0.108466
v -0.005291 1.620155 -0.060228
v 0.006186 1.628987 -0.065942
v 0.022874 1.625872 -0.069170
v 0.031792 1.613234 -0.067401
v 0.020955 1.609770 -0.063557
v 0.004267 1.612885 -0.060329
v -0.034645 1.610024 -0.099332
v -0.013294 1.618857 -0.110584
v 0.020096 1.612625 -0.117043
v 0.039555 1.596175 -0.113685
v 0.018677 1.593663 -0.106085
v -0.014713 1.599895 -0.099627
v -0.053683 1.581137 -0.134020
v -0.030163 1.587229 -0.151139
v 0.009050 1.579911 -0.158724
v 0.033456 1.564873 -0.150875
v 0.009714 1.564063 -0.139998
v -0.029499 1.571382 -0.132413
v -0.063480 1.537929 -0.159320
v -0.042662 1.538877 -0.176460
v -0.006103 1.532054 -0.183532
v 0.017763 1.522766 -0.175035
v -0.003817 1.524377 -0.164304
v -0.040376 1.531201 -0.157232
v -0.067043 1.485322 -0.170684
v -0.050961 1.482599 -0.184725
v -0.021497 1.477100 -0.190424
v -0.001568 1.473101 -0.183349
v -0.018612 1.476143 -0.174587
v -0.048076 1.481642 -0.168888
v -0.067283 1.429048 -0.165208
v -0.055681 1.424741 -0.174716
v -0.033943 1.420684 -0.178920
v -0.018976 1.420032 -0.174552
v -0.031419 1.423424 -0.168513
v -0.053157 1.427482 -0.164308
v -0.062626 1.374207 -0.142498
v -0.055692 1.370723 -0.147076
v -0.042766 1.368311 -0.149576
v -0.033903 1.368846 -0.148054
v -0.041319 1.371325 -0.145002
v -0.054245 1.373737 -0.142502
v -0.048607 1.326309 -0.103416
v -0.020619 1.615878 -0.066835
v -0.010284 1.627078 -0.070017
v 0.006893 1.627990 -0.068366
v 0.017552 1.617903 -0.063167
v 0.007136 1.612024 -0.062081
v -0.010041 1.611113 -0.063731
v -0.034519 1.597422 -0.113178
v -0.013407 1.610831 -0.119089
v 0.020962 1.612655 -0.115786
v 0.041856 1.601474 -0.105839
v 0.020798 1.594212 -0.103892
v -0.013571 1.592389 -0.107195
v -0.035847 1.562311 -0.150107
v -0.010425 1.573257 -0.160936
v 0.029938 1.575398 -0.157058
v 0.053847 1.567070 -0.141488
v 0.028802 1.560943 -0.137258
v -0.011560 1.558802 -0.141137
v -0.028085 1.515145 -0.172878
v -0.004017 1.520235 -0.183962
v 0.033614 1.522232 -0.180346
v 0.055539 1.519582 -0.164843
v 0.032006 1.516427 -0.160406
v -0.005625 1.514430 -0.164022
v -0.016493 1.460859 -0.178081
v 0.003100 1.461222 -0.186981
v 0.033428 1.462831 -0.184067
v 0.050902 1.464435 -0.171605
v 0.031839 1.463761 -0.168046
v 0.001511 1.462152 -0.170960
v -0.005925 1.405285 -0.164305
v 0.008548 1.403207 -0.169760
v 0.030923 1.404395 -0.167609
v 0.043798 1.407923 -0.159527
v 0.029724 1.408599 -0.157457
v 0.007349 1.407411 -0.159607
v 0.003829 1.354617 -0.131688
v 0.012362 1.352547 -0.133708
v 0.025666 1.353253 -0.132430
v 0.033395 1.356185 -0.128847
v 0.025063 1.357005 -0.128228
v 0.011759 1.356299 -0.129506
v 0.016007 1.315880 -0.081334
v -0.019216 1.615709 -0.067719
v -0.008696 1.625694 -0.073377
v 0.008454 1.624810 -0.075299
v 0.018895 1.613745 -0.071991
v 0.008395 1.609022 -0.068575
v -0.008755 1.609906 -0.066652
v -0.043996 1.598573 -0.108170
v -0.023321 1.609603 -0.118724
v 0.010995 1.607835 -0.122571
v 0.032260 1.594644 -0.116717
v 0.011438 1.589669 -0.110265
v -0.022878 1.591437 -0.106419
v -0.056277 1.564567 -0.141881
v -0.032654 1.572757 -0.157953
v 0.007645 1.570681 -0.162470
v 0.033277 1.559952 -0.151919
v 0.009152 1.556492 -0.142503
v -0.031147 1.558568 -0.137986
v -0.058074 1.518351 -0.164116
v -0.036405 1.520997 -0.179975
v 0.001167 1.519060 -0.184186
v 0.025419 1.514048 -0.173474
v 0.003105 1.513317 -0.164258
v -0.034467 1.515253 -0.160047
v -0.053361 1.464917 -0.170884
v -0.036080 1.463424 -0.183625
v -0.005799 1.461864 -0.187019
v 0.013929 1.461450 -0.178426
v -0.003964 1.462673 -0.171018
v -0.034244 1.464234 -0.167624
v -0.046017 1.409996 -0.160018
v -0.033265 1.406615 -0.168355
v -0.010925 1.405464 -0.170859
v 0.003629 1.407438 -0.165583
v -0.009573 1.409480 -0.160649
v -0.031914 1.410632 -0.158145
v -0.035243 1.359141 -0.131668
v -0.027572 1.356304 -0.135445
v -0.014288 1.355620 -0.136934
v -0.005724 1.357620 -0.134977
v -0.013619 1.359247 -0.132633
v -0.026903 1.359932 -0.131144
v -0.017380 1.318470 -0.087280
v -0.008239 1.620866 -0.058188
v 0.003605 1.631208 -0.060256
v 0.021461 1.630194 -0.058500
v 0.031442 1.618614 -0.054286
v 0.020065 1.613753 -0.053789
v 0.002208 1.614766 -0.055545
v -0.024442 1.608861 -0.104895
v -0.001218 1.620577 -0.109403
v 0.034511 1.618548 -0.105889
v 0.054956 1.604354 -0.097088
v 0.032427 1.599116 -0.095907
v -0.003302 1.601144 -0.099420
v -0.029277 1.578863 -0.144349
v -0.001830 1.588317 -0.153886
v 0.040129 1.585935 -0.149760
v 0.063966 1.573570 -0.135181
v 0.037422 1.569571 -0.131673
v -0.004538 1.571953 -0.135799
v -0.025860 1.535015 -0.171916
v -0.000399 1.539008 -0.182285
v 0.038721 1.536787 -0.178439
v 0.061073 1.530079 -0.163368
v 0.036389 1.528761 -0.159359
v -0.002731 1.530982 -0.163206
v -0.019155 1.481766 -0.183956
v 0.001204 1.481418 -0.192732
v 0.032731 1.479628 -0.189631
v 0.050907 1.477788 -0.177067
v 0.031094 1.478509 -0.173627
v -0.000434 1.480299 -0.176727
v -0.013650 1.424493 -0.178391
v 0.001162 1.421874 -0.184111
v 0.024423 1.420554 -0.181824
v 0.038041 1.421559 -0.173308
v 0.023528 1.423272 -0.171147
v 0.000267 1.424593 -0.173434
v -0.008581 1.368620 -0.154264
v 0.000068 1.366109 -0.156611
v 0.013899 1.365324 -0.155251
v 0.022154 1.366875 -0.151242
v 0.013603 1.368371 -0.150484
v -0.000228 1.369156 -0.151844
v 0.000000 1.320447 -0.111046
v 0.000519 1.608377 -0.084768
v 0.002501 1.623312 -0.078942
v 0.005656 1.630547 -0.062031
v 0.007530 1.624454 -0.047188
v 0.005575 1.614776 -0.055268
v 0.002420 1.607541 -0.072180
v 0.035782 1.598610 -0.107127
v 0.041761 1.619454 -0.093597
v 0.047668 1.632999 -0.061936
v 0.048908 1.628710 -0.036769
v 0.044113 1.614149 -0.053208
v 0.038207 1.600604 -0.084869
v 0.071869 1.581088 -0.114650
v 0.083451 1.603292 -0.098189
v 0.090500 1.619457 -0.060404
v 0.087534 1.617010 -0.030683
v 0.079588 1.600969 -0.050459
v 0.072539 1.584804 -0.088244
v 0.103903 1.555072 -0.113322
v 0.119575 1.575206 -0.094634
v 0.127152 1.592581 -0.054022
v 0.120740 1.593682 -0.023073
v 0.110589 1.578306 -0.044826
v 0.103013 1.560932 -0.085438
v 0.129335 1.524435 -0.099089
v 0.145286 1.538933 -0.081271
v 0.152053 1.554452 -0.044997
v 0.144374 1.558921 -0.018480
v 0.134331 1.546930 -0.038473
v 0.127564 1.531412 -0.074747
v 0.144369 1.489252 -0.079278
v 0.158626 1.498467 -0.063044
v 0.164350 1.511594 -0.032360
v 0.157090 1.518424 -0.011091
v 0.148213 1.509806 -0.028584
v 0.142489 1.496678 -0.059268
v 0.147367 1.452541 -0.056074
v 0.158539 1.457623 -0.041928
v 0.163153 1.468202 -0.017198
v 0.157619 1.476051 -0.001120
v 0.150624 1.470277 -0.015749
v 0.146010 1.459698 -0.040478
v 0.138167 1.417936 -0.030779
v 0.145520 1.420296 -0.019581
v 0.148923 1.428102 -0.001337
v 0.145731 1.435282 0.009766
v 0.141015 1.431717 -0.001408
v 0.137612 1.423911 -0.019653
v 0.117813 1.388915 -0.004557
v 0.121286 1.389863 0.002463
v 0.123310 1.394504 0.013312
v 0.122310 1.399228 0.019551
v 0.119955 1.397336 0.012726
v 0.117931 1.392695 0.001877
v 0.088293 1.370114 0.023673
v -0.001846 1.625632 -0.043273
v -0.000378 1.632042 -0.058028
v 0.001531 1.625139 -0.075262
v 0.002397 1.610293 -0.081570
v 0.001079 1.609198 -0.068927
v -0.000830 1.616100 -0.051693
v -0.042471 1.631797 -0.030658
v -0.042252 1.636738 -0.055735
v -0.038677 1.623815 -0.087999
v -0.034527 1.603080 -0.102357
v -0.035729 1.604558 -0.079960
v -0.039304 1.617481 -0.047695
v -0.081436 1.621955 -0.022901
v -0.085749 1.625406 -0.052356
v -0.081482 1.609984 -0.090862
v -0.071955 1.587682 -0.108468
v -0.071102 1.590669 -0.081975
v -0.075368 1.606091 -0.043470
v -0.115523 1.600120 -0.014179
v -0.123533 1.600238 -0.044773
v -0.118948 1.583662 -0.086159
v -0.105333 1.563283 -0.106148
v -0.102729 1.568289 -0.078205
v -0.107314 1.584865 -0.036819
v -0.140780 1.566415 -0.009237
v -0.150017 1.563102 -0.035425
v -0.145921 1.548296 -0.072391
v -0.131679 1.533513 -0.091383
v -0.128312 1.539693 -0.066994
v -0.132408 1.554499 -0.030028
v -0.155251 1.526313 -0.002201
v -0.163930 1.520465 -0.023229
v -0.160465 1.507941 -0.054498
v -0.147553 1.498482 -0.071688
v -0.144272 1.505233 -0.051619
v -0.147736 1.517757 -0.020350
v -0.157466 1.483637 0.006740
v -0.164211 1.476531 -0.009222
v -0.161419 1.466438 -0.034422
v -0.151261 1.461207 -0.049262
v -0.148742 1.467844 -0.033581
v -0.151534 1.477937 -0.008380
v -0.147097 1.441924 0.015986
v -0.151216 1.435225 0.004888
v -0.149156 1.427778 -0.013705
v -0.142519 1.425375 -0.025332
v -0.141089 1.431001 -0.014102
v -0.143149 1.438448 0.004491
v -0.124978 1.404410 0.023641
v -0.126534 1.399916 0.017345
v -0.125309 1.395488 0.006290
v -0.122256 1.394570 -0.000927
v -0.121852 1.398169 0.005599
v -0.123077 1.402597 0.016654
v -0.092184 1.373512 0.025245
v -0.011605 1.610888 -0.079601
v -0.005568 1.625151 -0.075012
v 0.004646 1.631104 -0.060571
v 0.011092 1.624117 -0.047511
v 0.004953 1.615167 -0.054218
v -0.005261 1.609214 -0.068659
v 0.011745 1.597620 -0.114020
v 0.025159 1.616848 -0.103840
v 0.044281 1.627993 -0.076804
v 0.054238 1.622387 -0.053941
v 0.041688 1.609367 -0.067292
v 0.022567 1.598222 -0.094327
v 0.040334 1.575465 -0.134812
v 0.060207 1.595146 -0.124049
v 0.083028 1.608447 -0.091784
v 0.091046 1.605022 -0.063112
v 0.074136 1.591118 -0.078352
v 0.051316 1.577817 -0.110617
v 0.067222 1.544667 -0.145612
v 0.091414 1.561617 -0.134315
v 0.115941 1.575913 -0.099636
v 0.121728 1.576436 -0.068548
v 0.102137 1.563593 -0.084793
v 0.077609 1.549297 -0.119472
v 0.092013 1.509280 -0.141685
v 0.115349 1.520624 -0.131251
v 0.137257 1.533393 -0.100277
v 0.140698 1.537656 -0.072852
v 0.122336 1.528083 -0.087534
v 0.100428 1.515313 -0.118509
v 0.108414 1.470318 -0.128365
v 0.128849 1.476717 -0.118713
v 0.147381 1.487518 -0.092512
v 0.149596 1.494321 -0.070139
v 0.133716 1.487821 -0.082971
v 0.115184 1.477020 -0.109173
v 0.114451 1.431194 -0.107069
v 0.130679 1.434015 -0.098158
v 0.145615 1.442720 -0.077041
v 0.147640 1.450539 -0.060144
v 0.134962 1.446468 -0.071052
v 0.120027 1.437763 -0.092169
v 0.109933 1.395713 -0.078973
v 0.121164 1.396505 -0.071341
v 0.132183 1.402928 -0.055761
v 0.134420 1.409986 -0.044351
v 0.125438 1.407627 -0.052928
v 0.114419 1.401205 -0.068507
v 0.095820 1.367375 -0.045587
v 0.101739 1.367507 -0.040373
v 0.108291 1.371326 -0.031110
v 0.110380 1.375862 -0.025001
v 0.105418 1.374629 -0.030439
v 0.098866 1.370810 -0.039702
v 0.074980 1.350638 -0.006757
v 0.000172 1.625382 -0.044376
v 0.007424 1.632140 -0.057131
v 0.017523 1.625746 -0.071464
v 0.022614 1.611175 -0.076227
v 0.015902 1.609749 -0.065470
v 0.005804 1.616143 -0.051137
v -0.043531 1.626850 -0.052274
v -0.032675 1.632161 -0.074796
v -0.013769 1.620191 -0.101630
v -0.001517 1.600250 -0.111905
v -0.012722 1.601252 -0.092445
v -0.031628 1.613222 -0.065611
v -0.081967 1.611863 -0.062892
v -0.073132 1.615198 -0.091335
v -0.050569 1.600912 -0.123359
v -0.031826 1.580119 -0.134057
v -0.043138 1.582816 -0.110051
v -0.065702 1.597101 -0.078027
v -0.114978 1.584798 -0.069564
v -0.108641 1.584312 -0.100545
v -0.084389 1.568959 -0.134965
v -0.061085 1.550678 -0.146053
v -0.071664 1.555612 -0.120046
v -0.095915 1.570966 -0.085626
v -0.136684 1.546495 -0.074698
v -0.133027 1.542306 -0.102106
v -0.111366 1.528592 -0.132849
v -0.088548 1.516020 -0.143017
v -0.096996 1.522305 -0.119920
v -0.118657 1.536018 -0.089176
v -0.148343 1.502810 -0.072350
v -0.146157 1.496045 -0.094737
v -0.127834 1.484444 -0.120743
v -0.107625 1.477031 -0.130141
v -0.114316 1.483958 -0.111002
v -0.132639 1.495558 -0.084996
v -0.148850 1.458023 -0.062238
v -0.146988 1.450172 -0.079139
v -0.132221 1.440823 -0.100097
v -0.116034 1.437248 -0.108813
v -0.121477 1.444030 -0.093959
v -0.136244 1.453379 -0.073000
v -0.137554 1.416028 -0.045899
v -0.135505 1.408880 -0.057288
v -0.124610 1.401983 -0.072751
v -0.113342 1.400700 -0.080261
v -0.117696 1.406382 -0.069842
v -0.128591 1.413279 -0.054379
v -0.114752 1.380262 -0.025688
v -0.112790 1.375629 -0.031765
v -0.106312 1.371527 -0.040959
v -0.100356 1.371148 -0.046120
v -0.103316 1.374717 -0.040272
v -0.109795 1.378819 -0.031077
v -0.079856 1.353347 -0.006416
v -0.013968 1.609116 -0.082197
v -0.007707 1.623462 -0.078203
v 0.003708 1.629574 -0.064763
v 0.011397 1.622700 -0.052331
v 0.004779 1.613660 -0.058435
v -0.006635 1.607547 -0.071875
v 0.003462 1.596669 -0.116453
v 0.017402 1.616130 -0.107494
v 0.038772 1.627574 -0.082332
v 0.050951 1.622100 -0.060537
v 0.037452 1.608873 -0.072705
v 0.016082 1.597429 -0.097867
v 0.027635 1.577173 -0.138542
v 0.047768 1.597434 -0.129473
v 0.073272 1.611092 -0.099443
v 0.084309 1.607523 -0.071811
v 0.066450 1.593220 -0.085521
v 0.040946 1.579562 -0.115550
v 0.052107 1.550429 -0.151976
v 0.076407 1.568463 -0.142784
v 0.103818 1.583143 -0.110509
v 0.113022 1.583050 -0.080252
v 0.092496 1.569547 -0.094709
v 0.065084 1.554868 -0.126985
v 0.077537 1.519719 -0.152220
v 0.101019 1.532493 -0.144005
v 0.125503 1.545605 -0.115176
v 0.131945 1.548856 -0.088157
v 0.112723 1.538463 -0.101074
v 0.088239 1.525351 -0.129902
v 0.097592 1.484947 -0.143920
v 0.118396 1.492916 -0.136479
v 0.139107 1.504007 -0.112093
v 0.143616 1.509594 -0.089729
v 0.126885 1.502220 -0.100901
v 0.106174 1.491129 -0.125287
v 0.110239 1.448398 -0.127899
v 0.127131 1.452662 -0.121027
v 0.143822 1.461601 -0.101373
v 0.147331 1.468261 -0.084225
v 0.133785 1.463398 -0.093666
v 0.117093 1.454459 -0.113319
v 0.114862 1.412870 -0.104625
v 0.126931 1.414726 -0.098634
v 0.139245 1.421321 -0.084135
v 0.142228 1.427525 -0.072403
v 0.132430 1.424581 -0.079829
v 0.120116 1.417987 -0.094329
v 0.111587 1.381124 -0.074813
v 0.118212 1.381779 -0.070577
v 0.125534 1.385700 -0.061955
v 0.127859 1.389838 -0.055653
v 0.122310 1.388312 -0.060405
v 0.114988 1.384390 -0.069027
v 0.102125 1.357284 -0.037463
v -0.018307 1.621820 -0.052629
v -0.011186 1.628985 -0.065235
v 0.000223 1.623342 -0.078883
v 0.007046 1.609278 -0.082959
v -0.000001 1.607420 -0.072486
v -0.011409 1.613064 -0.058838
v -0.057789 1.619444 -0.059920
v -0.046301 1.625380 -0.081968
v -0.024942 1.614814 -0.107521
v -0.010324 1.595965 -0.116703
v -0.022595 1.596225 -0.097872
v -0.043954 1.606791 -0.072319
v -0.090520 1.603471 -0.070407
v -0.080189 1.607443 -0.098257
v -0.054698 1.594833 -0.128752
v -0.033875 1.575449 -0.138174
v -0.046829 1.577316 -0.114931
v -0.072320 1.589926 -0.084436
v -0.118153 1.577909 -0.078195
v -0.109539 1.578338 -0.108622
v -0.082141 1.564785 -0.141399
v -0.057270 1.547791 -0.151032
v -0.069948 1.551717 -0.125803
v -0.097346 1.565270 -0.093027
v -0.135636 1.543124 -0.085698
v -0.129566 1.540117 -0.112831
v -0.105095 1.528012 -0.142107
v -0.081255 1.516223 -0.150755
v -0.091767 1.521425 -0.128243
v -0.116238 1.533531 -0.098967
v -0.145617 1.503629 -0.087082
v -0.141291 1.498228 -0.109528
v -0.120591 1.487988 -0.134292
v -0.099617 1.480873 -0.142113
v -0.108105 1.486703 -0.123324
v -0.128805 1.496943 -0.098560
v -0.147526 1.462406 -0.081616
v -0.144060 1.455903 -0.098834
v -0.127377 1.447650 -0.118792
v -0.110453 1.444066 -0.125968
v -0.117284 1.449839 -0.111261
v -0.133967 1.458092 -0.091303
v -0.140634 1.422107 -0.070063
v -0.137617 1.416043 -0.081859
v -0.125309 1.409954 -0.096584
v -0.113282 1.408577 -0.102785
v -0.118551 1.413469 -0.092389
v -0.130860 1.419558 -0.077664
v -0.124615 1.385160 -0.053797
v -0.122242 1.381129 -0.060151
v -0.114924 1.377509 -0.068906
v -0.108352 1.377115 -0.073254
v -0.111775 1.380236 -0.067402
v -0.119093 1.383857 -0.058646
v -0.097501 1.353693 -0.036310
v 0.027744 1.612621 -0.071602
v 0.016475 1.621957 -0.077704
v -0.002816 1.622182 -0.079245
v -0.015124 1.613122 -0.075025
v -0.003595 1.608385 -0.071503
v 0.015695 1.608160 -0.069962
v 0.043000 1.630490 -0.038221
v 0.022021 1.642727 -0.044300
v -0.013109 1.643138 -0.047106
v -0.035066 1.631402 -0.044456
v -0.013842 1.625158 -0.040559
v 0.021288 1.624747 -0.037753
v 0.047815 1.637689 -0.000514
v 0.022334 1.652279 -0.003207
v -0.019718 1.652771 -0.006565
v -0.045635 1.638781 -0.007978
v -0.020046 1.631336 -0.005605
v 0.022007 1.630844 -0.002247
v 0.048734 1.633830 0.038299
v 0.020693 1.648889 0.039749
v -0.024994 1.649423 0.036100
v -0.052792 1.635017 0.030191
v -0.024811 1.627324 0.030581
v 0.020875 1.626790 0.034230
v 0.043598 1.618914 0.074522
v 0.016401 1.630732 0.079174
v -0.027436 1.631244 0.075673
v -0.053818 1.620053 0.066742
v -0.026824 1.613988 0.065486
v 0.017013 1.613475 0.068987
v 0.034612 1.593990 0.104940
v 0.010671 1.602017 0.111414
v -0.027564 1.602464 0.108360
v -0.050354 1.594983 0.098154
v -0.026701 1.590833 0.095850
v 0.011534 1.590386 0.098903
v 0.025876 1.561139 0.127011
v 0.005494 1.565503 0.133760
v -0.026849 1.565881 0.131177
v -0.045997 1.561980 0.121271
v -0.025923 1.559682 0.118686
v 0.006419 1.559304 0.121269
v 0.017477 1.523308 0.138747
v 0.001003 1.524717 0.144471
v -0.025063 1.525022 0.142390
v -0.040447 1.523986 0.134120
v -0.024246 1.523188 0.131894
v 0.001820 1.522883 0.133976
v 0.009334 1.483890 0.139224
v -0.002807 1.483478 0.143073
v -0.022038 1.483703 0.141537
v -0.033402 1.484390 0.135811
v -0.021455 1.484527 0.134356
v -0.002224 1.484302 0.135892
v 0.001027 1.446347 0.128576
v -0.006152 1.445443 0.130261
v -0.017587 1.445577 0.129348
v -0.024384 1.446644 0.126547
v -0.017301 1.447055 0.125983
v -0.005866 1.446921 0.126896
v -0.010413 1.414409 0.107026
v 0.014924 1.611472 -0.077433
v 0.004148 1.621259 -0.080766
v -0.012746 1.622468 -0.077340
v -0.022618 1.614159 -0.069820
v -0.012067 1.608896 -0.069201
v 0.004826 1.607687 -0.072627
v 0.037271 1.627580 -0.052437
v 0.018331 1.640731 -0.053483
v -0.012434 1.642933 -0.047244
v -0.031094 1.632475 -0.038573
v -0.012224 1.625226 -0.039956
v 0.018541 1.623023 -0.046195
v 0.051259 1.635172 -0.020895
v 0.029450 1.650985 -0.017910
v -0.007377 1.653622 -0.010441
v -0.030579 1.641032 -0.004299
v -0.008422 1.632320 -0.008073
v 0.028405 1.629683 -0.015541
v 0.061751 1.633668 0.013133
v 0.038841 1.650347 0.020415
v -0.001168 1.653212 0.028529
v -0.027159 1.640034 0.031163
v -0.003479 1.630820 0.025043
v 0.036531 1.627955 0.016929
v 0.066046 1.623021 0.047355
v 0.044545 1.636768 0.057515
v 0.006155 1.639517 0.065300
v -0.019265 1.629130 0.064655
v 0.003216 1.621416 0.057196
v 0.041606 1.618668 0.049411
v 0.065323 1.603717 0.078732
v 0.046928 1.613829 0.090020
v 0.013444 1.616226 0.096811
v -0.009085 1.609044 0.093821
v 0.010344 1.603256 0.086102
v 0.043827 1.600858 0.079312
v 0.062567 1.576939 0.104177
v 0.047149 1.583402 0.115167
v 0.018826 1.585430 0.120910
v -0.000374 1.581446 0.116941
v 0.015989 1.577595 0.109691
v 0.044313 1.575567 0.103947
v 0.057462 1.544799 0.121862
v 0.045010 1.548110 0.131260
v 0.022184 1.549745 0.135889
v 0.006736 1.548432 0.132148
v 0.019937 1.546277 0.126035
v 0.042764 1.544642 0.121406
v 0.049795 1.509844 0.130704
v 0.040484 1.510903 0.137514
v 0.023642 1.512109 0.140929
v 0.012369 1.512524 0.138293
v 0.022171 1.511626 0.133845
v 0.039012 1.510420 0.130429
v 0.039290 1.474798 0.130417
v 0.033613 1.474724 0.134020
v 0.023599 1.475441 0.136051
v 0.017037 1.476392 0.134929
v 0.022935 1.476210 0.132507
v 0.032949 1.475493 0.130476
v 0.023468 1.442810 0.121094
v 0.018422 1.616011 -0.067866
v 0.008532 1.627877 -0.066139
v -0.007127 1.631376 -0.056608
v -0.016376 1.623787 -0.046686
v -0.006646 1.616785 -0.050461
v 0.009013 1.613286 -0.059992
v 0.051018 1.624318 -0.050698
v 0.034268 1.640498 -0.043491
v 0.005752 1.646870 -0.026135
v -0.012350 1.638478 -0.012128
v 0.004738 1.628440 -0.021035
v 0.033254 1.622068 -0.038391
v 0.075552 1.624701 -0.025103
v 0.057607 1.643364 -0.012756
v 0.023472 1.650992 0.008021
v -0.000305 1.641652 0.021068
v 0.019098 1.629990 0.008545
v 0.053233 1.622362 -0.012232
v 0.095586 1.616380 0.003219
v 0.077953 1.635428 0.020142
v 0.040868 1.643715 0.042715
v 0.013175 1.634796 0.053380
v 0.033324 1.622740 0.038021
v 0.070409 1.614453 0.015449
v 0.107744 1.600109 0.033059
v 0.091799 1.615617 0.051917
v 0.056216 1.623568 0.073576
v 0.028668 1.617780 0.081189
v 0.047513 1.607596 0.065142
v 0.083097 1.599645 0.043484
v 0.112409 1.576635 0.061134
v 0.099207 1.587891 0.079573
v 0.068171 1.594826 0.098463
v 0.043439 1.592048 0.103112
v 0.059523 1.584301 0.088121
v 0.090560 1.577365 0.069230
v 0.111893 1.547105 0.083531
v 0.100888 1.554329 0.100237
v 0.074634 1.560196 0.116216
v 0.053553 1.560142 0.119040
v 0.067077 1.554737 0.105805
v 0.093331 1.548870 0.089825
v 0.105758 1.513937 0.098838
v 0.096656 1.517819 0.112633
v 0.075497 1.522547 0.125512
v 0.058739 1.524444 0.127456
v 0.069755 1.521059 0.116624
v 0.090913 1.516331 0.103745
v 0.093970 1.479852 0.106370
v 0.086829 1.481398 0.116333
v 0.071218 1.484886 0.125834
v 0.059280 1.487604 0.127484
v 0.067620 1.485766 0.119600
v 0.083231 1.482277 0.110098
v 0.076708 1.447631 0.106249
v 0.072056 1.447952 0.111727
v 0.062774 1.450026 0.117376
v 0.056081 1.452241 0.118804
v 0.061243 1.451447 0.114339
v 0.070525 1.449372 0.108689
v 0.052142 1.420768 0.099818
v 0.024146 1.622591 -0.046214
v 0.014891 1.631378 -0.054537
v -0.001563 1.629823 -0.061594
v -0.012418 1.619137 -0.061898
v -0.002763 1.615219 -0.055580
v 0.013691 1.616773 -0.048522
v 0.026334 1.636264 -0.012578
v 0.008227 1.646891 -0.023632
v -0.021737 1.644060 -0.036484
v -0.040253 1.629973 -0.041139
v -0.022044 1.625524 -0.031685
v 0.007920 1.628355 -0.018833
v 0.019552 1.639982 0.020663
v -0.003729 1.652153 0.011297
v -0.039598 1.648764 -0.004088
v -0.060157 1.632452 -0.013526
v -0.037557 1.627402 -0.004142
v -0.001688 1.630791 0.011243
v 0.010194 1.634554 0.053253
v -0.016551 1.646750 0.046691
v -0.055520 1.643068 0.029977
v -0.076403 1.626372 0.016110
v -0.051123 1.621399 0.024499
v -0.012155 1.625081 0.041213
v -0.002832 1.619943 0.081966
v -0.029389 1.629051 0.078327
v -0.066780 1.625518 0.062289
v -0.085923 1.612093 0.046326
v -0.061219 1.608618 0.053046
v -0.023828 1.612151 0.069084
v -0.017004 1.597163 0.105259
v -0.040844 1.603013 0.104123
v -0.073456 1.599932 0.090135
v -0.089476 1.590316 0.074174
v -0.067592 1.588333 0.079016
v -0.034979 1.591414 0.093004
v -0.028359 1.568075 0.122608
v -0.048807 1.570849 0.122783
v -0.076393 1.568242 0.110951
v -0.089663 1.562284 0.096313
v -0.071009 1.561693 0.099841
v -0.043423 1.564300 0.111674
v -0.036576 1.534759 0.132559
v -0.053026 1.535109 0.133047
v -0.075259 1.533009 0.123511
v -0.085982 1.530092 0.111368
v -0.070964 1.530558 0.114038
v -0.048731 1.532659 0.123574
v -0.041714 1.499595 0.134269
v -0.053634 1.498531 0.134415
v -0.070037 1.496981 0.127379
v -0.078165 1.496151 0.118634
v -0.067193 1.497156 0.120710
v -0.050790 1.498706 0.127746
v -0.044325 1.465012 0.127426
v -0.051156 1.463739 0.127055
v -0.060910 1.462818 0.122872
v -0.066000 1.462965 0.118129
v -0.059604 1.463883 0.119593
v -0.049851 1.464804 0.123777
v -0.047085 1.433503 0.110660
v 0.013629 1.604512 -0.089026
v 0.006738 1.617611 -0.087038
v -0.003860 1.624148 -0.075057
v -0.009923 1.619039 -0.062402
v -0.003239 1.610492 -0.067056
v 0.007359 1.603955 -0.079037
v 0.048735 1.609415 -0.083383
v 0.037912 1.628206 -0.075474
v 0.018612 1.640111 -0.053656
v 0.005845 1.635869 -0.034899
v 0.017154 1.622836 -0.045521
v 0.036454 1.610932 -0.067338
v 0.078359 1.609377 -0.067095
v 0.068326 1.631314 -0.054737
v 0.045223 1.645564 -0.028620
v 0.027018 1.641045 -0.009056
v 0.039094 1.625722 -0.023215
v 0.062197 1.611472 -0.049333
v 0.104041 1.602550 -0.045868
v 0.095747 1.625421 -0.029612
v 0.070647 1.640902 -0.001238
v 0.048263 1.636954 0.017186
v 0.060080 1.620788 0.000389
v 0.085180 1.605306 -0.027985
v 0.122672 1.589920 -0.019840
v 0.116119 1.609472 -0.001695
v 0.092035 1.624327 0.025531
v 0.069152 1.622931 0.040661
v 0.079788 1.608616 0.023270
v 0.103872 1.593761 -0.003956
v 0.133794 1.571600 0.008037
v 0.129140 1.586741 0.025846
v 0.108135 1.599697 0.049592
v 0.087114 1.600392 0.060806
v 0.095860 1.588863 0.044646
v 0.116866 1.575906 0.020899
v 0.138425 1.547649 0.033660
v 0.134811 1.558474 0.050092
v 0.117042 1.569434 0.070179
v 0.098939 1.572004 0.078297
v 0.106175 1.563243 0.063943
v 0.123944 1.552283 0.043856
v 0.135940 1.519933 0.055594
v 0.132799 1.526937 0.069574
v 0.118479 1.535770 0.085762
v 0.104117 1.539562 0.091569
v 0.110064 1.533361 0.079633
v 0.124384 1.524528 0.063444
v 0.126231 1.490621 0.072811
v 0.123388 1.494577 0.083321
v 0.112823 1.501094 0.095264
v 0.102752 1.505103 0.099352
v 0.107402 1.501133 0.090448
v 0.117967 1.494616 0.078504
v 0.109544 1.462041 0.084834
v 0.107315 1.463803 0.090929
v 0.101033 1.467678 0.098031
v 0.095583 1.470652 0.100616
v 0.098617 1.468587 0.095399
v 0.104900 1.464712 0.088297
v 0.084711 1.437616 0.092609
v 0.024952 1.620609 -0.052556
v 0.018671 1.627441 -0.064639
v 0.006376 1.623132 -0.077019
v -0.002369 1.611035 -0.080066
v 0.004528 1.608935 -0.070242
v 0.016822 1.613244 -0.057862
v 0.011325 1.637413 -0.021071
v -0.002286 1.644653 -0.039107
v -0.024674 1.636806 -0.061651
v -0.038428 1.619976 -0.071168
v -0.024781 1.618754 -0.055261
v -0.002393 1.626601 -0.032718
v -0.009374 1.642312 0.008184
v -0.028636 1.650445 -0.010273
v -0.055437 1.641053 -0.037259
v -0.068932 1.621439 -0.051785
v -0.051112 1.620242 -0.034311
v -0.024311 1.629635 -0.007325
v -0.030977 1.636848 0.037001
v -0.054589 1.644610 0.019991
v -0.083706 1.634406 -0.009327
v -0.095681 1.614172 -0.028151
v -0.074978 1.613409 -0.010687
v -0.045862 1.623613 0.018631
v -0.053023 1.620700 0.061736
v -0.077257 1.625489 0.047908
v -0.105196 1.615698 0.019776
v -0.115107 1.598941 -0.000778
v -0.094453 1.599538 0.014732
v -0.066515 1.609330 0.042864
v -0.072531 1.595326 0.081523
v -0.094821 1.597306 0.071372
v -0.119189 1.588766 0.046836
v -0.126681 1.576349 0.026999
v -0.108090 1.577968 0.039572
v -0.083723 1.586508 0.064108
v -0.085751 1.563393 0.096913
v -0.105002 1.562809 0.089506
v -0.125615 1.555585 0.068751
v -0.131556 1.547340 0.050791
v -0.115632 1.549839 0.060837
v -0.095020 1.557063 0.081592
v -0.092051 1.527271 0.106311
v -0.107388 1.524870 0.100835
v -0.124000 1.519048 0.084108
v -0.128967 1.514333 0.069140
v -0.116223 1.517313 0.076989
v -0.099611 1.523135 0.093716
v -0.091510 1.489629 0.108605
v -0.102331 1.486534 0.104535
v -0.114587 1.482239 0.092194
v -0.118746 1.480083 0.081180
v -0.109590 1.482943 0.086986
v -0.097334 1.487238 0.099327
v -0.084960 1.453123 0.103091
v -0.090879 1.450678 0.100370
v -0.098167 1.448124 0.093032
v -0.101155 1.447448 0.086785
v -0.095969 1.449451 0.090387
v -0.088681 1.452005 0.097725
v -0.074958 1.420090 0.087472
v -0.007991 1.602398 -0.092606
v -0.011718 1.616075 -0.088955
v -0.015782 1.623448 -0.074661
v -0.017022 1.618781 -0.060842
v -0.013917 1.609690 -0.067035
v -0.009853 1.602317 -0.081329
v 0.029401 1.603350 -0.100029
v 0.025249 1.622939 -0.089888
v 0.017848 1.636365 -0.063858
v 0.012954 1.633186 -0.042185
v 0.017291 1.619289 -0.055209
v 0.024692 1.605863 -0.081239
v 0.065301 1.598735 -0.095118
v 0.064204 1.621139 -0.081339
v 0.055345 1.637211 -0.050179
v 0.045613 1.634450 -0.025875
v 0.048868 1.618337 -0.042285
v 0.057728 1.602265 -0.073445
v 0.098134 1.586645 -0.083577
v 0.100442 1.609480 -0.066835
v 0.090817 1.626940 -0.032983
v 0.076745 1.625447 -0.008350
v 0.078531 1.608694 -0.027064
v 0.088156 1.591233 -0.060917
v 0.124734 1.568598 -0.064655
v 0.128928 1.587708 -0.046583
v 0.119692 1.604461 -0.014101
v 0.104211 1.605829 0.007528
v 0.104936 1.591155 -0.011433
v 0.114171 1.574401 -0.043915
v 0.143228 1.545154 -0.041092
v 0.148321 1.559536 -0.023743
v 0.140266 1.574148 0.004588
v 0.125328 1.577627 0.021865
v 0.125243 1.565971 0.004534
v 0.133298 1.551358 -0.023796
v 0.152772 1.516779 -0.017209
v 0.157515 1.526740 -0.001273
v 0.150701 1.539101 0.022692
v 0.137630 1.544247 0.036047
v 0.137340 1.535490 0.020756
v 0.144154 1.523129 -0.003209
v 0.152480 1.485889 0.005601
v 0.155995 1.492129 0.019279
v 0.150504 1.502091 0.038593
v 0.140277 1.508027 0.048521
v 0.140197 1.501863 0.035781
v 0.145689 1.491901 0.016467
v 0.142307 1.455123 0.026157
v 0.144202 1.458570 0.036646
v 0.140151 1.465920 0.050896
v 0.133303 1.471456 0.057823
v 0.133593 1.467486 0.048224
v 0.137645 1.460136 0.033974
v 0.122921 1.427165 0.043711
v 0.123352 1.428741 0.049994
v 0.120943 1.433111 0.058467
v 0.117568 1.436877 0.062539
v 0.118089 1.434753 0.056809
v 0.120498 1.430383 0.048336
v 0.094677 1.405869 0.059344
v 0.011996 1.621559 -0.054655
v 0.009909 1.626933 -0.068111
v 0.005107 1.620272 -0.082525
v 0.001325 1.606756 -0.086686
v 0.003835 1.606105 -0.075554
v 0.008637 1.612766 -0.061140
v -0.016291 1.634388 -0.033743
v -0.022434 1.638640 -0.054909
v -0.031178 1.626510 -0.081157
v -0.035723 1.607432 -0.092073
v -0.029980 1.609012 -0.073470
v -0.021235 1.621142 -0.047222
v -0.047266 1.634534 -0.015879
v -0.058323 1.638463 -0.039444
v -0.068791 1.623942 -0.070866
v -0.070528 1.602267 -0.085704
v -0.061801 1.604739 -0.064320
v -0.051333 1.619260 -0.032899
v -0.076709 1.624732 0.002456
v -0.092053 1.627411 -0.021302
v -0.103425 1.611636 -0.055439
v -0.101981 1.589676 -0.073403
v -0.090835 1.593157 -0.051093
v -0.079462 1.608932 -0.016957
v -0.102781 1.604756 0.018339
v -0.119332 1.604464 -0.002525
v -0.130244 1.589328 -0.035280
v -0.127030 1.571119 -0.054449
v -0.115420 1.575889 -0.034008
v -0.104508 1.591026 -0.001253
v -0.122914 1.576553 0.031919
v -0.138689 1.573985 0.015237
v -0.148206 1.560782 -0.013332
v -0.144064 1.547215 -0.031566
v -0.133269 1.552533 -0.014496
v -0.123751 1.565735 0.014073
v -0.134648 1.543339 0.044698
v -0.148376 1.538949 0.031739
v -0.156427 1.527781 0.007573
v -0.152538 1.518521 -0.009004
v -0.143214 1.524128 0.004859
v -0.135163 1.535296 0.029025
v -0.137239 1.507377 0.055278
v -0.147984 1.502045 0.045557
v -0.154472 1.493045 0.026081
v -0.151658 1.487376 0.011998
v -0.144303 1.492792 0.022809
v -0.137814 1.501792 0.042286
v -0.130755 1.471074 0.062378
v -0.137996 1.465979 0.055514
v -0.142783 1.459339 0.041145
v -0.141393 1.456318 0.030447
v -0.136310 1.460894 0.038270
v -0.131523 1.467535 0.052639
v -0.116030 1.436700 0.064785
v -0.119654 1.433191 0.060698
v -0.122501 1.429243 0.052154
v -0.122355 1.427926 0.045798
v -0.119673 1.430886 0.050452
v -0.116827 1.434835 0.058996
v -0.094677 1.405869 0.059344
v 0.017885 1.610090 -0.080118
v 0.005633 1.623187 -0.081746
v -0.010674 1.628000 -0.071128
v -0.018351 1.620787 -0.056523
v -0.007242 1.612768 -0.058953
v 0.009064 1.607954 -0.069571
v 0.053852 1.623754 -0.073159
v 0.032717 1.644209 -0.068619
v 0.000091 1.653841 -0.047374
v -0.018651 1.645157 -0.025949
v 0.001885 1.631986 -0.034710
v 0.034512 1.622355 -0.055955
v 0.079212 1.631254 -0.052284
v 0.058041 1.656293 -0.041808
v 0.019725 1.667604 -0.016858
v -0.005935 1.656390 0.003159
v 0.016358 1.640414 -0.009702
v 0.054675 1.629103 -0.034652
v 0.094675 1.632102 -0.022235
v 0.077319 1.653932 -0.008123
v 0.041596 1.664477 0.015138
v 0.015290 1.655537 0.029456
v 0.034883 1.641400 0.015292
v 0.070606 1.630854 -0.007969
v 0.102822 1.624811 0.011459
v 0.090347 1.640922 0.025829
v 0.061557 1.649421 0.044575
v 0.038843 1.643698 0.053119
v 0.053878 1.633045 0.040206
v 0.082668 1.624546 0.021459
v 0.106353 1.609093 0.043475
v 0.097705 1.619161 0.055754
v 0.076464 1.625431 0.069585
v 0.059151 1.623027 0.074211
v 0.069965 1.616077 0.063845
v 0.091206 1.609807 0.050014
v 0.103895 1.586951 0.071943
v 0.098656 1.591492 0.079749
v 0.086026 1.595220 0.087973
v 0.075829 1.595236 0.090219
v 0.082308 1.591826 0.083803
v 0.094938 1.588098 0.075579
v 0.090929 1.560995 0.096365
v 0.012504 1.625343 -0.043117
v 0.004583 1.633386 -0.057148
v -0.011784 1.629068 -0.067884
v -0.023867 1.615746 -0.066975
v -0.014906 1.613045 -0.056679
v 0.001461 1.617363 -0.045943
v 0.014341 1.646251 -0.012708
v -0.004687 1.656032 -0.033396
v -0.037436 1.647390 -0.054878
v -0.058434 1.627048 -0.060445
v -0.038914 1.624798 -0.043537
v -0.006165 1.633440 -0.022055
v 0.003548 1.654976 0.014746
v -0.022306 1.667117 -0.004465
v -0.060766 1.656969 -0.029693
v -0.081918 1.632425 -0.041316
v -0.057239 1.629455 -0.024002
v -0.018780 1.639603 0.001226
v -0.015768 1.652962 0.038391
v -0.042124 1.662564 0.024602
v -0.077980 1.653103 0.001081
v -0.095450 1.631937 -0.013877
v -0.071316 1.630027 0.000204
v -0.035460 1.639488 0.023725
v -0.037750 1.641372 0.058884
v -0.060432 1.647567 0.050590
v -0.089330 1.639942 0.031634
v -0.101967 1.624427 0.016760
v -0.081796 1.623659 0.026699
v -0.052898 1.631284 0.045654
v -0.057085 1.622197 0.076821
v -0.074356 1.624969 0.072243
v -0.095676 1.619343 0.058258
v -0.104464 1.609696 0.045743
v -0.089314 1.610029 0.052305
v -0.067993 1.615654 0.066291
v -0.073566 1.596923 0.090154
v -0.083753 1.597154 0.087877
v -0.096431 1.593809 0.079561
v -0.101738 1.589489 0.071675
v -0.092771 1.590396 0.075355
v -0.080094 1.593741 0.083670
v -0.089326 1.565890 0.094454
v 0.001344 1.609743 -0.082755
v -0.001888 1.625948 -0.076345
v -0.000920 1.633175 -0.058417
v 0.003496 1.625804 -0.042916
v 0.004816 1.615493 -0.051599
v 0.003848 1.608266 -0.069526
v 0.027676 1.608907 -0.107075
v 0.026658 1.633308 -0.091310
v 0.028595 1.647769 -0.055439
v 0.031981 1.641043 -0.027362
v 0.031898 1.624423 -0.046206
v 0.029960 1.609962 -0.082076
v 0.056429 1.604761 -0.115057
v 0.060876 1.632359 -0.096420
v 0.063151 1.649341 -0.054294
v 0.061485 1.642500 -0.021443
v 0.058565 1.623512 -0.043634
v 0.056290 1.606529 -0.085760
v 0.085230 1.597486 -0.109988
v 0.093072 1.620600 -0.091757
v 0.095193 1.636434 -0.052482
v 0.089943 1.632672 -0.022710
v 0.085374 1.616277 -0.043826
v 0.083253 1.600443 -0.083101
v 0.111704 1.585680 -0.096788
v 0.120445 1.602350 -0.081437
v 0.122154 1.615111 -0.049784
v 0.115503 1.614037 -0.026448
v 0.110610 1.601803 -0.043795
v 0.108900 1.589042 -0.075448
v 0.133885 1.568611 -0.080357
v 0.141342 1.579101 -0.068356
v 0.142604 1.588515 -0.045003
v 0.136687 1.589533 -0.028461
v 0.132573 1.581411 -0.041597
v 0.131312 1.571997 -0.064950
v 0.150676 1.547961 -0.060679
v 0.155110 1.552953 -0.053042
v 0.155860 1.558551 -0.039156
v 0.152343 1.560401 -0.029822
v 0.149897 1.556194 -0.037884
v 0.149147 1.550596 -0.051769
v 0.160337 1.526415 -0.034534
v 0.010908 1.625968 -0.040372
v 0.016291 1.633311 -0.055579
v 0.017569 1.626290 -0.073569
v 0.013748 1.610367 -0.080350
v 0.010667 1.608841 -0.067250
v 0.009388 1.615862 -0.049260
v -0.019791 1.643263 -0.026148
v -0.015078 1.650203 -0.053980
v -0.012520 1.636156 -0.089976
v -0.014108 1.612047 -0.106139
v -0.017246 1.612869 -0.081225
v -0.019804 1.626917 -0.045229
v -0.052332 1.645923 -0.021426
v -0.052690 1.653255 -0.054212
v -0.049686 1.636758 -0.096485
v -0.045658 1.609263 -0.115367
v -0.046397 1.610638 -0.086057
v -0.049400 1.627135 -0.043784
v -0.084054 1.636202 -0.023565
v -0.088403 1.640469 -0.053415
v -0.085603 1.625089 -0.092827
v -0.077831 1.602022 -0.111148
v -0.076513 1.604588 -0.084181
v -0.079313 1.619969 -0.044769
v -0.112663 1.616506 -0.027748
v -0.118793 1.617937 -0.051207
v -0.116536 1.605542 -0.082970
v -0.107648 1.588960 -0.098333
v -0.105272 1.592032 -0.076898
v -0.107529 1.604428 -0.045135
v -0.136275 1.589883 -0.029746
v -0.141922 1.589036 -0.046391
v -0.140257 1.579891 -0.069826
v -0.132575 1.569560 -0.081823
v -0.130260 1.572778 -0.066340
v -0.131925 1.581924 -0.042905
v -0.153346 1.557883 -0.030688
v -0.156732 1.556075 -0.040078
v -0.155742 1.550637 -0.054012
v -0.151145 1.545799 -0.061653
v -0.149755 1.548365 -0.052700
v -0.150745 1.553803 -0.038766
v -0.161428 1.520744 -0.034687
v -0.016346 1.615975 -0.068873
v -0.011151 1.631520 -0.062130
v 0.002158 1.636024 -0.048820
v 0.013231 1.625983 -0.039297
v 0.006567 1.616834 -0.046736
v -0.006743 1.612330 -0.060045
v -0.010663 1.613359 -0.104968
v 0.003795 1.635231 -0.092415
v 0.030425 1.644242 -0.065785
v 0.048516 1.633383 -0.045789
v 0.033150 1.619694 -0.060203
v 0.006519 1.610683 -0.086833
v 0.006184 1.604627 -0.129772
v 0.027254 1.628198 -0.118404
v 0.058528 1.638781 -0.087130
v 0.075684 1.628143 -0.060273
v 0.055593 1.613124 -0.075513
v 0.024318 1.602542 -0.106787
v 0.030377 1.590842 -0.144327
v 0.052718 1.609482 -0.135298
v 0.081876 1.619348 -0.106140
v 0.095172 1.612767 -0.079531
v 0.075092 1.600433 -0.092955
v 0.045934 1.590566 -0.122113
v 0.056761 1.571727 -0.150948
v 0.076533 1.584336 -0.144621
v 0.100032 1.592287 -0.121122
v 0.108981 1.589397 -0.098728
v 0.091915 1.580662 -0.109071
v 0.068416 1.572711 -0.132571
v 0.080668 1.547562 -0.152202
v 0.096008 1.554860 -0.147608
v 0.113345 1.560727 -0.130270
v 0.119196 1.560599 -0.113675
v 0.106229 1.555157 -0.121270
v 0.088892 1.549290 -0.138607
v 0.101640 1.520149 -0.147385
v 0.110781 1.523236 -0.144249
v 0.121089 1.526725 -0.133940
v 0.124549 1.527900 -0.124476
v 0.116829 1.525291 -0.129194
v 0.106520 1.521802 -0.139503
v 0.120885 1.492000 -0.132885
v -0.021770 1.619745 -0.057594
v -0.011075 1.628819 -0.068429
v 0.001845 1.623050 -0.081634
v 0.006941 1.606925 -0.086937
v -0.002354 1.604151 -0.077485
v -0.015274 1.609920 -0.064280
v -0.054925 1.626287 -0.061346
v -0.037468 1.635162 -0.082828
v -0.011617 1.623619 -0.109249
v 0.002522 1.600636 -0.120059
v -0.014106 1.599725 -0.101245
v -0.039957 1.611268 -0.074824
v -0.079721 1.620874 -0.072245
v -0.063218 1.628968 -0.100367
v -0.032859 1.615411 -0.131396
v -0.012257 1.590749 -0.141196
v -0.029785 1.590844 -0.117654
v -0.060144 1.604400 -0.086626
v -0.097009 1.606237 -0.087777
v -0.084197 1.610509 -0.115084
v -0.055892 1.597870 -0.144013
v -0.034111 1.578150 -0.152062
v -0.049166 1.579876 -0.129570
v -0.077470 1.592515 -0.100641
v -0.109061 1.584752 -0.103583
v -0.100431 1.585923 -0.126257
v -0.077620 1.575737 -0.149571
v -0.058370 1.562116 -0.155392
v -0.069655 1.564643 -0.136932
v -0.092467 1.574829 -0.113618
v -0.118199 1.559016 -0.115871
v -0.112561 1.558046 -0.132513
v -0.095731 1.550531 -0.149714
v -0.080799 1.542316 -0.154095
v -0.088760 1.545097 -0.140519
v -0.105590 1.552612 -0.123318
v -0.123419 1.530108 -0.124994
v -0.120108 1.528381 -0.134426
v -0.110101 1.523912 -0.144654
v -0.101181 1.520179 -0.147722
v -0.105895 1.522408 -0.139881
v -0.115902 1.526876 -0.129653
v -0.120811 1.497966 -0.132811
v 0.028353 1.616549 -0.063572
v 0.015403 1.626684 -0.072249
v -0.005974 1.627829 -0.071344
v -0.019153 1.619094 -0.061559
v -0.006146 1.613677 -0.057497
v 0.015231 1.612531 -0.058403
v 0.054066 1.635282 -0.044105
v 0.028273 1.650647 -0.052477
v -0.014501 1.652939 -0.050665
v -0.040987 1.640375 -0.040078
v -0.015021 1.631993 -0.036446
v 0.027753 1.629701 -0.038258
v 0.064084 1.646425 -0.018255
v 0.034146 1.666245 -0.022001
v -0.016087 1.668936 -0.019874
v -0.047545 1.652406 -0.013526
v -0.017227 1.641674 -0.012303
v 0.033006 1.638983 -0.014431
v 0.061724 1.650215 0.010824
v 0.033973 1.667745 0.012338
v -0.012860 1.670255 0.014322
v -0.042350 1.655792 0.015232
v -0.014165 1.646260 0.013869
v 0.032669 1.643751 0.011885
v 0.052597 1.645945 0.040294
v 0.030321 1.658998 0.044960
v -0.007423 1.661021 0.046559
v -0.031279 1.650439 0.043847
v -0.008608 1.643294 0.041026
v 0.029137 1.641272 0.039427
v 0.042051 1.633861 0.067423
v 0.025610 1.641883 0.072771
v -0.002237 1.643376 0.073951
v -0.019832 1.637177 0.070045
v -0.003103 1.632710 0.067010
v 0.024745 1.631218 0.065831
v 0.029422 1.615361 0.090184
v 0.019594 1.618709 0.093935
v 0.003036 1.619596 0.094637
v -0.007374 1.617333 0.091743
v 0.002599 1.615388 0.089653
v 0.019157 1.614501 0.088952
v 0.010327 1.591423 0.106037
vn 0.4020 -0.7097 -0.5785
vn 0.1419 -0.7135 -0.6861
vn -0.1419 -0.7135 -0.6861
vn -0.4020 -0.7097 -0.5785
vn 0.7508 -0.4512 -0.4824
vn 0.5077 -0.4567 -0.7306
vn 0.1798 -0.4606 -0.8692
vn -0.1798 -0.4606 -0.8692
vn -0.5077 -0.4567 -0.7306
vn -0.7508 -0.4512 -0.4824
vn 0.9705 -0.1537 0.1856
vn 0.9705 -0.1537 -0.1856
vn 0.8311 -0.1553 -0.5340
vn 0.5635 -0.1576 -0.8109
vn 0.2000 -0.1592 -0.9668
vn -0.2000 -0.1592 -0.9668
vn -0.5635 -0.1576 -0.8109
vn -0.8311 -0.1553 -0.5340
vn -0.9705 -0.1537 -0.1856
vn -0.9705 -0.1537 0.1856
vn 0.8311 0.1553 0.5340
vn 0.9705 0.1537 0.1856
vn 0.9705 0.1537 -0.1856
vn 0.8311 0.1553 -0.5340
vn 0.5635 0.1576 -0.8109
vn 0.2000 0.1592 -0.9668
vn -0.2000 0.1592 -0.9668
vn -0.5635 0.1576 -0.8109
vn -0.8311 0.1553 -0.5340
vn -0.9705 0.1537 -0.1856
vn -0.9705 0.1537 0.1856
vn -0.8311 0.1553 0.5340
vn 0.5077 0.4567 0.7306
vn 0.7508 0.4512 0.4824
vn 0.8783 0.4475 0.1680
vn 0.8783 0.4475 -0.1680
vn 0.7508 0.4512 -0.4824
vn 0.5077 0.4567 -0.7306
vn 0.1798 0.4606 -0.8692
vn -0.1798 0.4606 -0.8692
vn -0.5077 0.4567 -0.7306
vn -0.7508 0.4512 -0.4824
vn -0.8783 0.4475 -0.1680
vn -0.8783 0.4475 0.1680
vn -0.7508 0.4513 0.4824
vn -0.5077 0.4567 0.7306
vn 0.1419 0.7135 0.6861
vn 0.4020 0.7097 0.5785
vn 0.5972 0.7044 0.3837
vn 0.7007 0.7007 0.1340
vn 0.7007 0.7007 -0.1340
vn 0.5972 0.7044 -0.3837
vn 0.4020 0.7097 -0.5785
vn 0.1419 0.7135 -0.6861
vn -0.1419 0.7135 -0.6861
vn -0.4020 0.7097 -0.5785
vn -0.5972 0.7044 -0.3837
vn -0.7007 0.7007 -0.1340
vn -0.7007 0.7007 0.1340
vn -0.5972 0.7044 0.3837
vn -0.4020 0.7097 0.5785
vn -0.1419 0.7135 0.6861
vn 0.0906 0.8943 0.4382
vn 0.2576 0.8924 0.3706
vn 0.3843 0.8896 0.2469
vn 0.4523 0.8877 0.0865
vn 0.4523 0.8877 -0.0865
vn 0.3843 0.8896 -0.2469
vn 0.2576 0.8924 -0.3706
vn 0.0906 0.8943 -0.4382
vn -0.0906 0.8943 -0.4382
vn -0.2576 0.8924 -0.3706
vn -0.3843 0.8896 -0.2469
vn -0.4523 0.8877 -0.0865
vn -0.4523 0.8877 0.0865
vn -0.3843 0.8896 0.2469
vn -0.2576 0.8924 0.3706
vn -0.0906 0.8943 0.4382
vn 0.0315 0.9878 0.1524
vn 0.0909 0.9872 0.1308
vn 0.1391 0.9862 0.0894
vn 0.1692 0.9851 0.0324
vn 0.1751 0.9840 -0.0335
vn 0.1535 0.9832 -0.0986
vn 0.1053 0.9828 -0.1515
vn 0.0375 0.9827 -0.1814
vn -0.0375 0.9827 -0.1814
vn -0.1053 0.9828 -0.1515
vn -0.1535 0.9832 -0.0986
vn -0.1751 0.9840 -0.0335
vn -0.1692 0.9851 0.0324
vn -0.1391 0.9862 0.0894
vn -0.0909 0.9872 0.1308
vn -0.0315 0.9878 0.1524
vn -0.5793 0.5931 -0.5591
vn -0.0242 0.9208 -0.3892
vn 0.3150 0.9309 0.1846
vn 0.1654 -0.6711 0.7226
vn -0.0441 -0.8886 0.4566
vn -0.3937 -0.8824 0.2576
vn -0.2443 0.4982 -0.8320
vn 0.2294 0.7523 -0.6176
vn 0.5713 0.8062 -0.1537
vn -0.0338 -0.5768 0.8162
vn -0.2644 -0.7178 0.6440
vn -0.4995 -0.7527 0.4289
vn 0.0012 0.2403 -0.9707
vn 0.4579 0.4611 -0.7601
vn 0.7811 0.5349 -0.3222
vn -0.1799 -0.4179 0.8905
vn -0.4190 -0.5238 0.7417
vn -0.6191 -0.5838 0.5252
vn 0.1520 -0.0235 -0.9881
vn 0.5906 0.1723 -0.7884
vn 0.8919 0.2560 -0.3728
vn -0.3215 -0.1889 0.9279
vn -0.5575 -0.2600 0.7884
vn -0.7345 -0.3449 0.5844
vn 0.2284 -0.2703 -0.9353
vn 0.6610 -0.1188 -0.7409
vn 0.9388 -0.0019 -0.3445
vn -0.4208 0.0805 0.9036
vn -0.6447 0.0245 0.7641
vn -0.8145 -0.0682 0.5762
vn 0.2695 -0.5029 -0.8213
vn 0.6713 -0.3907 -0.6298
vn 0.9275 -0.2543 -0.2741
vn -0.4737 0.3419 0.8116
vn -0.6744 0.2993 0.6750
vn -0.8340 0.2058 0.5120
vn 0.2532 -0.7303 -0.6345
vn 0.6209 -0.6366 -0.4574
vn 0.8532 -0.5036 -0.1355
vn -0.4682 0.5844 0.6628
vn -0.6449 0.5583 0.5219
vn -0.7993 0.4593 0.3874
vn -0.6741 0.3321 0.6598
vn -0.2558 0.9311 0.2600
vn 0.1360 0.9513 -0.2767
vn 0.6633 0.5904 -0.4598
vn 0.2791 -0.9461 0.1643
vn -0.0777 -0.9358 0.3438
vn -0.2934 -0.7339 0.6126
vn -0.4995 0.8589 -0.1127
vn -0.1294 0.8221 -0.5544
vn 0.3341 0.5499 -0.7655
vn 0.4054 -0.8316 0.3797
vn 0.1613 -0.7963 0.5830
vn -0.0702 -0.6552 0.7521
vn -0.7248 0.6086 -0.3229
vn -0.3815 0.5463 -0.7457
vn 0.0721 0.3132 -0.9469
vn 0.5525 -0.6558 0.5145
vn 0.3442 -0.5990 0.7230
vn 0.1039 -0.4895 0.8658
vn -0.8582 0.3194 -0.4017
vn -0.5416 0.2406 -0.8055
vn -0.1019 0.0391 -0.9940
vn 0.6924 -0.3987 0.6014
vn 0.5087 -0.3179 0.8001
vn 0.2706 -0.2423 0.9317
vn -0.9230 0.0348 -0.3833
vn -0.6330 -0.0809 -0.7700
vn -0.1967 -0.2344 -0.9520
vn 0.7908 -0.0940 0.6049
vn 0.6156 -0.0039 0.7880
vn 0.3887 0.0551 0.9197
vn -0.9196 -0.2468 -0.3056
vn -0.6532 -0.3858 -0.6515
vn -0.2470 -0.4961 -0.8324
vn 0.8186 0.2117 0.5339
vn 0.6547 0.3037 0.6922
vn 0.4507 0.3481 0.8220
vn -0.8435 -0.5168 -0.1466
vn -0.6009 -0.6560 -0.4567
vn -0.2299 -0.7442 -0.6271
vn 0.7808 0.4906 0.3868
vn 0.6225 0.5877 0.5168
vn 0.4426 0.6160 0.6516
vn 0.6474 0.1838 0.7397
vn -0.6157 0.6645 -0.4235
vn -0.0010 0.9182 -0.3962
vn 0.4731 0.8783 0.0691
vn 0.2564 -0.6974 0.6692
vn -0.0409 -0.8804 0.4725
vn -0.4229 -0.8308 0.3619
vn -0.3700 0.5216 -0.7687
vn 0.1701 0.7096 -0.6838
vn 0.6200 0.7160 -0.3208
vn 0.0916 -0.5658 0.8195
vn -0.1912 -0.6728 0.7146
vn -0.4735 -0.6767 0.5638
vn -0.2017 0.2263 -0.9529
vn 0.3182 0.3804 -0.8684
vn 0.7449 0.4121 -0.5247
vn -0.0153 -0.3725 0.9279
vn -0.2955 -0.4441 0.8459
vn -0.5484 -0.4771 0.6868
vn -0.0963 -0.0653 -0.9932
vn 0.4011 0.0630 -0.9139
vn 0.8021 0.1110 -0.5867
vn -0.1135 -0.1102 0.9874
vn -0.3833 -0.1484 0.9116
vn -0.6148 -0.2086 0.7606
vn -0.0450 -0.3300 -0.9429
vn 0.4392 -0.2463 -0.8640
vn 0.8179 -0.1607 -0.5525
vn -0.1765 0.1834 0.9671
vn -0.4327 0.1585 0.8875
vn -0.6543 0.0896 0.7509
vn -0.0135 -0.5718 -0.8203
vn 0.4344 -0.5231 -0.7333
vn 0.7858 -0.4149 -0.4587
vn -0.2090 0.4579 0.8641
vn -0.4403 0.4429 0.7810
vn -0.6463 0.3721 0.6663
vn -0.0219 -0.7916 -0.6106
vn 0.3867 -0.7576 -0.5259
vn 0.7078 -0.6484 -0.2805
vn -0.1984 0.6984 0.6876
vn -0.4052 0.6948 0.5942
vn -0.6002 0.6196 0.5058
vn -0.4415 0.4106 0.7978
vn -0.4071 0.9132 0.0155
vn 0.1237 0.9144 -0.3855
vn 0.7143 0.6114 -0.3406
vn 0.3058 -0.8629 0.4024
vn -0.0892 -0.8805 0.4655
vn -0.3935 -0.6746 0.6245
vn -0.5173 0.7610 -0.3916
vn -0.0279 0.7175 -0.6960
vn 0.5016 0.4867 -0.7152
vn 0.3449 -0.7101 0.6138
vn 0.0477 -0.6829 0.7289
vn -0.2365 -0.5536 0.7985
vn -0.6405 0.4649 -0.6112
vn -0.1789 0.3973 -0.9001
vn 0.3337 0.2027 -0.9206
vn 0.4216 -0.5122 0.7483
vn 0.1546 -0.4583 0.8752
vn -0.1270 -0.3646 0.9225
vn -0.7140 0.1654 -0.6803
vn -0.2813 0.0828 -0.9560
vn 0.2107 -0.0835 -0.9740
vn 0.5005 -0.2446 0.8305
vn 0.2578 -0.1654 0.9519
vn -0.0153 -0.1057 0.9943
vn -0.7553 -0.1077 -0.6465
vn -0.3497 -0.2264 -0.9091
vn 0.1328 -0.3467 -0.9285
vn 0.5645 0.0539 0.8237
vn 0.3339 0.1410 0.9320
vn 0.0729 0.1862 0.9798
vn -0.7542 -0.3656 -0.5454
vn -0.3817 -0.5046 -0.7744
vn 0.0684 -0.5870 -0.8067
vn 0.5883 0.3388 0.7342
vn 0.3760 0.4263 0.8227
vn 0.1384 0.4599 0.8771
vn -0.7152 -0.6029 -0.3535
vn -0.3762 -0.7407 -0.5566
vn 0.0359 -0.8051 -0.5921
vn 0.5798 0.5888 0.5631
vn 0.3819 0.6793 0.6267
vn 0.1664 0.7000 0.6944
vn 0.3707 0.3743 0.8500
vn -0.5776 0.7428 -0.3386
vn 0.0591 0.9401 -0.3357
vn 0.5442 0.8319 0.1083
vn 0.2223 -0.7539 0.6182
vn -0.0964 -0.9016 0.4217
vn -0.4793 -0.8097 0.3387
vn -0.3638 0.6091 -0.7047
vn 0.1944 0.7461 -0.6368
vn 0.6597 0.6904 -0.2970
vn 0.0831 -0.6307 0.7716
vn -0.2121 -0.7080 0.6736
vn -0.5012 -0.6771 0.5388
vn -0.2311 0.3267 -0.9164
vn 0.3031 0.4354 -0.8477
vn 0.7478 0.4045 -0.5265
vn 0.0034 -0.4579 0.8890
vn -0.2854 -0.5017 0.8166
vn -0.5480 -0.5017 0.6693
vn -0.1518 0.0494 -0.9872
vn 0.3570 0.1386 -0.9238
vn 0.7772 0.1232 -0.6171
vn -0.0686 -0.2169 0.9738
vn -0.3445 -0.2288 0.9105
vn -0.5872 -0.2581 0.7672
vn -0.1163 -0.2027 -0.9723
vn 0.3762 -0.1544 -0.9136
vn 0.7759 -0.1319 -0.6169
vn -0.1120 0.0593 0.9919
vn -0.3735 0.0594 0.9257
vn -0.6062 0.0201 0.7950
vn -0.0908 -0.4410 -0.8929
vn 0.3640 -0.4244 -0.8291
vn 0.7359 -0.3754 -0.5636
vn -0.1352 0.3257 0.9358
vn -0.3716 0.3341 0.8662
vn -0.5875 0.2898 0.7556
vn -0.0948 -0.6757 -0.7311
vn 0.3202 -0.6693 -0.6704
vn 0.6601 -0.6157 -0.4304
vn -0.1261 0.5730 0.8098
vn -0.3381 0.5932 0.7306
vn -0.5416 0.5400 0.6443
vn -0.3670 0.3936 0.8428
vn -0.4535 0.8899 0.0491
vn 0.1256 0.9542 -0.2714
vn 0.7199 0.6709 -0.1778
vn 0.2939 -0.8893 0.3503
vn -0.1042 -0.9282 0.3571
vn -0.4376 -0.7528 0.4918
vn -0.5010 0.7753 -0.3845
vn 0.0259 0.7830 -0.6214
vn 0.5647 0.5765 -0.5906
vn 0.2980 -0.7553 0.5838
vn -0.0127 -0.7517 0.6594
vn -0.3101 -0.6418 0.7014
vn -0.5783 0.4981 -0.6461
vn -0.0798 0.4786 -0.8744
vn 0.4407 0.3079 -0.8432
vn 0.3464 -0.5667 0.7475
vn 0.0626 -0.5367 0.8415
vn -0.2273 -0.4596 0.8585
vn -0.6261 0.2039 -0.7526
vn -0.1573 0.1662 -0.9735
vn 0.3412 0.0233 -0.9397
vn 0.3999 -0.3037 0.8648
vn 0.1393 -0.2472 0.9589
vn -0.1397 -0.2030 0.9692
vn -0.6569 -0.0733 -0.7504
vn -0.2146 -0.1495 -0.9652
vn 0.2721 -0.2467 -0.9301
vn 0.4482 -0.0023 0.8939
vn 0.2010 0.0638 0.9775
vn -0.0661 0.0936 0.9934
vn -0.6554 -0.3399 -0.6745
vn -0.2491 -0.4411 -0.8622
vn 0.2054 -0.5006 -0.8410
vn 0.4681 0.2914 0.8343
vn 0.2416 0.3606 0.9009
vn -0.0025 0.3793 0.9253
vn -0.6293 -0.5935 -0.5017
vn -0.2594 -0.6978 -0.6677
vn 0.1569 -0.7403 -0.6537
vn 0.4684 0.5574 0.6855
vn 0.2592 0.6324 0.7300
vn 0.0360 0.6381 0.7691
vn 0.2342 0.2950 0.9263
vn -0.6367 0.7542 -0.1607
vn -0.0203 0.9495 -0.3131
vn 0.5730 0.8184 -0.0445
vn 0.3759 -0.7877 0.4882
vn 0.0108 -0.9187 0.3949
vn -0.3771 -0.8276 0.4158
vn -0.5316 0.6169 -0.5804
vn 0.0246 0.7447 -0.6669
vn 0.5645 0.6751 -0.4750
vn 0.2821 -0.6429 0.7121
vn -0.0297 -0.7114 0.7022
vn -0.3432 -0.6761 0.6520
vn -0.4673 0.3120 -0.8272
vn 0.0662 0.4042 -0.9123
vn 0.5806 0.3676 -0.7265
vn 0.2374 -0.4281 0.8720
vn -0.0603 -0.4639 0.8838
vn -0.3524 -0.4594 0.8153
vn -0.4159 -0.0027 -0.9094
vn 0.0922 0.0620 -0.9938
vn 0.5790 0.0501 -0.8138
vn 0.1947 -0.1384 0.9710
vn -0.0872 -0.1427 0.9859
vn -0.3600 -0.1678 0.9177
vn -0.3837 -0.2931 -0.8757
vn 0.1064 -0.2738 -0.9559
vn 0.5716 -0.2424 -0.7839
vn 0.1647 0.1831 0.9692
vn -0.1039 0.1913 0.9760
vn -0.3640 0.1551 0.9184
vn -0.3457 -0.5577 -0.7546
vn 0.1085 -0.5709 -0.8138
vn 0.5393 -0.5107 -0.6696
vn 0.1361 0.4820 0.8655
vn -0.1091 0.4974 0.8606
vn -0.3477 0.4563 0.8191
vn -0.3163 -0.7873 -0.5292
vn 0.0984 -0.8120 -0.5753
vn 0.4918 -0.7445 -0.4515
vn 0.1219 0.7345 0.6676
vn -0.1021 0.7576 0.6447
vn -0.3228 0.7109 0.6249
vn -0.1082 0.3627 0.9256
vn -0.5762 0.8157 -0.0513
vn 0.0107 0.9413 -0.3374
vn 0.6304 0.7536 -0.1865
vn 0.3885 -0.8122 0.4352
vn 0.0005 -0.9070 0.4211
vn -0.3633 -0.7734 0.5194
vn -0.5749 0.6655 -0.4761
vn -0.0384 0.7329 -0.6793
vn 0.5201 0.6091 -0.5988
vn 0.3569 -0.6618 0.6593
vn 0.0442 -0.6978 0.7150
vn -0.2678 -0.6296 0.7293
vn -0.5936 0.3590 -0.7202
vn -0.0822 0.3952 -0.9149
vn 0.4533 0.3050 -0.8376
vn 0.3669 -0.4525 0.8128
vn 0.0758 -0.4571 0.8862
vn -0.2224 -0.4221 0.8788
vn -0.5921 0.0486 -0.8044
vn -0.1080 0.0623 -0.9922
vn 0.4017 -0.0026 -0.9158
vn 0.3747 -0.1707 0.9113
vn 0.1028 -0.1457 0.9840
vn -0.1796 -0.1422 0.9734
vn -0.5837 -0.2349 -0.7773
vn -0.1208 -0.2633 -0.9571
vn 0.3707 -0.2841 -0.8843
vn 0.3780 0.1420 0.9148
vn 0.1187 0.1779 0.9769
vn -0.1503 0.1692 0.9741
vn -0.5497 -0.4964 -0.6719
vn -0.1209 -0.5529 -0.8244
vn 0.3344 -0.5419 -0.7710
vn 0.3603 0.4352 0.8251
vn 0.1221 0.4759 0.8710
vn -0.1231 0.4601 0.8793
vn -0.4997 -0.7294 -0.4672
vn -0.1081 -0.7928 -0.5999
vn 0.3075 -0.7710 -0.5577
vn 0.3333 0.6872 0.6455
vn 0.1129 0.7342 0.6695
vn -0.1110 0.7101 0.6953
vn 0.1224 0.3885 0.9133
vn -0.5413 0.8371 -0.0789
vn 0.0767 0.9729 -0.2180
vn 0.6367 0.7702 0.0369
vn 0.2787 -0.8671 0.4128
vn -0.0839 -0.9486 0.3051
vn -0.4489 -0.8258 0.3413
vn -0.4481 0.7317 -0.5136
vn 0.1032 0.8045 -0.5849
vn 0.6184 0.6712 -0.4088
vn 0.2006 -0.7398 0.6423
vn -0.1053 -0.7739 0.6245
vn -0.4031 -0.7055 0.5829
vn -0.4125 0.4533 -0.7902
vn 0.1128 0.4984 -0.8596
vn 0.6062 0.3954 -0.6900
vn 0.1768 -0.5495 0.8166
vn -0.1125 -0.5559 0.8236
vn -0.3925 -0.5171 0.7606
vn -0.3913 0.1547 -0.9072
vn 0.1064 0.1803 -0.9778
vn 0.5748 0.0999 -0.8121
vn 0.1621 -0.2823 0.9455
vn -0.1091 -0.2608 0.9592
vn -0.3732 -0.2519 0.8929
vn -0.3872 -0.1290 -0.9130
vn 0.0888 -0.1428 -0.9858
vn 0.5401 -0.1816 -0.8218
vn 0.1628 0.0254 0.9863
vn -0.0945 0.0576 0.9939
vn -0.3473 0.0543 0.9362
vn -0.3750 -0.4001 -0.8362
vn 0.0629 -0.4424 -0.8946
vn 0.4830 -0.4488 -0.7519
vn 0.1631 0.3248 0.9316
vn -0.0708 0.3625 0.9293
vn -0.3034 0.3513 0.8857
vn -0.3691 -0.6562 -0.6582
vn 0.0295 -0.7061 -0.7075
vn 0.4139 -0.7006 -0.5812
vn 0.1737 0.5959 0.7841
vn -0.0389 0.6415 0.7661
vn -0.2547 0.6202 0.7419
vn -0.0781 0.2807 0.9566
vn -0.3082 0.5048 -0.8063
vn -0.0529 0.9216 -0.3844
vn -0.1097 0.9600 0.2576
vn -0.0795 -0.6979 0.7118
vn -0.0362 -0.9163 0.3988
vn -0.2015 -0.9778 0.0575
vn 0.1036 0.5397 -0.8354
vn 0.2870 0.8602 -0.4215
vn 0.2829 0.9509 0.1256
vn -0.3059 -0.6714 0.6750
vn -0.3442 -0.8383 0.4228
vn -0.4072 -0.9037 0.1319
vn 0.3944 0.4233 -0.8157
vn 0.5849 0.7005 -0.4088
vn 0.5663 0.8174 0.1057
vn -0.5278 -0.5507 0.6466
vn -0.5859 -0.6998 0.4087
vn -0.6236 -0.7703 0.1333
vn 0.6463 0.1891 -0.7393
vn 0.8207 0.4538 -0.3472
vn 0.8111 0.5670 0.1439
vn -0.6952 -0.3990 0.5979
vn -0.7766 -0.5138 0.3647
vn -0.7863 -0.6080 0.1094
vn 0.7612 -0.0400 -0.6473
vn 0.9458 0.1948 -0.2598
vn 0.9212 0.3271 0.2107
vn -0.8382 -0.1720 0.5176
vn -0.9200 -0.2678 0.2862
vn -0.9263 -0.3741 0.0452
vn 0.7970 -0.2768 -0.5368
vn 0.9855 -0.0795 -0.1498
vn 0.9522 0.0791 0.2951
vn -0.9076 0.0821 0.4117
vn -0.9830 -0.0004 0.1835
vn -0.9926 -0.1129 -0.0440
vn 0.7607 -0.5050 -0.4077
vn 0.9385 -0.3441 -0.0279
vn 0.9084 -0.1665 0.3836
vn -0.8978 0.3344 0.2865
vn -0.9621 0.2644 0.0664
vn -0.9781 0.1503 -0.1439
vn 0.6575 -0.7062 -0.2625
vn 0.8113 -0.5769 0.0954
vn 0.7929 -0.3957 0.4633
vn -0.8126 0.5636 0.1484
vn -0.8614 0.5049 -0.0553
vn -0.8855 0.3964 -0.2423
vn 0.4587 -0.8820 -0.1078
vn 0.6004 -0.7696 0.2173
vn 0.5811 -0.6013 0.5484
vn -0.6493 0.7605 0.0132
vn -0.6763 0.7144 -0.1795
vn -0.7159 0.6077 -0.3438
vn -0.9856 0.0709 0.1535
vn 0.1744 0.9450 0.2767
vn 0.0842 0.9282 -0.3624
vn 0.2946 0.5107 -0.8077
vn 0.1496 -0.9885 0.0216
vn 0.0054 -0.9281 0.3723
vn 0.0757 -0.7215 0.6883
vn -0.2244 0.9605 0.1647
vn -0.2606 0.8859 -0.3837
vn -0.1159 0.5682 -0.8147
vn 0.3634 -0.9275 0.0873
vn 0.3187 -0.8672 0.3826
vn 0.3021 -0.7059 0.6407
vn -0.5156 0.8425 0.1559
vn -0.5662 0.7416 -0.3598
vn -0.4116 0.4665 -0.7829
vn 0.5872 -0.8054 0.0810
vn 0.5672 -0.7409 0.3596
vn 0.5292 -0.5959 0.6040
vn -0.7715 0.6039 0.2004
vn -0.8119 0.5054 -0.2924
vn -0.6718 0.2434 -0.6996
vn 0.7576 -0.6506 0.0526
vn 0.7657 -0.5633 0.3105
vn 0.7024 -0.4512 0.5504
vn -0.8909 0.3676 0.2667
vn -0.9463 0.2501 -0.2050
vn -0.7940 0.0174 -0.6076
vn 0.9066 -0.4218 -0.0129
vn 0.9181 -0.3222 0.2308
vn 0.8533 -0.2290 0.4685
vn -0.9305 0.1186 0.3465
vn -0.9947 -0.0255 -0.1000
vn -0.8366 -0.2209 -0.5013
vn 0.9820 -0.1612 -0.0989
vn 0.9898 -0.0548 0.1316
vn 0.9305 0.0248 0.3655
vn -0.8948 -0.1318 0.4265
vn -0.9551 -0.2961 0.0128
vn -0.8055 -0.4548 -0.3799
vn 0.9758 0.1058 -0.1914
vn 0.9765 0.2146 0.0222
vn 0.9272 0.2815 0.2471
vn -0.7869 -0.3692 0.4944
vn -0.8333 -0.5389 0.1235
vn -0.7050 -0.6655 -0.2453
vn 0.8905 0.3595 -0.2788
vn 0.8816 0.4637 -0.0881
vn 0.8464 0.5190 0.1193
vn -0.5811 -0.5876 0.5631
vn -0.6258 -0.7455 0.2293
vn -0.5070 -0.8554 -0.1057
vn 0.7261 0.5821 -0.3660
vn 0.7005 0.6859 -0.1971
vn 0.6858 0.7278 -0.0022
vn 0.9944 0.0135 0.1048
vn -0.5125 0.5778 -0.6352
vn -0.0657 0.9380 -0.3402
vn 0.1308 0.9527 0.2743
vn 0.1010 -0.7163 0.6904
vn -0.0082 -0.9224 0.3861
vn -0.2941 -0.9466 0.1317
vn -0.1404 0.5597 -0.8167
vn 0.2260 0.8339 -0.5036
vn 0.4400 0.8980 0.0039
vn -0.1209 -0.6575 0.7437
vn -0.2738 -0.8054 0.5257
vn -0.4488 -0.8486 0.2801
vn 0.1183 0.4039 -0.9071
vn 0.4832 0.6345 -0.6033
vn 0.6747 0.7282 -0.1205
vn -0.3209 -0.5052 0.8011
vn -0.4840 -0.6336 0.6035
vn -0.6308 -0.6858 0.3629
vn 0.3446 0.1348 -0.9290
vn 0.6882 0.3546 -0.6329
vn 0.8779 0.4457 -0.1749
vn -0.4733 -0.3271 0.8179
vn -0.6508 -0.4191 0.6331
vn -0.7683 -0.4990 0.4008
vn 0.4519 -0.1131 -0.8849
vn 0.7992 0.0754 -0.5963
vn 0.9701 0.1890 -0.1522
vn -0.6023 -0.0770 0.7946
vn -0.7769 -0.1503 0.6114
vn -0.8876 -0.2432 0.3912
vn 0.4919 -0.3585 -0.7934
vn 0.8369 -0.2078 -0.5063
vn 0.9944 -0.0656 -0.0829
vn -0.6683 0.1907 0.7190
vn -0.8339 0.1295 0.5365
vn -0.9435 0.0302 0.3299
vn 0.4734 -0.5859 -0.6578
vn 0.8005 -0.4695 -0.3726
vn 0.9515 -0.3072 0.0182
vn -0.6681 0.4459 0.5956
vn -0.8189 0.3951 0.4163
vn -0.9281 0.2944 0.2282
vn 0.4033 -0.7775 -0.4825
vn 0.6952 -0.6880 -0.2081
vn 0.8419 -0.5219 0.1375
vn -0.6063 0.6675 0.4323
vn -0.7353 0.6249 0.2624
vn -0.8423 0.5299 0.0987
vn 0.2539 -0.9303 -0.2648
vn 0.5195 -0.8544 -0.0152
vn 0.6508 -0.6989 0.2965
vn -0.4765 0.8448 0.2434
vn -0.5801 0.8110 0.0760
vn -0.6921 0.7191 -0.0615
vn -0.8368 0.1887 0.5140
vn -0.0715 0.9544 0.2898
vn 0.1409 0.9373 -0.3188
vn 0.5651 0.5514 -0.6137
vn 0.2188 -0.9688 0.1161
vn -0.0689 -0.9283 0.3655
vn -0.1720 -0.7214 0.6708
vn -0.3785 0.9255 0.0108
vn -0.1574 0.8558 -0.4927
vn 0.1952 0.5623 -0.8036
vn 0.3820 -0.8829 0.2730
vn 0.2055 -0.8317 0.5158
vn 0.0579 -0.6777 0.7330
vn -0.6242 0.7716 -0.1224
vn -0.4291 0.6730 -0.6025
vn -0.0743 0.4234 -0.9029
vn 0.5775 -0.7306 0.3643
vn 0.4299 -0.6722 0.6027
vn 0.2712 -0.5366 0.7990
vn -0.8456 0.5008 -0.1848
vn -0.6536 0.4033 -0.6404
vn -0.3184 0.1670 -0.9331
vn 0.7301 -0.5481 0.4081
vn 0.6133 -0.4640 0.6391
vn 0.4385 -0.3635 0.8219
vn -0.9551 0.2453 -0.1660
vn -0.7838 0.1256 -0.6082
vn -0.4429 -0.0790 -0.8931
vn 0.8667 -0.2944 0.4027
vn 0.7577 -0.1976 0.6220
vn 0.5847 -0.1159 0.8029
vn -0.9951 -0.0130 -0.0977
vn -0.8392 -0.1614 -0.5193
vn -0.4984 -0.3275 -0.8027
vn 0.9392 -0.0185 0.3427
vn 0.8320 0.0848 0.5483
vn 0.6672 0.1537 0.7288
vn -0.9652 -0.2616 0.0052
vn -0.8171 -0.4303 -0.3837
vn -0.4926 -0.5608 -0.6655
vn 0.9377 0.2517 0.2394
vn 0.8312 0.3567 0.4265
vn 0.6809 0.4144 0.6039
vn -0.8649 -0.4852 0.1286
vn -0.7217 -0.6580 -0.2150
vn -0.4314 -0.7596 -0.4867
vn 0.8621 0.4955 0.1058
vn 0.7577 0.5948 0.2685
vn 0.6289 0.6432 0.4368
vn -0.6801 -0.6721 0.2928
vn -0.5515 -0.8340 -0.0166
vn -0.2876 -0.9206 -0.2642
vn 0.7180 0.6935 -0.0598
vn 0.6087 0.7897 0.0766
vn 0.5049 0.8284 0.2426
vn 0.8356 0.1165 0.5368
vn -0.5889 0.5710 -0.5719
vn -0.1123 0.9370 -0.3308
vn 0.1268 0.9543 0.2707
vn 0.1609 -0.7089 0.6868
vn 0.0350 -0.9206 0.3890
vn -0.2805 -0.9452 0.1671
vn -0.2416 0.5652 -0.7888
vn 0.1501 0.8457 -0.5121
vn 0.4076 0.9128 -0.0245
vn -0.0334 -0.6641 0.7469
vn -0.2010 -0.8161 0.5419
vn -0.4003 -0.8606 0.3149
vn -0.0014 0.4317 -0.9020
vn 0.3853 0.6717 -0.6328
vn 0.6213 0.7652 -0.1688
vn -0.2098 -0.5376 0.8166
vn -0.3863 -0.6708 0.6331
vn -0.5568 -0.7235 0.4080
vn 0.2255 0.1902 -0.9555
vn 0.5858 0.4243 -0.6905
vn 0.8223 0.5098 -0.2527
vn -0.3483 -0.3947 0.8502
vn -0.5406 -0.4916 0.6827
vn -0.6786 -0.5716 0.4613
vn 0.3442 -0.0265 -0.9385
vn 0.7076 0.1808 -0.6831
vn 0.9241 0.2841 -0.2557
vn -0.4839 -0.1814 0.8561
vn -0.6743 -0.2602 0.6911
vn -0.8033 -0.3525 0.4800
vn 0.4126 -0.2447 -0.8774
vn 0.7762 -0.0721 -0.6264
vn 0.9749 0.0564 -0.2153
vn -0.5766 0.0532 0.8153
vn -0.7591 -0.0136 0.6509
vn -0.8848 -0.1118 0.4524
vn 0.4400 -0.4548 -0.7743
vn 0.7893 -0.3152 -0.5270
vn 0.9751 -0.1682 -0.1442
vn -0.6222 0.2856 0.7289
vn -0.7909 0.2298 0.5672
vn -0.9132 0.1297 0.3862
vn 0.4318 -0.6445 -0.6310
vn 0.7489 -0.5333 -0.3935
vn 0.9228 -0.3815 -0.0528
vn -0.6229 0.5004 0.6013
vn -0.7702 0.4545 0.4474
vn -0.8871 0.3589 0.2903
vn 0.3600 -0.8251 -0.4354
vn 0.6502 -0.7267 -0.2217
vn 0.8048 -0.5869 0.0883
vn -0.5682 0.6952 0.4403
vn -0.6922 0.6623 0.2867
vn -0.8095 0.5660 0.1562
vn -0.7887 0.1806 0.5877
vn -0.1633 0.9486 0.2709
vn 0.0634 0.9399 -0.3356
vn 0.5518 0.5949 -0.5845
vn 0.3269 -0.9306 0.1648
vn 0.0146 -0.9196 0.3925
vn -0.1142 -0.7124 0.6924
vn -0.4477 0.8940 -0.0183
vn -0.1973 0.8367 -0.5109
vn 0.2011 0.5730 -0.7945
vn 0.4445 -0.8408 0.3090
vn 0.2478 -0.8045 0.5398
vn 0.0777 -0.6593 0.7478
vn -0.6570 0.7372 -0.1579
vn -0.4262 0.6528 -0.6262
vn -0.0346 0.4293 -0.9025
vn 0.5955 -0.6976 0.3983
vn 0.4271 -0.6519 0.6266
vn 0.2487 -0.5260 0.8133
vn -0.8480 0.4738 -0.2375
vn -0.6163 0.3978 -0.6797
vn -0.2514 0.1787 -0.9512
vn 0.7106 -0.5419 0.4488
vn 0.5736 -0.4673 0.6727
vn 0.3804 -0.3785 0.8438
vn -0.9397 0.2450 -0.2386
vn -0.7270 0.1506 -0.6699
vn -0.3601 -0.0417 -0.9320
vn 0.8258 -0.3189 0.4651
vn 0.6970 -0.2318 0.6785
vn 0.5065 -0.1610 0.8471
vn -0.9801 0.0167 -0.1976
vn -0.7838 -0.1034 -0.6124
vn -0.4181 -0.2614 -0.8700
vn 0.8965 -0.0765 0.4365
vn 0.7705 0.0166 0.6372
vn 0.5884 0.0759 0.8050
vn -0.9701 -0.2067 -0.1273
vn -0.7854 -0.3457 -0.5135
vn -0.4352 -0.4713 -0.7671
vn 0.9141 0.1648 0.3706
vn 0.7911 0.2598 0.5538
vn 0.6232 0.3087 0.7186
vn -0.9082 -0.4168 -0.0379
vn -0.7345 -0.5609 -0.3820
vn -0.4174 -0.6596 -0.6251
vn 0.8776 0.3917 0.2763
vn 0.7599 0.4825 0.4356
vn 0.6135 0.5223 0.5922
vn -0.7805 -0.6171 0.0999
vn -0.6262 -0.7500 -0.2133
vn -0.3359 -0.8370 -0.4320
vn 0.7906 0.5950 0.1450
vn 0.6719 0.6866 0.2777
vn 0.5493 0.7143 0.4336
vn 0.7913 0.2184 0.5711
vn 0.6004 0.5968 -0.5323
vn 0.0525 0.8441 -0.5336
vn -0.4942 0.6096 -0.6197
vn -0.3655 -0.8745 0.3190
vn -0.0474 -0.8847 0.4638
vn 0.2898 -0.8821 0.3713
vn 0.5183 0.8290 -0.2100
vn 0.0295 0.9736 -0.2265
vn -0.4591 0.8404 -0.2880
vn -0.2927 -0.9497 0.1115
vn -0.0251 -0.9852 0.1697
vn 0.2491 -0.9560 0.1548
vn 0.4815 0.8726 0.0816
vn 0.0054 0.9969 0.0789
vn -0.4680 0.8837 0.0058
vn -0.2624 -0.9545 -0.1419
vn -0.0028 -0.9939 -0.1106
vn 0.2594 -0.9606 -0.1002
vn 0.4358 0.8035 0.4056
vn -0.0226 0.9090 0.4162
vn -0.4758 0.8142 0.3328
vn -0.2313 -0.9011 -0.3667
vn 0.0175 -0.9343 -0.3560
vn 0.2656 -0.9069 -0.3270
vn 0.3937 0.6506 0.6494
vn -0.0440 0.7499 0.6601
vn -0.4766 0.6607 0.5799
vn -0.1988 -0.7781 -0.5959
vn 0.0391 -0.7945 -0.6060
vn 0.2727 -0.7836 -0.5582
vn 0.3683 0.4479 0.8147
vn -0.0615 0.5273 0.8474
vn -0.4824 0.4578 0.7468
vn -0.1747 -0.5826 -0.7938
vn 0.0575 -0.5893 -0.8058
vn 0.2848 -0.5879 -0.7571
vn 0.3425 0.2056 0.9168
vn -0.0738 0.2609 0.9625
vn -0.4788 0.2152 0.8512
vn -0.1521 -0.3395 -0.9282
vn 0.0711 -0.3366 -0.9390
vn 0.2895 -0.3446 -0.8930
vn 0.3150 -0.0575 0.9474
vn -0.0799 -0.0264 0.9965
vn -0.4626 -0.0484 0.8853
vn -0.1310 -0.0689 -0.9890
vn 0.0788 -0.0577 -0.9952
vn 0.2846 -0.0738 -0.9558
vn 0.2809 -0.3237 0.9035
vn -0.0793 -0.3119 0.9468
vn -0.4281 -0.3155 0.8469
vn -0.1091 0.2088 -0.9719
vn 0.0802 0.2258 -0.9709
vn 0.2668 0.2044 -0.9418
vn 0.2535 -0.6018 0.7573
vn -0.0711 -0.5915 0.8031
vn -0.3844 -0.5944 0.7064
vn -0.0973 0.4844 -0.8694
vn 0.0743 0.5125 -0.8555
vn 0.2453 0.4803 -0.8421
vn 0.0636 -0.4911 -0.8688
vn 0.4991 0.5133 -0.6981
vn -0.0546 0.8260 -0.5611
vn -0.6553 0.5960 -0.4640
vn -0.3440 -0.8351 0.4292
vn 0.0364 -0.8724 0.4874
vn 0.3657 -0.8859 0.2853
vn 0.5195 0.7573 -0.3957
vn 0.0119 0.9598 -0.2804
vn -0.5233 0.8320 -0.1843
vn -0.3261 -0.9150 0.2377
vn -0.0252 -0.9752 0.2200
vn 0.2642 -0.9572 0.1180
vn 0.5630 0.8161 -0.1305
vn 0.0712 0.9975 -0.0008
vn -0.4521 0.8888 0.0753
vn -0.3623 -0.9320 0.0102
vn -0.0781 -0.9964 -0.0335
vn 0.2067 -0.9727 -0.1051
vn 0.6030 0.7773 0.1795
vn 0.1325 0.9372 0.3226
vn -0.3737 0.8472 0.3776
vn -0.3873 -0.9015 -0.1928
vn -0.1205 -0.9593 -0.2555
vn 0.1550 -0.9404 -0.3028
vn 0.6214 0.6608 0.4208
vn 0.1715 0.8108 0.5596
vn -0.3129 0.7277 0.6103
vn -0.4113 -0.8127 -0.4127
vn -0.1617 -0.8531 -0.4961
vn 0.1037 -0.8496 -0.5171
vn 0.6340 0.4964 0.5930
vn 0.1979 0.6253 0.7549
vn -0.2801 0.5618 0.7784
vn -0.4346 -0.6572 -0.6158
vn -0.1914 -0.6867 -0.7013
vn 0.0675 -0.6932 -0.7176
vn 0.6293 0.2930 0.7198
vn 0.2097 0.3951 0.8944
vn -0.2545 0.3563 0.8991
vn -0.4419 -0.4551 -0.7731
vn -0.2075 -0.4730 -0.8563
vn 0.0409 -0.4897 -0.8710
vn 0.6043 0.0640 0.7942
vn 0.2063 0.1377 0.9687
vn -0.2343 0.1241 0.9642
vn -0.4310 -0.2211 -0.8748
vn -0.2092 -0.2278 -0.9510
vn 0.0236 -0.2536 -0.9670
vn 0.5535 -0.1782 0.8135
vn 0.1881 -0.1297 0.9735
vn -0.2136 -0.1233 0.9691
vn -0.3990 0.0299 -0.9165
vn -0.1964 0.0328 -0.9800
vn 0.0126 0.0005 -0.9999
vn 0.4811 -0.4562 0.7486
vn 0.1526 -0.4123 0.8982
vn -0.2109 -0.4066 0.8889
vn -0.3548 0.2972 -0.8864
vn -0.1667 0.3164 -0.9338
vn 0.0205 0.2704 -0.9625
vn -0.2058 -0.5108 -0.8347
vn 0.3251 0.5531 -0.7670
vn -0.0616 0.9000 -0.4316
vn -0.6160 0.7634 -0.1942
vn -0.3327 -0.8411 0.4265
vn 0.0133 -0.9314 0.3638
vn 0.2366 -0.9683 0.0799
vn 0.4882 0.7430 -0.4578
vn 0.1115 0.9781 -0.1759
vn -0.3577 0.9321 0.0571
vn -0.3928 -0.8898 0.2322
vn -0.1452 -0.9819 0.1219
vn 0.0793 -0.9953 -0.0552
vn 0.6236 0.7526 -0.2115
vn 0.2591 0.9632 0.0721
vn -0.1990 0.9364 0.2892
vn -0.5002 -0.8655 0.0267
vn -0.2757 -0.9558 -0.1020
vn -0.0453 -0.9671 -0.2502
vn 0.7501 0.6578 0.0686
vn 0.4028 0.8452 0.3514
vn -0.0403 0.8344 0.5497
vn -0.5804 -0.7995 -0.1545
vn -0.3755 -0.8789 -0.2943
vn -0.1471 -0.8964 -0.4182
vn 0.8192 0.4997 0.2816
vn 0.4865 0.6787 0.5501
vn 0.0643 0.6684 0.7411
vn -0.6532 -0.6736 -0.3459
vn -0.4663 -0.7313 -0.4977
vn -0.2419 -0.7655 -0.5962
vn 0.8516 0.3062 0.4256
vn 0.5341 0.4625 0.7077
vn 0.1136 0.4711 0.8747
vn -0.7066 -0.4849 -0.5153
vn -0.5238 -0.5318 -0.6654
vn -0.3059 -0.5744 -0.7593
vn 0.8457 0.0837 0.5270
vn 0.5423 0.2131 0.8127
vn 0.1329 0.2430 0.9609
vn -0.7220 -0.2597 -0.6413
vn -0.5440 -0.2955 -0.7853
vn -0.3367 -0.3457 -0.8758
vn 0.7993 -0.1524 0.5813
vn 0.5110 -0.0507 0.8581
vn 0.1241 -0.0016 0.9923
vn -0.6971 -0.0145 -0.7168
vn -0.5260 -0.0398 -0.8496
vn -0.3345 -0.0955 -0.9376
vn 0.7091 -0.3883 0.5885
vn 0.4424 -0.3112 0.8411
vn 0.0928 -0.2506 0.9636
vn -0.6308 0.2347 -0.7396
vn -0.4713 0.2186 -0.8545
vn -0.3027 0.1613 -0.9393
vn 0.5658 -0.6415 0.5180
vn 0.3299 -0.5710 0.7517
vn 0.0112 -0.5175 0.8556
vn -0.5277 0.4862 -0.6965
vn -0.3730 0.4850 -0.7909
vn -0.2286 0.4194 -0.8785
vn -0.5432 -0.3411 -0.7672
vn 0.6756 0.6883 -0.2644
vn 0.0993 0.8977 -0.4292
vn -0.3760 0.5889 -0.7154
vn -0.3338 -0.9382 0.0920
vn -0.0628 -0.9339 0.3521
vn 0.3083 -0.8775 0.3674
vn 0.4766 0.8790 0.0152
vn -0.0257 0.9872 -0.1575
vn -0.4727 0.7893 -0.3919
vn -0.2030 -0.9777 -0.0531
vn 0.0522 -0.9939 0.0972
vn 0.3305 -0.9273 0.1757
vn 0.3551 0.8983 0.2589
vn -0.1364 0.9855 0.1010
vn -0.5687 0.8110 -0.1373
vn -0.1069 -0.9613 -0.2540
vn 0.1501 -0.9795 -0.1342
vn 0.4073 -0.9127 -0.0334
vn 0.2241 0.8159 0.5329
vn -0.2520 0.8845 0.3926
vn -0.6641 0.7320 0.1519
vn -0.0245 -0.9049 -0.4249
vn 0.2279 -0.9162 -0.3296
vn 0.4655 -0.8586 -0.2147
vn 0.1290 0.6686 0.7323
vn -0.3251 0.7339 0.5964
vn -0.7198 0.5884 0.3682
vn 0.0582 -0.7918 -0.6081
vn 0.3052 -0.7854 -0.5386
vn 0.5233 -0.7478 -0.4085
vn 0.0760 0.4874 0.8699
vn -0.3756 0.5329 0.7583
vn -0.7542 0.4090 0.5138
vn 0.1211 -0.6183 -0.7766
vn 0.3620 -0.6025 -0.7113
vn 0.5745 -0.5754 -0.5821
vn 0.0405 0.2740 0.9609
vn -0.4000 0.2963 0.8673
vn -0.7618 0.1982 0.6168
vn 0.1640 -0.4057 -0.8992
vn 0.3947 -0.3807 -0.8362
vn 0.5999 -0.3645 -0.7122
vn 0.0213 0.0411 0.9989
vn -0.3971 0.0409 0.9169
vn -0.7393 -0.0307 0.6727
vn 0.1863 -0.1683 -0.9680
vn 0.4013 -0.1356 -0.9058
vn 0.5967 -0.1295 -0.7920
vn 0.0133 -0.2006 0.9796
vn -0.3673 -0.2174 0.9043
vn -0.6817 -0.2662 0.6815
vn 0.1905 0.0805 -0.9784
vn 0.3820 0.1179 -0.9166
vn 0.5619 0.1156 -0.8191
vn 0.0402 -0.4721 0.8806
vn -0.3055 -0.4853 0.8192
vn -0.5857 -0.5312 0.6122
vn 0.1632 0.3396 -0.9263
vn 0.3318 0.3894 -0.8593
vn 0.5019 0.3716 -0.7810
vn 0.3949 -0.3774 -0.8376
vn 0.1518 0.3689 -0.9170
vn -0.0869 0.8402 -0.5353
vn -0.5711 0.8148 -0.0998
vn -0.3012 -0.7053 0.6417
vn 0.0131 -0.8728 0.4879
vn 0.1439 -0.9798 0.1386
vn 0.4115 0.5661 -0.7142
vn 0.1546 0.9183 -0.3643
vn -0.2428 0.9697 0.0255
vn -0.4079 -0.7680 0.4938
vn -0.2059 -0.9241 0.3221
vn -0.0374 -0.9965 0.0750
vn 0.6069 0.5890 -0.5336
vn 0.3613 0.9150 -0.1797
vn -0.0302 0.9820 0.1866
vn -0.5600 -0.7567 0.3375
vn -0.3868 -0.9092 0.1539
vn -0.2028 -0.9770 -0.0663
vn 0.7980 0.5226 -0.3001
vn 0.5681 0.8211 0.0545
vn 0.1849 0.9008 0.3930
vn -0.6764 -0.7116 0.1902
vn -0.5252 -0.8510 -0.0003
vn -0.3359 -0.9216 -0.1946
vn 0.9112 0.3993 -0.1012
vn 0.6903 0.6834 0.2377
vn 0.3249 0.7609 0.5616
vn -0.7879 -0.6155 0.0190
vn -0.6570 -0.7316 -0.1820
vn -0.4646 -0.8149 -0.3465
vn 0.9693 0.2405 0.0516
vn 0.7656 0.5004 0.4043
vn 0.3956 0.5944 0.7002
vn -0.8743 -0.4613 -0.1511
vn -0.7462 -0.5653 -0.3516
vn -0.5591 -0.6557 -0.5074
vn 0.9811 0.0552 0.1855
vn 0.7898 0.2851 0.5431
vn 0.4264 0.3974 0.8126
vn -0.9132 -0.2733 -0.3023
vn -0.7872 -0.3638 -0.4979
vn -0.6101 -0.4603 -0.6449
vn 0.9444 -0.1445 0.2954
vn 0.7620 0.0526 0.6454
vn 0.4181 0.1802 0.8904
vn -0.9019 -0.0646 -0.4270
vn -0.7784 -0.1410 -0.6117
vn -0.6165 -0.2407 -0.7496
vn 0.8569 -0.3469 0.3812
vn 0.6846 -0.1831 0.7055
vn 0.3755 -0.0499 0.9255
vn -0.8396 0.1515 -0.5216
vn -0.7210 0.0901 -0.6870
vn -0.5812 -0.0078 -0.8137
vn 0.6994 -0.5766 0.4224
vn 0.5486 -0.4275 0.7185
vn 0.2649 -0.3086 0.9135
vn -0.7274 0.3782 -0.5727
vn -0.6063 0.3371 -0.7203
vn -0.4917 0.2328 -0.8391
vn -0.7889 -0.3370 -0.5139
vn 0.6416 0.7641 -0.0667
vn 0.1571 0.8738 -0.4601
vn -0.1467 0.4879 -0.8605
vn -0.2498 -0.9654 0.0748
vn -0.0946 -0.9073 0.4097
vn 0.2302 -0.7972 0.5581
vn 0.3320 0.9384 0.0962
vn -0.0743 0.9624 -0.2612
vn -0.3773 0.6898 -0.6180
vn -0.0618 -0.9980 -0.0141
vn 0.1193 -0.9685 0.2187
vn 0.3367 -0.8583 0.3872
vn 0.1215 0.9523 0.2799
vn -0.2801 0.9584 -0.0554
vn -0.5685 0.7105 -0.4148
vn 0.1091 -0.9785 -0.1751
vn 0.3030 -0.9525 0.0306
vn 0.4930 -0.8439 0.2115
vn -0.0944 0.8623 0.4975
vn -0.4878 0.8525 0.1878
vn -0.7578 0.6299 -0.1705
vn 0.2507 -0.9140 -0.3191
vn 0.4486 -0.8830 -0.1381
vn 0.6166 -0.7858 0.0493
vn -0.2410 0.7053 0.6667
vn -0.6171 0.6938 0.3714
vn -0.8751 0.4830 0.0282
vn 0.3862 -0.7893 -0.4774
vn 0.5860 -0.7429 -0.3234
vn 0.7336 -0.6675 -0.1276
vn -0.3192 0.5142 0.7961
vn -0.6995 0.4832 0.5265
vn -0.9394 0.2968 0.1716
vn 0.4861 -0.6038 -0.6318
vn 0.6807 -0.5491 -0.4849
vn 0.8246 -0.4852 -0.2909
vn -0.3559 0.2903 0.8883
vn -0.7293 0.2375 0.6417
vn -0.9552 0.0803 0.2848
vn 0.5411 -0.3788 -0.7508
vn 0.7259 -0.3165 -0.6107
vn 0.8665 -0.2647 -0.4231
vn -0.3513 0.0479 0.9350
vn -0.7050 -0.0246 0.7088
vn -0.9195 -0.1513 0.3629
vn 0.5493 -0.1302 -0.8254
vn 0.7190 -0.0626 -0.6922
vn 0.8558 -0.0228 -0.5168
vn -0.3102 -0.2014 0.9291
vn -0.6287 -0.2848 0.7236
vn -0.8294 -0.3834 0.4063
vn 0.5136 0.1269 -0.8486
vn 0.6611 0.1953 -0.7245
vn 0.7910 0.2241 -0.5693
vn -0.2021 -0.4680 0.8603
vn -0.4935 -0.5433 0.6792
vn -0.6703 -0.6320 0.3889
vn 0.4223 0.3837 -0.8212
vn 0.5450 0.4596 -0.7012
vn 0.6752 0.4723 -0.5666
vn 0.7200 -0.3731 -0.5852
vn -0.1409 0.3505 -0.9259
vn -0.1711 0.8550 -0.4896
vn -0.4386 0.8905 0.1210
vn -0.1124 -0.6585 0.7442
vn 0.0886 -0.8748 0.4764
vn 0.0719 -0.9928 0.0960
vn 0.1945 0.5037 -0.8417
vn 0.1344 0.8957 -0.4238
vn -0.0745 0.9917 0.1044
vn -0.2903 -0.7065 0.6454
vn -0.1931 -0.8933 0.4059
vn -0.1368 -0.9850 0.1056
vn 0.4501 0.4911 -0.7458
vn 0.4052 0.8544 -0.3255
vn 0.1881 0.9663 0.1755
vn -0.5015 -0.6665 0.5516
vn -0.4348 -0.8447 0.3121
vn -0.3536 -0.9349 0.0312
vn 0.7035 0.3862 -0.5967
vn 0.6743 0.7167 -0.1779
vn 0.4512 0.8438 0.2906
vn -0.6702 -0.5913 0.4485
vn -0.6243 -0.7523 0.2105
vn -0.5291 -0.8472 -0.0476
vn 0.8640 0.2327 -0.4466
vn 0.8385 0.5433 -0.0418
vn 0.6224 0.6709 0.4031
vn -0.8279 -0.4609 0.3198
vn -0.8000 -0.5948 0.0793
vn -0.6938 -0.7040 -0.1516
vn 0.9472 0.0502 -0.3166
vn 0.9391 0.3297 0.0969
vn 0.7108 0.4792 0.5150
vn -0.9443 -0.2740 0.1823
vn -0.9171 -0.3945 -0.0573
vn -0.8136 -0.5110 -0.2772
vn 0.9705 -0.1512 -0.1879
vn 0.9693 0.0927 0.2278
vn 0.7417 0.2638 0.6167
vn -0.9971 -0.0607 0.0454
vn -0.9677 -0.1667 -0.1891
vn -0.8715 -0.2887 -0.3965
vn 0.9318 -0.3569 -0.0656
vn 0.9281 -0.1496 0.3410
vn 0.7146 0.0373 0.6985
vn -0.9832 0.1627 -0.0831
vn -0.9491 0.0713 -0.3067
vn -0.8648 -0.0521 -0.4994
vn 0.8320 -0.5525 0.0501
vn 0.8191 -0.3805 0.4292
vn 0.6330 -0.1914 0.7501
vn -0.9034 0.3800 -0.1988
vn -0.8637 0.3036 -0.4022
vn -0.7961 0.1854 -0.5760
vn 0.6454 -0.7502 0.1440
vn 0.6358 -0.5973 0.4889
vn 0.4653 -0.4236 0.7772
vn -0.7564 0.5879 -0.2866
vn -0.7042 0.5293 -0.4732
vn -0.6586 0.4105 -0.6307
vn -0.9624 -0.2194 -0.1605
vn 0.4391 0.8871 0.1423
vn 0.1345 0.8817 -0.4523
vn 0.0877 0.3997 -0.9124
vn -0.0526 -0.9976 0.0457
vn -0.0507 -0.9000 0.4328
vn 0.1651 -0.6956 0.6992
vn 0.0750 0.9856 0.1514
vn -0.1633 0.9152 -0.3685
vn -0.2428 0.5447 -0.8027
vn 0.1505 -0.9876 0.0456
vn 0.2222 -0.9112 0.3471
vn 0.3319 -0.7359 0.5901
vn -0.1803 0.9554 0.2340
vn -0.4240 0.8676 -0.2597
vn -0.4899 0.5260 -0.6953
vn 0.3579 -0.9331 -0.0356
vn 0.4535 -0.8570 0.2450
vn 0.5327 -0.6905 0.4893
vn -0.4350 0.8274 0.3552
vn -0.6821 0.7233 -0.1070
vn -0.7331 0.4139 -0.5397
vn 0.5244 -0.8435 -0.1163
vn 0.6328 -0.7614 0.1410
vn 0.6911 -0.6122 0.3841
vn -0.5987 0.6516 0.4658
vn -0.8369 0.5467 0.0261
vn -0.8841 0.2557 -0.3911
vn 0.6810 -0.6989 -0.2188
vn 0.7991 -0.6011 0.0115
vn 0.8394 -0.4792 0.2567
vn -0.6813 0.4586 0.5705
vn -0.9304 0.3312 0.1569
vn -0.9607 0.0710 -0.2682
vn 0.7943 -0.5046 -0.3384
vn 0.9092 -0.3991 -0.1185
vn 0.9487 -0.2904 0.1251
vn -0.7095 0.2429 0.6615
vn -0.9567 0.0931 0.2757
vn -0.9798 -0.1321 -0.1499
vn 0.8486 -0.2819 -0.4477
vn 0.9558 -0.1705 -0.2396
vn 0.9971 -0.0759 -0.0019
vn -0.6830 0.0167 0.7302
vn -0.9151 -0.1501 0.3742
vn -0.9398 -0.3395 -0.0404
vn 0.8420 -0.0454 -0.5376
vn 0.9367 0.0682 -0.3436
vn 0.9819 0.1487 -0.1177
vn -0.6057 -0.2115 0.7671
vn -0.8092 -0.3822 0.4462
vn -0.8409 -0.5378 0.0611
vn 0.7770 0.1920 -0.5995
vn 0.8541 0.3015 -0.4239
vn 0.9037 0.3678 -0.2191
vn -0.4450 -0.4453 0.7769
vn -0.6318 -0.6018 0.4886
vn -0.6578 -0.7404 0.1384
vn 0.6460 0.4185 -0.6384
vn 0.7004 0.5298 -0.4782
vn 0.7616 0.5789 -0.2914
vn 0.9538 -0.1972 -0.2266
vn 0.1670 0.2489 -0.9540
vn -0.2260 0.7086 -0.6684
vn -0.7789 0.5282 -0.3381
vn -0.2691 -0.7323 0.6256
vn 0.1422 -0.8010 0.5815
vn 0.3401 -0.9121 0.2289
vn 0.4086 0.6054 -0.6830
vn 0.0010 0.9113 -0.4117
vn -0.4842 0.8690 -0.1016
vn -0.3266 -0.8238 0.4634
vn -0.0516 -0.9370 0.3456
vn 0.1832 -0.9743 0.1314
vn 0.6367 0.6967 -0.3305
vn 0.2404 0.9682 -0.0697
vn -0.2186 0.9492 0.2264
vn -0.4088 -0.8550 0.3190
vn -0.1763 -0.9697 0.1689
vn 0.0732 -0.9973 0.0052
vn 0.7673 0.6395 -0.0483
vn 0.3919 0.8993 0.1942
vn -0.0400 0.8778 0.4774
vn -0.5226 -0.8459 0.1061
vn -0.3238 -0.9436 -0.0695
vn -0.0700 -0.9796 -0.1886
vn 0.8423 0.5138 0.1628
vn 0.4998 0.7543 0.4256
vn 0.0686 0.7422 0.6666
vn -0.6337 -0.7632 -0.1266
vn -0.4454 -0.8429 -0.3019
vn -0.2022 -0.8905 -0.4075
vn 0.8706 0.3441 0.3517
vn 0.5632 0.5523 0.6146
vn 0.1559 0.5551 0.8171
vn -0.7030 -0.6257 -0.3381
vn -0.5292 -0.6833 -0.5030
vn -0.3085 -0.7422 -0.5950
vn 0.8471 0.0723 0.5265
vn 0.5802 0.2714 0.7680
vn 0.2080 0.2609 0.9427
vn -0.7405 -0.4206 -0.5242
vn -0.5775 -0.4413 -0.6868
vn -0.3766 -0.5281 -0.7612
vn -0.5552 -0.5920 -0.5842
vn 0.7768 0.5386 -0.3265
vn 0.2151 0.7474 -0.6286
vn -0.1629 0.2906 -0.9429
vn -0.3148 -0.9357 0.1593
vn -0.1235 -0.8411 0.5266
vn 0.2949 -0.7748 0.5592
vn 0.4830 0.8733 -0.0635
vn -0.0083 0.9321 -0.3622
vn -0.4128 0.6370 -0.6511
vn -0.1707 -0.9828 0.0705
vn 0.0636 -0.9557 0.2875
vn 0.3410 -0.8478 0.4061
vn 0.2153 0.9366 0.2765
vn -0.2455 0.9693 -0.0156
vn -0.6432 0.7101 -0.2866
vn -0.0749 -0.9965 -0.0384
vn 0.1755 -0.9765 0.1252
vn 0.4092 -0.8687 0.2791
vn 0.0396 0.8522 0.5217
vn -0.3907 0.8892 0.2379
vn -0.7694 0.6387 -0.0089
vn 0.0598 -0.9739 -0.2188
vn 0.3157 -0.9434 -0.1019
vn 0.5141 -0.8540 0.0792
vn -0.0648 0.7132 0.6980
vn -0.4941 0.7407 0.4553
vn -0.8398 0.5087 0.1896
vn 0.1879 -0.8853 -0.4255
vn 0.4329 -0.8422 -0.3212
vn 0.6210 -0.7710 -0.1414
vn -0.1506 0.5291 0.8351
vn -0.5562 0.5420 0.6300
vn -0.8664 0.3402 0.3656
vn 0.2933 -0.7438 -0.6006
vn 0.5159 -0.6888 -0.5093
vn 0.6892 -0.6393 -0.3409
vn -0.2069 0.2366 0.9493
vn -0.5768 0.2653 0.7726
vn -0.8446 0.0683 0.5310
vn 0.3657 -0.5396 -0.7583
vn 0.5693 -0.4541 -0.6853
vn 0.7312 -0.4432 -0.5186
vn 0.5554 -0.5465 -0.6268
vn -0.5730 0.3458 -0.7430
vn -0.3925 0.8602 -0.3256
vn -0.5142 0.7848 0.3459
vn 0.0464 -0.7130 0.6996
vn 0.2287 -0.9071 0.3533
vn 0.0079 -0.9999 -0.0120
vn -0.1264 0.5531 -0.8234
vn -0.0299 0.9276 -0.3723
vn -0.0701 0.9733 0.2187
vn -0.0919 -0.7487 0.6565
vn -0.0679 -0.9241 0.3762
vn -0.1244 -0.9906 0.0564
vn 0.2896 0.5159 -0.8062
vn 0.3656 0.8563 -0.3649
vn 0.3436 0.9190 0.1935
vn -0.2112 -0.7387 0.6401
vn -0.2392 -0.8960 0.3741
vn -0.2419 -0.9676 0.0723
vn 0.5443 0.3969 -0.7390
vn 0.6064 0.7256 -0.3253
vn 0.5953 0.7771 0.2042
vn -0.4017 -0.6845 0.6083
vn -0.4659 -0.8116 0.3524
vn -0.4305 -0.8994 0.0752
vn 0.6981 0.2567 -0.6684
vn 0.7866 0.5568 -0.2670
vn 0.7470 0.6214 0.2363
vn -0.5987 -0.5731 0.5596
vn -0.6633 -0.6810 0.3104
vn -0.6261 -0.7780 0.0512
vn 0.8131 0.1024 -0.5731
vn 0.9103 0.3645 -0.1961
vn 0.8583 0.4400 0.2642
vn -0.7554 -0.4372 0.4881
vn -0.8142 -0.5219 0.2544
vn -0.7805 -0.6247 0.0230
vn 0.8917 -0.1274 -0.4344
vn 0.9871 0.1227 -0.1028
vn 0.9322 0.1754 0.3165
vn -0.8769 -0.2621 0.4029
vn -0.9351 -0.3082 0.1748
vn -0.9001 -0.4349 -0.0259
vn -0.9558 -0.2511 0.1529
vn 0.5188 0.7676 0.3764
vn 0.4406 0.8464 -0.2990
vn 0.5972 0.3366 -0.7280
vn -0.0796 -0.9963 -0.0315
vn -0.2943 -0.8972 0.3292
vn -0.1305 -0.7167 0.6851
vn 0.0938 0.9676 0.2345
vn 0.0777 0.9306 -0.3577
vn 0.1681 0.5592 -0.8118
vn 0.0718 -0.9964 0.0455
vn 0.0109 -0.9313 0.3642
vn 0.0290 -0.7614 0.6476
vn -0.3140 0.9291 0.1957
vn -0.3211 0.8743 -0.3640
vn -0.2427 0.5376 -0.8075
vn 0.2144 -0.9745 0.0660
vn 0.2051 -0.9067 0.3684
vn 0.1739 -0.7523 0.6355
vn -0.5749 0.7939 0.1979
vn -0.5772 0.7460 -0.3321
vn -0.5075 0.4240 -0.7501
vn 0.4206 -0.9043 0.0732
vn 0.4480 -0.8216 0.3525
vn 0.3826 -0.6955 0.6082
vn -0.7395 0.6340 0.2264
vn -0.7721 0.5716 -0.2779
vn -0.6748 0.2790 -0.6832
vn 0.6290 -0.7757 0.0522
vn 0.6592 -0.6835 0.3136
vn 0.5927 -0.5766 0.5623
vn -0.8600 0.4430 0.2532
vn -0.9065 0.3675 -0.2078
vn -0.8002 0.1144 -0.5887
vn 0.7925 -0.6093 0.0240
vn 0.8201 -0.5109 0.2577
vn 0.7594 -0.4272 0.4907
vn -0.9369 0.1711 0.3050
vn -0.9869 0.1137 -0.1145
vn -0.8831 -0.1245 -0.4524
vn 0.9145 -0.4037 -0.0264
vn 0.9427 -0.2828 0.1773
vn 0.8839 -0.2359 0.4038
vn 0.9349 -0.3030 0.1847
vn -0.8028 0.5456 -0.2405
vn -0.2948 0.9551 -0.0284
vn 0.0094 0.8204 0.5716
vn 0.3017 -0.7948 0.5265
vn 0.1801 -0.9723 0.1489
vn -0.2273 -0.9738 -0.0025
vn -0.4668 0.6692 -0.5781
vn -0.0341 0.9565 -0.2896
vn 0.3074 0.9312 0.1960
vn 0.1594 -0.7977 0.5816
vn -0.0344 -0.9357 0.3511
vn -0.2862 -0.9485 0.1360
vn -0.1549 0.5545 -0.8177
vn 0.2497 0.8136 -0.5250
vn 0.5875 0.8057 -0.0752
vn 0.0586 -0.7619 0.6450
vn -0.1608 -0.8749 0.4568
vn -0.3630 -0.9046 0.2233
vn 0.0487 0.3869 -0.9208
vn 0.4245 0.6396 -0.6409
vn 0.7498 0.6241 -0.2197
vn -0.0923 -0.6691 0.7374
vn -0.3252 -0.7482 0.5784
vn -0.4883 -0.8031 0.3414
vn 0.1753 0.2176 -0.9602
vn 0.5566 0.4392 -0.7052
vn 0.8480 0.4453 -0.2874
vn -0.2439 -0.5195 0.8189
vn -0.4686 -0.5812 0.6653
vn -0.6215 -0.6473 0.4413
vn 0.2854 0.0402 -0.9576
vn 0.6494 0.2263 -0.7260
vn 0.9083 0.2510 -0.3346
vn -0.3737 -0.3521 0.8581
vn -0.5794 -0.3948 0.7130
vn -0.7192 -0.4690 0.5126
vn 0.3790 -0.2057 -0.9022
vn 0.7112 -0.0255 -0.7025
vn 0.9397 -0.0159 -0.3415
vn -0.4768 -0.1540 0.8654
vn -0.6698 -0.1619 0.7246
vn -0.7951 -0.2617 0.5471
vn -0.6910 -0.0807 0.7183
vn 0.0321 0.8616 0.5065
vn 0.2956 0.9472 -0.1246
vn 0.8078 0.5153 -0.2863
vn 0.2549 -0.9609 0.1085
vn -0.1621 -0.9526 0.2576
vn -0.2558 -0.7328 0.6305
vn -0.2892 0.9489 0.1266
vn 0.0317 0.9269 -0.3739
vn 0.4615 0.6137 -0.6406
vn 0.2979 -0.9283 0.2224
vn 0.0484 -0.8971 0.4393
vn -0.1345 -0.7352 0.6643
vn -0.5867 0.7990 -0.1320
vn -0.2602 0.7652 -0.5889
vn 0.1339 0.4772 -0.8685
vn 0.3523 -0.8916 0.2846
vn 0.1560 -0.8401 0.5196
vn -0.0573 -0.7087 0.7032
vn -0.7501 0.6101 -0.2554
vn -0.4304 0.5933 -0.6803
vn -0.0714 0.3070 -0.9490
vn 0.4660 -0.7978 0.3826
vn 0.3123 -0.7197 0.6200
vn 0.0817 -0.6262 0.7754
vn -0.8447 0.4403 -0.3043
vn -0.5585 0.4054 -0.7236
vn -0.1938 0.1497 -0.9696
vn 0.5949 -0.6550 0.4659
vn 0.4510 -0.5673 0.6891
vn 0.2284 -0.4914 0.8405
vn -0.9045 0.2607 -0.3374
vn -0.6504 0.2125 -0.7292
vn -0.3019 -0.0083 -0.9533
vn 0.6912 -0.4964 0.5252
vn 0.5601 -0.4027 0.7240
vn 0.3560 -0.3467 0.8678
vn -0.9433 0.0042 -0.3319
vn -0.7190 -0.0203 -0.6947
vn -0.4033 -0.2370 -0.8839
vn 0.7727 -0.3116 0.5530
vn 0.6585 -0.1913 0.7279
vn 0.4638 -0.1737 0.8688
vn 0.7137 -0.0048 0.7004
vn 0.5287 0.2638 -0.8068
vn 0.0014 0.6360 -0.7717
vn -0.5637 0.3223 -0.7605
vn -0.3756 -0.7978 0.4716
vn -0.0129 -0.7570 0.6532
vn 0.3268 -0.8355 0.4418
vn 0.5405 0.6907 -0.4804
vn 0.0281 0.8876 -0.4597
vn -0.5023 0.7466 -0.4362
vn -0.3292 -0.8873 0.3231
vn -0.0341 -0.9287 0.3693
vn 0.2587 -0.9188 0.2982
vn 0.5442 0.8376 -0.0481
vn 0.0516 0.9977 -0.0433
vn -0.4538 0.8911 -0.0059
vn -0.3214 -0.9291 0.1831
vn -0.0452 -0.9831 0.1775
vn 0.2347 -0.9589 0.1596
vn 0.5259 0.8042 0.2768
vn 0.0628 0.9622 0.2650
vn -0.4119 0.8545 0.3166
vn -0.3148 -0.9480 -0.0475
vn -0.0573 -0.9937 -0.0968
vn 0.2067 -0.9759 -0.0696
vn 0.5093 0.6933 0.5099
vn 0.0678 0.8445 0.5312
vn -0.3876 0.7413 0.5479
vn -0.3108 -0.8986 -0.3097
vn -0.0652 -0.9289 -0.3646
vn 0.1860 -0.9252 -0.3307
vn 0.4732 0.5300 0.7037
vn 0.0671 0.6633 0.7454
vn -0.3529 0.5743 0.7387
vn -0.2931 -0.7884 -0.5408
vn -0.0681 -0.8006 -0.5953
vn 0.1607 -0.8127 -0.5600
vn 0.4177 0.2461 0.8746
vn 0.0597 0.3877 0.9199
vn -0.3138 0.2853 0.9056
vn -0.2745 -0.6015 -0.7503
vn -0.0654 -0.5775 -0.8138
vn 0.1445 -0.6239 -0.7680
vn -0.0676 -0.6973 -0.7136
s 0
usemtl Hair
f 407//341 408//341 392//341 391//341
f 408//342 409//342 393//342 392//342
f 409//343 410//343 394//343 393//343
f 410//344 411//344 395//344 394//344
f 390//345 391//345 375//345 374//345
f 391//346 392//346 376//346 375//346
f 392//347 393//347 377//347 376//347
f 393//348 394//348 378//348 377//348
f 394//349 395//349 379//349 378//349
f 395//350 396//350 380//350 379//350
f 372//351 373//351 357//351 356//351
f 373//352 374//352 358//352 357//352
f 374//353 375//353 359//353 358//353
f 375//354 376//354 360//354 359//354
f 376//355 377//355 361//355 360//355
f 377//356 378//356 362//356 361//356
f 378//357 379//357 363//357 362//357
f 379//358 380//358 364//358 363//358
f 380//359 381//359 365//359 364//359
f 381//360 382//360 366//360 365//360
f 355//361 356//361 340//361 339//361
f 356//362 357//362 341//362 340//362
f 357//363 358//363 342//363 341//363
f 358//364 359//364 343//364 342//364
f 359//365 360//365 344//365 343//365
f 360//366 361//366 345//366 344//366
f 361//367 362//367 346//367 345//367
f 362//368 363//368 347//368 346//368
f 363//369 364//369 348//369 347//369
f 364//370 365//370 349//370 348//370
f 365//371 366//371 350//371 349//371
f 366//372 367//372 351//372 350//372
f 338//373 339//373 323//373 322//373
f 339//374 340//374 324//374 323//374
f 340//375 341//375 325//375 324//375
f 341//376 342//376 326//376 325//376
f 342//377 343//377 327//377 326//377
f 343//378 344//378 328//378 327//378
f 344//379 345//379 329//379 328//379
f 345//380 346//380 330//380 329//380
f 346//381 347//381 331//381 330//381
f 347//382 348//382 332//382 331//382
f 348//383 349//383 333//383 332//383
f 349//384 350//384 334//384 333//384
f 350//385 351//385 335//385 334//385
f 351//386 352//386 336//386 335//386
f 321//387 322//387 306//387 305//387
f 322//388 323//388 307//388 306//388
f 323//389 324//389 308//389 307//389
f 324//390 325//390 309//390 308//390
f 325//391 326//391 310//391 309//391
f 326//392 327//392 311//392 310//392
f 327//393 328//393 312//393 311//393
f 328//394 329//394 313//394 312//394
f 329//395 330//395 314//395 313//395
f 330//396 331//396 315//396 314//396
f 331//397 332//397 316//397 315//397
f 332//398 333//398 317//398 316//398
f 333//399 334//399 318//399 317//399
f 334//400 335//400 319//400 318//400
f 335//401 336//401 320//401 319//401
f 336//402 321//402 305//402 320//402
f 305//403 306//403 290//403 289//403
f 306//404 307//404 291//404 290//404
f 307//405 308//405 292//405 291//405
f 308//406 309//406 293//406 292//406
f 309//407 310//407 294//407 293//407
f 310//408 311//408 295//408 294//408
f 311//409 312//409 296//409 295//409
f 312//410 313//410 297//410 296//410
f 313//411 314//411 298//411 297//411
f 314//412 315//412 299//412 298//412
f 315//413 316//413 300//413 299//413
f 316//414 317//414 301//414 300//414
f 317//415 318//415 302//415 301//415
f 318//416 319//416 303//416 302//416
f 319//417 320//417 304//417 303//417
f 320//418 305//418 289//418 304//418
f 289//419 290//419 288//419
f 290//420 291//420 288//420
f 291//421 292//421 288//421
f 292//422 293//422 288//422
f 293//423 294//423 288//423
f 294//424 295//424 288//424
f 295//425 296//425 288//425
f 296//426 297//426 288//426
f 297//427 298//427 288//427
f 298//428 299//428 288//428
f 299//429 300//429 288//429
f 300//430 301//430 288//430
f 301//431 302//431 288//431
f 302//432 303//432 288//432
f 303//433 304//433 288//433
f 304//434 289//434 288//434
f 476//478 477//478 483//478 482//478
f 477//479 478//479 484//479 483//479
f 478//480 479//480 485//480 484//480
f 479//481 480//481 486//481 485//481
f 480//482 481//482 487//482 486//482
f 481//483 476//483 482//483 487//483
f 482//484 483//484 489//484 488//484
f 483//485 484//485 490//485 489//485
f 484//486 485//486 491//486 490//486
f 485//487 486//487 492//487 491//487
f 486//488 487//488 493//488 492//488
f 487//489 482//489 488//489 493//489
f 488//490 489//490 495//490 494//490
f 489//491 490//491 496//491 495//491
f 490//492 491//492 497//492 496//492
f 491//493 492//493 498//493 497//493
f 492//494 493//494 499//494 498//494
f 493//495 488//495 494//495 499//495
f 494//496 495//496 501//496 500//496
f 495//497 496//497 502//497 501//497
f 496//498 497//498 503//498 502//498
f 497//499 498//499 504//499 503//499
f 498//500 499//500 505//500 504//500
f 499//501 494//501 500//501 505//501
f 500//502 501//502 507//502 506//502
f 501//503 502//503 508//503 507//503
f 502//504 503//504 509//504 508//504
f 503//505 504//505 510//505 509//505
f 504//506 505//506 511//506 510//506
f 505//507 500//507 506//507 511//507
f 506//508 507//508 513//508 512//508
f 507//509 508//509 514//509 513//509
f 508//510 509//510 515//510 514//510
f 509//511 510//511 516//511 515//511
f 510//512 511//512 517//512 516//512
f 511//513 506//513 512//513 517//513
f 512//514 513//514 518//514
f 513//515 514//515 518//515
f 514//516 515//516 518//516
f 515//517 516//517 518//517
f 516//518 517//518 518//518
f 517//519 512//519 518//519
f 481//520 480//520 479//520 478//520 477//520 476//520
f 562//564 563//564 569//564 568//564
f 563//565 564//565 570//565 569//565
f 564//566 565//566 571//566 570//566
f 565//567 566//567 572//567 571//567
f 566//568 567//568 573//568 572//568
f 567//569 562//569 568//569 573//569
f 568//570 569//570 575//570 574//570
f 569//571 570//571 576//571 575//571
f 570//572 571//572 577//572 576//572
f 571//573 572//573 578//573 577//573
f 572//574 573//574 579//574 578//574
f 573//575 568//575 574//575 579//575
f 574//576 575//576 581//576 580//576
f 575//577 576//577 582//577 581//577
f 576//578 577//578 583//578 582//578
f 577//579 578//579 584//579 583//579
f 578//580 579//580 585//580 584//580
f 579//581 574//581 580//581 585//581
f 580//582 581//582 587//582 586//582
f 581//583 582//583 588//583 587//583
f 582//584 583//584 589//584 588//584
f 583//585 584//585 590//585 589//585
f 584//586 585//586 591//586 590//586
f 585//587 580//587 586//587 591//587
f 586//588 587//588 593//588 592//588
f 587//589 588//589 594//589 593//589
f 588//590 589//590 595//590 594//590
f 589//591 590//591 596//591 595//591
f 590//592 591//592 597//592 596//592
f 591//593 586//593 592//593 597//593
f 592//594 593//594 599//594 598//594
f 593//595 594//595 600//595 599//595
f 594//596 595//596 601//596 600//596
f 595//597 596//597 602//597 601//597
f 596//598 597//598 603//598 602//598
f 597//599 592//599 598//599 603//599
f 598//600 599//600 604//600
f 599//601 600//601 604//601
f 600//602 601//602 604//602
f 601//603 602//603 604//603
f 602//604 603//604 604//604
f 603//605 598//605 604//605
f 567//606 566//606 565//606 564//606 563//606 562//606
f 605//607 606//607 612//607 611//607
f 606//608 607//608 613//608 612//608
f 607//609 608//609 614//609 613//609
f 608//610 609//610 615//610 614//610
f 609//611 610//611 616//611 615//611
f 610//612 605//612 611//612 616//612
f 611//613 612//613 618//613 617//613
f 612//614 613//614 619//614 618//614
f 613//615 614//615 620//615 619//615
f 614//616 615//616 621//616 620//616
f 615//617 616//617 622//617 621//617
f 616//618 611//618 617//618 622//618
f 617//619 618//619 624//619 623//619
f 618//620 619//620 625//620 624//620
f 619//621 620//621 626//621 625//621
f 620//622 621//622 627//622 626//622
f 621//623 622//623 628//623 627//623
f 622//624 617//624 623//624 628//624
f 623//625 624//625 630//625 629//625
f 624//626 625//626 631//626 630//626
f 625//627 626//627 632//627 631//627
f 626//628 627//628 633//628 632//628
f 627//629 628//629 634//629 633//629
f 628//630 623//630 629//630 634//630
f 629//631 630//631 636//631 635//631
f 630//632 631//632 637//632 636//632
f 631//633 632//633 638//633 637//633
f 632//634 633//634 639//634 638//634
f 633//635 634//635 640//635 639//635
f 634//636 629//636 635//636 640//636
f 635//637 636//637 642//637 641//637
f 636//638 637//638 643//638 642//638
f 637//639 638//639 644//639 643//639
f 638//640 639//640 645//640 644//640
f 639//641 640//641 646//641 645//641
f 640//642 635//642 641//642 646//642
f 641//643 642//643 647//643
f 642//644 643//644 647//644
f 643//645 644//645 647//645
f 644//646 645//646 647//646
f 645//647 646//647 647//647
f 646//648 641//648 647//648
f 610//649 609//649 608//649 607//649 606//649 605//649
f 648//650 649//650 655//650 654//650
f 649//651 650//651 656//651 655//651
f 650//652 651//652 657//652 656//652
f 651//653 652//653 658//653 657//653
f 652//654 653//654 659//654 658//654
f 653//655 648//655 654//655 659//655
f 654//656 655//656 661//656 660//656
f 655//657 656//657 662//657 661//657
f 656//658 657//658 663//658 662//658
f 657//659 658//659 664//659 663//659
f 658//660 659//660 665//660 664//660
f 659//661 654//661 660//661 665//661
f 660//662 661//662 667//662 666//662
f 661//663 662//663 668//663 667//663
f 662//664 663//664 669//664 668//664
f 663//665 664//665 670//665 669//665
f 664//666 665//666 671//666 670//666
f 665//667 660//667 666//667 671//667
f 666//668 667//668 673//668 672//668
f 667//669 668//669 674//669 673//669
f 668//670 669//670 675//670 674//670
f 669//671 670//671 676//671 675//671
f 670//672 671//672 677//672 676//672
f 671//673 666//673 672//673 677//673
f 672//674 673//674 679//674 678//674
f 673//675 674//675 680//675 679//675
f 674//676 675//676 681//676 680//676
f 675//677 676//677 682//677 681//677
f 676//678 677//678 683//678 682//678
f 677//679 672//679 678//679 683//679
f 678//680 679//680 685//680 684//680
f 679//681 680//681 686//681 685//681
f 680//682 681//682 687//682 686//682
f 681//683 682//683 688//683 687//683
f 682//684 683//684 689//684 688//684
f 683//685 678//685 684//685 689//685
f 684//686 685//686 690//686
f 685//687 686//687 690//687
f 686//688 687//688 690//688
f 687//689 688//689 690//689
f 688//690 689//690 690//690
f 689//691 684//691 690//691
f 653//692 652//692 651//692 650//692 649//692 648//692
f 691//693 692//693 698//693 697//693
f 692//694 693//694 699//694 698//694
f 693//695 694//695 700//695 699//695
f 694//696 695//696 701//696 700//696
f 695//697 696//697 702//697 701//697
f 696//698 691//698 697//698 702//698
f 697//699 698//699 704//699 703//699
f 698//700 699//700 705//700 704//700
f 699//701 700//701 706//701 705//701
f 700//702 701//702 707//702 706//702
f 701//703 702//703 708//703 707//703
f 702//704 697//704 703//704 708//704
f 703//705 704//705 710//705 709//705
f 704//706 705//706 711//706 710//706
f 705//707 706//707 712//707 711//707
f 706//708 707//708 713//708 712//708
f 707//709 708//709 714//709 713//709
f 708//710 703//710 709//710 714//710
f 709//711 710//711 716//711 715//711
f 710//712 711//712 717//712 716//712
f 711//713 712//713 718//713 717//713
f 712//714 713//714 719//714 718//714
f 713//715 714//715 720//715 719//715
f 714//716 709//716 715//716 720//716
f 715//717 716//717 722//717 721//717
f 716//718 717//718 723//718 722//718
f 717//719 718//719 724//719 723//719
f 718//720 719//720 725//720 724//720
f 719//721 720//721 726//721 725//721
f 720//722 715//722 721//722 726//722
f 721//723 722//723 728//723 727//723
f 722//724 723//724 729//724 728//724
f 723//725 724//725 730//725 729//725
f 724//726 725//726 731//726 730//726
f 725//727 726//727 732//727 731//727
f 726//728 721//728 727//728 732//728
f 727//729 728//729 733//729
f 728//730 729//730 733//730
f 729//731 730//731 733//731
f 730//732 731//732 733//732
f 731//733 732//733 733//733
f 732//734 727//734 733//734
f 696//735 695//735 694//735 693//735 692//735 691//735
f 734//736 735//736 741//736 740//736
f 735//737 736//737 742//737 741//737
f 736//738 737//738 743//738 742//738
f 737//739 738//739 744//739 743//739
f 738//740 739//740 745//740 744//740
f 739//741 734//741 740//741 745//741
f 740//742 741//742 747//742 746//742
f 741//743 742//743 748//743 747//743
f 742//744 743//744 749//744 748//744
f 743//745 744//745 750//745 749//745
f 744//746 745//746 751//746 750//746
f 745//747 740//747 746//747 751//747
f 746//748 747//748 753//748 752//748
f 747//749 748//749 754//749 753//749
f 748//750 749//750 755//750 754//750
f 749//751 750//751 756//751 755//751
f 750//752 751//752 757//752 756//752
f 751//753 746//753 752//753 757//753
f 752//754 753//754 759//754 758//754
f 753//755 754//755 760//755 759//755
f 754//756 755//756 761//756 760//756
f 755//757 756//757 762//757 761//757
f 756//758 757//758 763//758 762//758
f 757//759 752//759 758//759 763//759
f 758//760 759//760 765//760 764//760
f 759//761 760//761 766//761 765//761
f 760//762 761//762 767//762 766//762
f 761//763 762//763 768//763 767//763
f 762//764 763//764 769//764 768//764
f 763//765 758//765 764//765 769//765
f 764//766 765//766 771//766 770//766
f 765//767 766//767 772//767 771//767
f 766//768 767//768 773//768 772//768
f 767//769 768//769 774//769 773//769
f 768//770 769//770 775//770 774//770
f 769//771 764//771 770//771 775//771
f 770//772 771//772 776//772
f 771//773 772//773 776//773
f 772//774 773//774 776//774
f 773//775 774//775 776//775
f 774//776 775//776 776//776
f 775//777 770//777 776//777
f 739//778 738//778 737//778 736//778 735//778 734//778
f 777//779 778//779 784//779 783//779
f 778//780 779//780 785//780 784//780
f 779//781 780//781 786//781 785//781
f 780//782 781//782 787//782 786//782
f 781//783 782//783 788//783 787//783
f 782//784 777//784 783//784 788//784
f 783//785 784//785 790//785 789//785
f 784//786 785//786 791//786 790//786
f 785//787 786//787 792//787 791//787
f 786//788 787//788 793//788 792//788
f 787//789 788//789 794//789 793//789
f 788//790 783//790 789//790 794//790
f 789//791 790//791 796//791 795//791
f 790//792 791//792 797//792 796//792
f 791//793 792//793 798//793 797//793
f 792//794 793//794 799//794 798//794
f 793//795 794//795 800//795 799//795
f 794//796 789//796 795//796 800//796
f 795//797 796//797 802//797 801//797
f 796//798 797//798 803//798 802//798
f 797//799 798//799 804//799 803//799
f 798//800 799//800 805//800 804//800
f 799//801 800//801 806//801 805//801
f 800//802 795//802 801//802 806//802
f 801//803 802//803 808//803 807//803
f 802//804 803//804 809//804 808//804
f 803//805 804//805 810//805 809//805
f 804//806 805//806 811//806 810//806
f 805//807 806//807 812//807 811//807
f 806//808 801//808 807//808 812//808
f 807//809 808//809 814//809 813//809
f 808//810 809//810 815//810 814//810
f 809//811 810//811 816//811 815//811
f 810//812 811//812 817//812 816//812
f 811//813 812//813 818//813 817//813
f 812//814 807//814 813//814 818//814
f 813//815 814//815 819//815
f 814//816 815//816 819//816
f 815//817 816//817 819//817
f 816//818 817//818 819//818
f 817//819 818//819 819//819
f 818//820 813//820 819//820
f 782//821 781//821 780//821 779//821 778//821 777//821
f 875//877 876//877 882//877 881//877
f 876//878 877//878 883//878 882//878
f 877//879 878//879 884//879 883//879
f 878//880 879//880 885//880 884//880
f 879//881 880//881 886//881 885//881
f 880//882 875//882 881//882 886//882
f 881//883 882//883 888//883 887//883
f 882//884 883//884 889//884 888//884
f 883//885 884//885 890//885 889//885
f 884//886 885//886 891//886 890//886
f 885//887 886//887 892//887 891//887
f 886//888 881//888 887//888 892//888
f 887//889 888//889 894//889 893//889
f 888//890 889//890 895//890 894//890
f 889//891 890//891 896//891 895//891
f 890//892 891//892 897//892 896//892
f 891//893 892//893 898//893 897//893
f 892//894 887//894 893//894 898//894
f 893//895 894//895 900//895 899//895
f 894//896 895//896 901//896 900//896
f 895//897 896//897 902//897 901//897
f 896//898 897//898 903//898 902//898
f 897//899 898//899 904//899 903//899
f 898//900 893//900 899//900 904//900
f 899//901 900//901 906//901 905//901
f 900//902 901//902 907//902 906//902
f 901//903 902//903 908//903 907//903
f 902//904 903//904 909//904 908//904
f 903//905 904//905 910//905 909//905
f 904//906 899//906 905//906 910//906
f 905//907 906//907 912//907 911//907
f 906//908 907//908 913//908 912//908
f 907//909 908//909 914//909 913//909
f 908//910 909//910 915//910 914//910
f 909//911 910//911 916//911 915//911
f 910//912 905//912 911//912 916//912
f 911//913 912//913 918//913 917//913
f 912//914 913//914 919//914 918//914
f 913//915 914//915 920//915 919//915
f 914//916 915//916 921//916 920//916
f 915//917 916//917 922//917 921//917
f 916//918 911//918 917//918 922//918
f 917//919 918//919 924//919 923//919
f 918//920 919//920 925//920 924//920
f 919//921 920//921 926//921 925//921
f 920//922 921//922 927//922 926//922
f 921//923 922//923 928//923 927//923
f 922//924 917//924 923//924 928//924
f 923//925 924//925 929//925
f 924//926 925//926 929//926
f 925//927 926//927 929//927
f 926//928 927//928 929//928
f 927//929 928//929 929//929
f 928//930 923//930 929//930
f 880//931 879//931 878//931 877//931 876//931 875//931
f 985//987 986//987 992//987 991//987
f 986//988 987//988 993//988 992//988
f 987//989 988//989 994//989 993//989
f 988//990 989//990 995//990 994//990
f 989//991 990//991 996//991 995//991
f 990//992 985//992 991//992 996//992
f 991//993 992//993 998//993 997//993
f 992//994 993//994 999//994 998//994
f 993//995 994//995 1000//995 999//995
f 994//996 995//996 1001//996 1000//996
f 995//997 996//997 1002//997 1001//997
f 996//998 991//998 997//998 1002//998
f 997//999 998//999 1004//999 1003//999
f 998//1000 999//1000 1005//1000 1004//1000
f 999//1001 1000//1001 1006//1001 1005//1001
f 1000//1002 1001//1002 1007//1002 1006//1002
f 1001//1003 1002//1003 1008//1003 1007//1003
f 1002//1004 997//1004 1003//1004 1008//1004
f 1003//1005 1004//1005 1010//1005 1009//1005
f 1004//1006 1005//1006 1011//1006 1010//1006
f 1005//1007 1006//1007 1012//1007 1011//1007
f 1006//1008 1007//1008 1013//1008 1012//1008
f 1007//1009 1008//1009 1014//1009 1013//1009
f 1008//1010 1003//1010 1009//1010 1014//1010
f 1009//1011 1010//1011 1016//1011 1015//1011
f 1010//1012 1011//1012 1017//1012 1016//1012
f 1011//1013 1012//1013 1018//1013 1017//1013
f 1012//1014 1013//1014 1019//1014 1018//1014
f 1013//1015 1014//1015 1020//1015 1019//1015
f 1014//1016 1009//1016 1015//1016 1020//1016
f 1015//1017 1016//1017 1022//1017 1021//1017
f 1016//1018 1017//1018 1023//1018 1022//1018
f 1017//1019 1018//1019 1024//1019 1023//1019
f 1018//1020 1019//1020 1025//1020 1024//1020
f 1019//1021 1020//1021 1026//1021 1025//1021
f 1020//1022 1015//1022 1021//1022 1026//1022
f 1021//1023 1022//1023 1028//1023 1027//1023
f 1022//1024 1023//1024 1029//1024 1028//1024
f 1023//1025 1024//1025 1030//1025 1029//1025
f 1024//1026 1025//1026 1031//1026 1030//1026
f 1025//1027 1026//1027 1032//1027 1031//1027
f 1026//1028 1021//1028 1027//1028 1032//1028
f 1027//1029 1028//1029 1034//1029 1033//1029
f 1028//1030 1029//1030 1035//1030 1034//1030
f 1029//1031 1030//1031 1036//1031 1035//1031
f 1030//1032 1031//1032 1037//1032 1036//1032
f 1031//1033 1032//1033 1038//1033 1037//1033
f 1032//1034 1027//1034 1033//1034 1038//1034
f 1033//1035 1034//1035 1039//1035
f 1034//1036 1035//1036 1039//1036
f 1035//1037 1036//1037 1039//1037
f 1036//1038 1037//1038 1039//1038
f 1037//1039 1038//1039 1039//1039
f 1038//1040 1033//1040 1039//1040
f 990//1041 989//1041 988//1041 987//1041 986//1041 985//1041
f 1150//1152 1151//1152 1157//1152 1156//1152
f 1151//1153 1152//1153 1158//1153 1157//1153
f 1152//1154 1153//1154 1159//1154 1158//1154
f 1153//1155 1154//1155 1160//1155 1159//1155
f 1154//1156 1155//1156 1161//1156 1160//1156
f 1155//1157 1150//1157 1156//1157 1161//1157
f 1156//1158 1157//1158 1163//1158 1162//1158
f 1157//1159 1158//1159 1164//1159 1163//1159
f 1158//1160 1159//1160 1165//1160 1164//1160
f 1159//1161 1160//1161 1166//1161 1165//1161
f 1160//1162 1161//1162 1167//1162 1166//1162
f 1161//1163 1156//1163 1162//1163 1167//1163
f 1162//1164 1163//1164 1169//1164 1168//1164
f 1163//1165 1164//1165 1170//1165 1169//1165
f 1164//1166 1165//1166 1171//1166 1170//1166
f 1165//1167 1166//1167 1172//1167 1171//1167
f 1166//1168 1167//1168 1173//1168 1172//1168
f 1167//1169 1162//1169 1168//1169 1173//1169
f 1168//1170 1169//1170 1175//1170 1174//1170
f 1169//1171 1170//1171 1176//1171 1175//1171
f 1170//1172 1171//1172 1177//1172 1176//1172
f 1171//1173 1172//1173 1178//1173 1177//1173
f 1172//1174 1173//1174 1179//1174 1178//1174
f 1173//1175 1168//1175 1174//1175 1179//1175
f 1174//1176 1175//1176 1181//1176 1180//1176
f 1175//1177 1176//1177 1182//1177 1181//1177
f 1176//1178 1177//1178 1183//1178 1182//1178
f 1177//1179 1178//1179 1184//1179 1183//1179
f 1178//1180 1179//1180 1185//1180 1184//1180
f 1179//1181 1174//1181 1180//1181 1185//1181
f 1180//1182 1181//1182 1187//1182 1186//1182
f 1181//1183 1182//1183 1188//1183 1187//1183
f 1182//1184 1183//1184 1189//1184 1188//1184
f 1183//1185 1184//1185 1190//1185 1189//1185
f 1184//1186 1185//1186 1191//1186 1190//1186
f 1185//1187 1180//1187 1186//1187 1191//1187
f 1186//1188 1187//1188 1193//1188 1192//1188
f 1187//1189 1188//1189 1194//1189 1193//1189
f 1188//1190 1189//1190 1195//1190 1194//1190
f 1189//1191 1190//1191 1196//1191 1195//1191
f 1190//1192 1191//1192 1197//1192 1196//1192
f 1191//1193 1186//1193 1192//1193 1197//1193
f 1192//1194 1193//1194 1199//1194 1198//1194
f 1193//1195 1194//1195 1200//1195 1199//1195
f 1194//1196 1195//1196 1201//1196 1200//1196
f 1195//1197 1196//1197 1202//1197 1201//1197
f 1196//1198 1197//1198 1203//1198 1202//1198
f 1197//1199 1192//1199 1198//1199 1203//1199
f 1198//1200 1199//1200 1205//1200 1204//1200
f 1199//1201 1200//1201 1206//1201 1205//1201
f 1200//1202 1201//1202 1207//1202 1206//1202
f 1201//1203 1202//1203 1208//1203 1207//1203
f 1202//1204 1203//1204 1209//1204 1208//1204
f 1203//1205 1198//1205 1204//1205 1209//1205
f 1204//1206 1205//1206 1210//1206
f 1205//1207 1206//1207 1210//1207
f 1206//1208 1207//1208 1210//1208
f 1207//1209 1208//1209 1210//1209
f 1208//1210 1209//1210 1210//1210
f 1209//1211 1204//1211 1210//1211
f 1155//1212 1154//1212 1153//1212 1152//1212 1151//1212 1150//1212
f 1333//1335 1334//1335 1340//1335 1339//1335
f 1334//1336 1335//1336 1341//1336 1340//1336
f 1335//1337 1336//1337 1342//1337 1341//1337
f 1336//1338 1337//1338 1343//1338 1342//1338
f 1337//1339 1338//1339 1344//1339 1343//1339
f 1338//1340 1333//1340 1339//1340 1344//1340
f 1339//1341 1340//1341 1346//1341 1345//1341
f 1340//1342 1341//1342 1347//1342 1346//1342
f 1341//1343 1342//1343 1348//1343 1347//1343
f 1342//1344 1343//1344 1349//1344 1348//1344
f 1343//1345 1344//1345 1350//1345 1349//1345
f 1344//1346 1339//1346 1345//1346 1350//1346
f 1345//1347 1346//1347 1352//1347 1351//1347
f 1346//1348 1347//1348 1353//1348 1352//1348
f 1347//1349 1348//1349 1354//1349 1353//1349
f 1348//1350 1349//1350 1355//1350 1354//1350
f 1349//1351 1350//1351 1356//1351 1355//1351
f 1350//1352 1345//1352 1351//1352 1356//1352
f 1351//1353 1352//1353 1358//1353 1357//1353
f 1352//1354 1353//1354 1359//1354 1358//1354
f 1353//1355 1354//1355 1360//1355 1359//1355
f 1354//1356 1355//1356 1361//1356 1360//1356
f 1355//1357 1356//1357 1362//1357 1361//1357
f 1356//1358 1351//1358 1357//1358 1362//1358
f 1357//1359 1358//1359 1364//1359 1363//1359
f 1358//1360 1359//1360 1365//1360 1364//1360
f 1359//1361 1360//1361 1366//1361 1365//1361
f 1360//1362 1361//1362 1367//1362 1366//1362
f 1361//1363 1362//1363 1368//1363 1367//1363
f 1362//1364 1357//1364 1363//1364 1368//1364
f 1363//1365 1364//1365 1370//1365 1369//1365
f 1364//1366 1365//1366 1371//1366 1370//1366
f 1365//1367 1366//1367 1372//1367 1371//1367
f 1366//1368 1367//1368 1373//1368 1372//1368
f 1367//1369 1368//1369 1374//1369 1373//1369
f 1368//1370 1363//1370 1369//1370 1374//1370
f 1369//1371 1370//1371 1376//1371 1375//1371
f 1370//1372 1371//1372 1377//1372 1376//1372
f 1371//1373 1372//1373 1378//1373 1377//1373
f 1372//1374 1373//1374 1379//1374 1378//1374
f 1373//1375 1374//1375 1380//1375 1379//1375
f 1374//1376 1369//1376 1375//1376 1380//1376
f 1375//1377 1376//1377 1382//1377 1381//1377
f 1376//1378 1377//1378 1383//1378 1382//1378
f 1377//1379 1378//1379 1384//1379 1383//1379
f 1378//1380 1379//1380 1385//1380 1384//1380
f 1379//1381 1380//1381 1386//1381 1385//1381
f 1380//1382 1375//1382 1381//1382 1386//1382
f 1381//1383 1382//1383 1388//1383 1387//1383
f 1382//1384 1383//1384 1389//1384 1388//1384
f 1383//1385 1384//1385 1390//1385 1389//1385
f 1384//1386 1385//1386 1391//1386 1390//1386
f 1385//1387 1386//1387 1392//1387 1391//1387
f 1386//1388 1381//1388 1387//1388 1392//1388
f 1387//1389 1388//1389 1393//1389
f 1388//1390 1389//1390 1393//1390
f 1389//1391 1390//1391 1393//1391
f 1390//1392 1391//1392 1393//1392
f 1391//1393 1392//1393 1393//1393
f 1392//1394 1387//1394 1393//1394
f 1338//1395 1337//1395 1336//1395 1335//1395 1334//1395 1333//1395
f 1455//1457 1456//1457 1462//1457 1461//1457
f 1456//1458 1457//1458 1463//1458 1462//1458
f 1457//1459 1458//1459 1464//1459 1463//1459
f 1458//1460 1459//1460 1465//1460 1464//1460
f 1459//1461 1460//1461 1466//1461 1465//1461
f 1460//1462 1455//1462 1461//1462 1466//1462
f 1461//1463 1462//1463 1468//1463 1467//1463
f 1462//1464 1463//1464 1469//1464 1468//1464
f 1463//1465 1464//1465 1470//1465 1469//1465
f 1464//1466 1465//1466 1471//1466 1470//1466
f 1465//1467 1466//1467 1472//1467 1471//1467
f 1466//1468 1461//1468 1467//1468 1472//1468
f 1467//1469 1468//1469 1474//1469 1473//1469
f 1468//1470 1469//1470 1475//1470 1474//1470
f 1469//1471 1470//1471 1476//1471 1475//1471
f 1470//1472 1471//1472 1477//1472 1476//1472
f 1471//1473 1472//1473 1478//1473 1477//1473
f 1472//1474 1467//1474 1473//1474 1478//1474
f 1473//1475 1474//1475 1480//1475 1479//1475
f 1474//1476 1475//1476 1481//1476 1480//1476
f 1475//1477 1476//1477 1482//1477 1481//1477
f 1476//1478 1477//1478 1483//1478 1482//1478
f 1477//1479 1478//1479 1484//1479 1483//1479
f 1478//1480 1473//1480 1479//1480 1484//1480
f 1479//1481 1480//1481 1486//1481 1485//1481
f 1480//1482 1481//1482 1487//1482 1486//1482
f 1481//1483 1482//1483 1488//1483 1487//1483
f 1482//1484 1483//1484 1489//1484 1488//1484
f 1483//1485 1484//1485 1490//1485 1489//1485
f 1484//1486 1479//1486 1485//1486 1490//1486
f 1485//1487 1486//1487 1492//1487 1491//1487
f 1486//1488 1487//1488 1493//1488 1492//1488
f 1487//1489 1488//1489 1494//1489 1493//1489
f 1488//1490 1489//1490 1495//1490 1494//1490
f 1489//1491 1490//1491 1496//1491 1495//1491
f 1490//1492 1485//1492 1491//1492 1496//1492
f 1491//1493 1492//1493 1498//1493 1497//1493
f 1492//1494 1493//1494 1499//1494 1498//1494
f 1493//1495 1494//1495 1500//1495 1499//1495
f 1494//1496 1495//1496 1501//1496 1500//1496
f 1495//1497 1496//1497 1502//1497 1501//1497
f 1496//1498 1491//1498 1497//1498 1502//1498
f 1497//1499 1498//1499 1504//1499 1503//1499
f 1498//1500 1499//1500 1505//1500 1504//1500
f 1499//1501 1500//1501 1506//1501 1505//1501
f 1500//1502 1501//1502 1507//1502 1506//1502
f 1501//1503 1502//1503 1508//1503 1507//1503
f 1502//1504 1497//1504 1503//1504 1508//1504
f 1503//1505 1504//1505 1510//1505 1509//1505
f 1504//1506 1505//1506 1511//1506 1510//1506
f 1505//1507 1506//1507 1512//1507 1511//1507
f 1506//1508 1507//1508 1513//1508 1512//1508
f 1507//1509 1508//1509 1514//1509 1513//1509
f 1508//1510 1503//1510 1509//1510 1514//1510
f 1509//1511 1510//1511 1515//1511
f 1510//1512 1511//1512 1515//1512
f 1511//1513 1512//1513 1515//1513
f 1512//1514 1513//1514 1515//1514
f 1513//1515 1514//1515 1515//1515
f 1514//1516 1509//1516 1515//1516
f 1460//1517 1459//1517 1458//1517 1457//1517 1456//1517 1455//1517
usemtl Hair_Light
f 433//435 434//435 440//435 439//435
f 434//436 435//436 441//436 440//436
f 435//437 436//437 442//437 441//437
f 436//438 437//438 443//438 442//438
f 437//439 438//439 444//439 443//439
f 438//440 433//440 439//440 444//440
f 439//441 440//441 446//441 445//441
f 440//442 441//442 447//442 446//442
f 441//443 442//443 448//443 447//443
f 442//444 443//444 449//444 448//444
f 443//445 444//445 450//445 449//445
f 444//446 439//446 445//446 450//446
f 445//447 446//447 452//447 451//447
f 446//448 447//448 453//448 452//448
f 447//449 448//449 454//449 453//449
f 448//450 449//450 455//450 454//450
f 449//451 450//451 456//451 455//451
f 450//452 445//452 451//452 456//452
f 451//453 452//453 458//453 457//453
f 452//454 453//454 459//454 458//454
f 453//455 454//455 460//455 459//455
f 454//456 455//456 461//456 460//456
f 455//457 456//457 462//457 461//457
f 456//458 451//458 457//458 462//458
f 457//459 458//459 464//459 463//459
f 458//460 459//460 465//460 464//460
f 459//461 460//461 466//461 465//461
f 460//462 461//462 467//462 466//462
f 461//463 462//463 468//463 467//463
f 462//464 457//464 463//464 468//464
f 463//465 464//465 470//465 469//465
f 464//466 465//466 471//466 470//466
f 465//467 466//467 472//467 471//467
f 466//468 467//468 473//468 472//468
f 467//469 468//469 474//469 473//469
f 468//470 463//470 469//470 474//470
f 469//471 470//471 475//471
f 470//472 471//472 475//472
f 471//473 472//473 475//473
f 472//474 473//474 475//474
f 473//475 474//475 475//475
f 474//476 469//476 475//476
f 438//477 437//477 436//477 435//477 434//477 433//477
f 519//521 520//521 526//521 525//521
f 520//522 521//522 527//522 526//522
f 521//523 522//523 528//523 527//523
f 522//524 523//524 529//524 528//524
f 523//525 524//525 530//525 529//525
f 524//526 519//526 525//526 530//526
f 525//527 526//527 532//527 531//527
f 526//528 527//528 533//528 532//528
f 527//529 528//529 534//529 533//529
f 528//530 529//530 535//530 534//530
f 529//531 530//531 536//531 535//531
f 530//532 525//532 531//532 536//532
f 531//533 532//533 538//533 537//533
f 532//534 533//534 539//534 538//534
f 533//535 534//535 540//535 539//535
f 534//536 535//536 541//536 540//536
f 535//537 536//537 542//537 541//537
f 536//538 531//538 537//538 542//538
f 537//539 538//539 544//539 543//539
f 538//540 539//540 545//540 544//540
f 539//541 540//541 546//541 545//541
f 540//542 541//542 547//542 546//542
f 541//543 542//543 548//543 547//543
f 542//544 537//544 543//544 548//544
f 543//545 544//545 550//545 549//545
f 544//546 545//546 551//546 550//546
f 545//547 546//547 552//547 551//547
f 546//548 547//548 553//548 552//548
f 547//549 548//549 554//549 553//549
f 548//550 543//550 549//550 554//550
f 549//551 550//551 556//551 555//551
f 550//552 551//552 557//552 556//552
f 551//553 552//553 558//553 557//553
f 552//554 553//554 559//554 558//554
f 553//555 554//555 560//555 559//555
f 554//556 549//556 555//556 560//556
f 555//557 556//557 561//557
f 556//558 557//558 561//558
f 557//559 558//559 561//559
f 558//560 559//560 561//560
f 559//561 560//561 561//561
f 560//562 555//562 561//562
f 524//563 523//563 522//563 521//563 520//563 519//563
f 820//822 821//822 827//822 826//822
f 821//823 822//823 828//823 827//823
f 822//824 823//824 829//824 828//824
f 823//825 824//825 830//825 829//825
f 824//826 825//826 831//826 830//826
f 825//827 820//827 826//827 831//827
f 826//828 827//828 833//828 832//828
f 827//829 828//829 834//829 833//829
f 828//830 829//830 835//830 834//830
f 829//831 830//831 836//831 835//831
f 830//832 831//832 837//832 836//832
f 831//833 826//833 832//833 837//833
f 832//834 833//834 839//834 838//834
f 833//835 834//835 840//835 839//835
f 834//836 835//836 841//836 840//836
f 835//837 836//837 842//837 841//837
f 836//838 837//838 843//838 842//838
f 837//839 832//839 838//839 843//839
f 838//840 839//840 845//840 844//840
f 839//841 840//841 846//841 845//841
f 840//842 841//842 847//842 846//842
f 841//843 842//843 848//843 847//843
f 842//844 843//844 849//844 848//844
f 843//845 838//845 844//845 849//845
f 844//846 845//846 851//846 850//846
f 845//847 846//847 852//847 851//847
f 846//848 847//848 853//848 852//848
f 847//849 848//849 854//849 853//849
f 848//850 849//850 855//850 854//850
f 849//851 844//851 850//851 855//851
f 850//852 851//852 857//852 856//852
f 851//853 852//853 858//853 857//853
f 852//854 853//854 859//854 858//854
f 853//855 854//855 860//855 859//855
f 854//856 855//856 861//856 860//856
f 855//857 850//857 856//857 861//857
f 856//858 857//858 863//858 862//858
f 857//859 858//859 864//859 863//859
f 858//860 859//860 865//860 864//860
f 859//861 860//861 866//861 865//861
f 860//862 861//862 867//862 866//862
f 861//863 856//863 862//863 867//863
f 862//864 863//864 869//864 868//864
f 863//865 864//865 870//865 869//865
f 864//866 865//866 871//866 870//866
f 865//867 866//867 872//867 871//867
f 866//868 867//868 873//868 872//868
f 867//869 862//869 868//869 873//869
f 868//870 869//870 874//870
f 869//871 870//871 874//871
f 870//872 871//872 874//872
f 871//873 872//873 874//873
f 872//874 873//874 874//874
f 873//875 868//875 874//875
f 825//876 824//876 823//876 822//876 821//876 820//876
f 930//932 931//932 937//932 936//932
f 931//933 932//933 938//933 937//933
f 932//934 933//934 939//934 938//934
f 933//935 934//935 940//935 939//935
f 934//936 935//936 941//936 940//936
f 935//937 930//937 936//937 941//937
f 936//938 937//938 943//938 942//938
f 937//939 938//939 944//939 943//939
f 938//940 939//940 945//940 944//940
f 939//941 940//941 946//941 945//941
f 940//942 941//942 947//942 946//942
f 941//943 936//943 942//943 947//943
f 942//944 943//944 949//944 948//944
f 943//945 944//945 950//945 949//945
f 944//946 945//946 951//946 950//946
f 945//947 946//947 952//947 951//947
f 946//948 947//948 953//948 952//948
f 947//949 942//949 948//949 953//949
f 948//950 949//950 955//950 954//950
f 949//951 950//951 956//951 955//951
f 950//952 951//952 957//952 956//952
f 951//953 952//953 958//953 957//953
f 952//954 953//954 959//954 958//954
f 953//955 948//955 954//955 959//955
f 954//956 955//956 961//956 960//956
f 955//957 956//957 962//957 961//957
f 956//958 957//958 963//958 962//958
f 957//959 958//959 964//959 963//959
f 958//960 959//960 965//960 964//960
f 959//961 954//961 960//961 965//961
f 960//962 961//962 967//962 966//962
f 961//963 962//963 968//963 967//963
f 962//964 963//964 969//964 968//964
f 963//965 964//965 970//965 969//965
f 964//966 965//966 971//966 970//966
f 965//967 960//967 966//967 971//967
f 966//968 967//968 973//968 972//968
f 967//969 968//969 974//969 973//969
f 968//970 969//970 975//970 974//970
f 969//971 970//971 976//971 975//971
f 970//972 971//972 977//972 976//972
f 971//973 966//973 972//973 977//973
f 972//974 973//974 979//974 978//974
f 973//975 974//975 980//975 979//975
f 974//976 975//976 981//976 980//976
f 975//977 976//977 982//977 981//977
f 976//978 977//978 983//978 982//978
f 977//979 972//979 978//979 983//979
f 978//980 979//980 984//980
f 979//981 980//981 984//981
f 980//982 981//982 984//982
f 981//983 982//983 984//983
f 982//984 983//984 984//984
f 983//985 978//985 984//985
f 935//986 934//986 933//986 932//986 931//986 930//986
f 1040//1042 1041//1042 1047//1042 1046//1042
f 1041//1043 1042//1043 1048//1043 1047//1043
f 1042//1044 1043//1044 1049//1044 1048//1044
f 1043//1045 1044//1045 1050//1045 1049//1045
f 1044//1046 1045//1046 1051//1046 1050//1046
f 1045//1047 1040//1047 1046//1047 1051//1047
f 1046//1048 1047//1048 1053//1048 1052//1048
f 1047//1049 1048//1049 1054//1049 1053//1049
f 1048//1050 1049//1050 1055//1050 1054//1050
f 1049//1051 1050//1051 1056//1051 1055//1051
f 1050//1052 1051//1052 1057//1052 1056//1052
f 1051//1053 1046//1053 1052//1053 1057//1053
f 1052//1054 1053//1054 1059//1054 1058//1054
f 1053//1055 1054//1055 1060//1055 1059//1055
f 1054//1056 1055//1056 1061//1056 1060//1056
f 1055//1057 1056//1057 1062//1057 1061//1057
f 1056//1058 1057//1058 1063//1058 1062//1058
f 1057//1059 1052//1059 1058//1059 1063//1059
f 1058//1060 1059//1060 1065//1060 1064//1060
f 1059//1061 1060//1061 1066//1061 1065//1061
f 1060//1062 1061//1062 1067//1062 1066//1062
f 1061//1063 1062//1063 1068//1063 1067//1063
f 1062//1064 1063//1064 1069//1064 1068//1064
f 1063//1065 1058//1065 1064//1065 1069//1065
f 1064//1066 1065//1066 1071//1066 1070//1066
f 1065//1067 1066//1067 1072//1067 1071//1067
f 1066//1068 1067//1068 1073//1068 1072//1068
f 1067//1069 1068//1069 1074//1069 1073//1069
f 1068//1070 1069//1070 1075//1070 1074//1070
f 1069//1071 1064//1071 1070//1071 1075//1071
f 1070//1072 1071//1072 1077//1072 1076//1072
f 1071//1073 1072//1073 1078//1073 1077//1073
f 1072//1074 1073//1074 1079//1074 1078//1074
f 1073//1075 1074//1075 1080//1075 1079//1075
f 1074//1076 1075//1076 1081//1076 1080//1076
f 1075//1077 1070//1077 1076//1077 1081//1077
f 1076//1078 1077//1078 1083//1078 1082//1078
f 1077//1079 1078//1079 1084//1079 1083//1079
f 1078//1080 1079//1080 1085//1080 1084//1080
f 1079//1081 1080//1081 1086//1081 1085//1081
f 1080//1082 1081//1082 1087//1082 1086//1082
f 1081//1083 1076//1083 1082//1083 1087//1083
f 1082//1084 1083//1084 1089//1084 1088//1084
f 1083//1085 1084//1085 1090//1085 1089//1085
f 1084//1086 1085//1086 1091//1086 1090//1086
f 1085//1087 1086//1087 1092//1087 1091//1087
f 1086//1088 1087//1088 1093//1088 1092//1088
f 1087//1089 1082//1089 1088//1089 1093//1089
f 1088//1090 1089//1090 1094//1090
f 1089//1091 1090//1091 1094//1091
f 1090//1092 1091//1092 1094//1092
f 1091//1093 1092//1093 1094//1093
f 1092//1094 1093//1094 1094//1094
f 1093//1095 1088//1095 1094//1095
f 1045//1096 1044//1096 1043//1096 1042//1096 1041//1096 1040//1096
f 1095//1097 1096//1097 1102//1097 1101//1097
f 1096//1098 1097//1098 1103//1098 1102//1098
f 1097//1099 1098//1099 1104//1099 1103//1099
f 1098//1100 1099//1100 1105//1100 1104//1100
f 1099//1101 1100//1101 1106//1101 1105//1101
f 1100//1102 1095//1102 1101//1102 1106//1102
f 1101//1103 1102//1103 1108//1103 1107//1103
f 1102//1104 1103//1104 1109//1104 1108//1104
f 1103//1105 1104//1105 1110//1105 1109//1105
f 1104//1106 1105//1106 1111//1106 1110//1106
f 1105//1107 1106//1107 1112//1107 1111//1107
f 1106//1108 1101//1108 1107//1108 1112//1108
f 1107//1109 1108//1109 1114//1109 1113//1109
f 1108//1110 1109//1110 1115//1110 1114//1110
f 1109//1111 1110//1111 1116//1111 1115//1111
f 1110//1112 1111//1112 1117//1112 1116//1112
f 1111//1113 1112//1113 1118//1113 1117//1113
f 1112//1114 1107//1114 1113//1114 1118//1114
f 1113//1115 1114//1115 1120//1115 1119//1115
f 1114//1116 1115//1116 1121//1116 1120//1116
f 1115//1117 1116//1117 1122//1117 1121//1117
f 1116//1118 1117//1118 1123//1118 1122//1118
f 1117//1119 1118//1119 1124//1119 1123//1119
f 1118//1120 1113//1120 1119//1120 1124//1120
f 1119//1121 1120//1121 1126//1121 1125//1121
f 1120//1122 1121//1122 1127//1122 1126//1122
f 1121//1123 1122//1123 1128//1123 1127//1123
f 1122//1124 1123//1124 1129//1124 1128//1124
f 1123//1125 1124//1125 1130//1125 1129//1125
f 1124//1126 1119//1126 1125//1126 1130//1126
f 1125//1127 1126//1127 1132//1127 1131//1127
f 1126//1128 1127//1128 1133//1128 1132//1128
f 1127//1129 1128//1129 1134//1129 1133//1129
f 1128//1130 1129//1130 1135//1130 1134//1130
f 1129//1131 1130//1131 1136//1131 1135//1131
f 1130//1132 1125//1132 1131//1132 1136//1132
f 1131//1133 1132//1133 1138//1133 1137//1133
f 1132//1134 1133//1134 1139//1134 1138//1134
f 1133//1135 1134//1135 1140//1135 1139//1135
f 1134//1136 1135//1136 1141//1136 1140//1136
f 1135//1137 1136//1137 1142//1137 1141//1137
f 1136//1138 1131//1138 1137//1138 1142//1138
f 1137//1139 1138//1139 1144//1139 1143//1139
f 1138//1140 1139//1140 1145//1140 1144//1140
f 1139//1141 1140//1141 1146//1141 1145//1141
f 1140//1142 1141//1142 1147//1142 1146//1142
f 1141//1143 1142//1143 1148//1143 1147//1143
f 1142//1144 1137//1144 1143//1144 1148//1144
f 1143//1145 1144//1145 1149//1145
f 1144//1146 1145//1146 1149//1146
f 1145//1147 1146//1147 1149//1147
f 1146//1148 1147//1148 1149//1148
f 1147//1149 1148//1149 1149//1149
f 1148//1150 1143//1150 1149//1150
f 1100//1151 1099//1151 1098//1151 1097//1151 1096//1151 1095//1151
f 1211//1213 1212//1213 1218//1213 1217//1213
f 1212//1214 1213//1214 1219//1214 1218//1214
f 1213//1215 1214//1215 1220//1215 1219//1215
f 1214//1216 1215//1216 1221//1216 1220//1216
f 1215//1217 1216//1217 1222//1217 1221//1217
f 1216//1218 1211//1218 1217//1218 1222//1218
f 1217//1219 1218//1219 1224//1219 1223//1219
f 1218//1220 1219//1220 1225//1220 1224//1220
f 1219//1221 1220//1221 1226//1221 1225//1221
f 1220//1222 1221//1222 1227//1222 1226//1222
f 1221//1223 1222//1223 1228//1223 1227//1223
f 1222//1224 1217//1224 1223//1224 1228//1224
f 1223//1225 1224//1225 1230//1225 1229//1225
f 1224//1226 1225//1226 1231//1226 1230//1226
f 1225//1227 1226//1227 1232//1227 1231//1227
f 1226//1228 1227//1228 1233//1228 1232//1228
f 1227//1229 1228//1229 1234//1229 1233//1229
f 1228//1230 1223//1230 1229//1230 1234//1230
f 1229//1231 1230//1231 1236//1231 1235//1231
f 1230//1232 1231//1232 1237//1232 1236//1232
f 1231//1233 1232//1233 1238//1233 1237//1233
f 1232//1234 1233//1234 1239//1234 1238//1234
f 1233//1235 1234//1235 1240//1235 1239//1235
f 1234//1236 1229//1236 1235//1236 1240//1236
f 1235//1237 1236//1237 1242//1237 1241//1237
f 1236//1238 1237//1238 1243//1238 1242//1238
f 1237//1239 1238//1239 1244//1239 1243//1239
f 1238//1240 1239//1240 1245//1240 1244//1240
f 1239//1241 1240//1241 1246//1241 1245//1241
f 1240//1242 1235//1242 1241//1242 1246//1242
f 1241//1243 1242//1243 1248//1243 1247//1243
f 1242//1244 1243//1244 1249//1244 1248//1244
f 1243//1245 1244//1245 1250//1245 1249//1245
f 1244//1246 1245//1246 1251//1246 1250//1246
f 1245//1247 1246//1247 1252//1247 1251//1247
f 1246//1248 1241//1248 1247//1248 1252//1248
f 1247//1249 1248//1249 1254//1249 1253//1249
f 1248//1250 1249//1250 1255//1250 1254//1250
f 1249//1251 1250//1251 1256//1251 1255//1251
f 1250//1252 1251//1252 1257//1252 1256//1252
f 1251//1253 1252//1253 1258//1253 1257//1253
f 1252//1254 1247//1254 1253//1254 1258//1254
f 1253//1255 1254//1255 1260//1255 1259//1255
f 1254//1256 1255//1256 1261//1256 1260//1256
f 1255//1257 1256//1257 1262//1257 1261//1257
f 1256//1258 1257//1258 1263//1258 1262//1258
f 1257//1259 1258//1259 1264//1259 1263//1259
f 1258//1260 1253//1260 1259//1260 1264//1260
f 1259//1261 1260//1261 1266//1261 1265//1261
f 1260//1262 1261//1262 1267//1262 1266//1262
f 1261//1263 1262//1263 1268//1263 1267//1263
f 1262//1264 1263//1264 1269//1264 1268//1264
f 1263//1265 1264//1265 1270//1265 1269//1265
f 1264//1266 1259//1266 1265//1266 1270//1266
f 1265//1267 1266//1267 1271//1267
f 1266//1268 1267//1268 1271//1268
f 1267//1269 1268//1269 1271//1269
f 1268//1270 1269//1270 1271//1270
f 1269//1271 1270//1271 1271//1271
f 1270//1272 1265//1272 1271//1272
f 1216//1273 1215//1273 1214//1273 1213//1273 1212//1273 1211//1273
f 1272//1274 1273//1274 1279//1274 1278//1274
f 1273//1275 1274//1275 1280//1275 1279//1275
f 1274//1276 1275//1276 1281//1276 1280//1276
f 1275//1277 1276//1277 1282//1277 1281//1277
f 1276//1278 1277//1278 1283//1278 1282//1278
f 1277//1279 1272//1279 1278//1279 1283//1279
f 1278//1280 1279//1280 1285//1280 1284//1280
f 1279//1281 1280//1281 1286//1281 1285//1281
f 1280//1282 1281//1282 1287//1282 1286//1282
f 1281//1283 1282//1283 1288//1283 1287//1283
f 1282//1284 1283//1284 1289//1284 1288//1284
f 1283//1285 1278//1285 1284//1285 1289//1285
f 1284//1286 1285//1286 1291//1286 1290//1286
f 1285//1287 1286//1287 1292//1287 1291//1287
f 1286//1288 1287//1288 1293//1288 1292//1288
f 1287//1289 1288//1289 1294//1289 1293//1289
f 1288//1290 1289//1290 1295//1290 1294//1290
f 1289//1291 1284//1291 1290//1291 1295//1291
f 1290//1292 1291//1292 1297//1292 1296//1292
f 1291//1293 1292//1293 1298//1293 1297//1293
f 1292//1294 1293//1294 1299//1294 1298//1294
f 1293//1295 1294//1295 1300//1295 1299//1295
f 1294//1296 1295//1296 1301//1296 1300//1296
f 1295//1297 1290//1297 1296//1297 1301//1297
f 1296//1298 1297//1298 1303//1298 1302//1298
f 1297//1299 1298//1299 1304//1299 1303//1299
f 1298//1300 1299//1300 1305//1300 1304//1300
f 1299//1301 1300//1301 1306//1301 1305//1301
f 1300//1302 1301//1302 1307//1302 1306//1302
f 1301//1303 1296//1303 1302//1303 1307//1303
f 1302//1304 1303//1304 1309//1304 1308//1304
f 1303//1305 1304//1305 1310//1305 1309//1305
f 1304//1306 1305//1306 1311//1306 1310//1306
f 1305//1307 1306//1307 1312//1307 1311//1307
f 1306//1308 1307//1308 1313//1308 1312//1308
f 1307//1309 1302//1309 1308//1309 1313//1309
f 1308//1310 1309//1310 1315//1310 1314//1310
f 1309//1311 1310//1311 1316//1311 1315//1311
f 1310//1312 1311//1312 1317//1312 1316//1312
f 1311//1313 1312//1313 1318//1313 1317//1313
f 1312//1314 1313//1314 1319//1314 1318//1314
f 1313//1315 1308//1315 1314//1315 1319//1315
f 1314//1316 1315//1316 1321//1316 1320//1316
f 1315//1317 1316//1317 1322//1317 1321//1317
f 1316//1318 1317//1318 1323//1318 1322//1318
f 1317//1319 1318//1319 1324//1319 1323//1319
f 1318//1320 1319//1320 1325//1320 1324//1320
f 1319//1321 1314//1321 1320//1321 1325//1321
f 1320//1322 1321//1322 1327//1322 1326//1322
f 1321//1323 1322//1323 1328//1323 1327//1323
f 1322//1324 1323//1324 1329//1324 1328//1324
f 1323//1325 1324//1325 1330//1325 1329//1325
f 1324//1326 1325//1326 1331//1326 1330//1326
f 1325//1327 1320//1327 1326//1327 1331//1327
f 1326//1328 1327//1328 1332//1328
f 1327//1329 1328//1329 1332//1329
f 1328//1330 1329//1330 1332//1330
f 1329//1331 1330//1331 1332//1331
f 1330//1332 1331//1332 1332//1332
f 1331//1333 1326//1333 1332//1333
f 1277//1334 1276//1334 1275//1334 1274//1334 1273//1334 1272//1334
f 1394//1396 1395//1396 1401//1396 1400//1396
f 1395//1397 1396//1397 1402//1397 1401//1397
f 1396//1398 1397//1398 1403//1398 1402//1398
f 1397//1399 1398//1399 1404//1399 1403//1399
f 1398//1400 1399//1400 1405//1400 1404//1400
f 1399//1401 1394//1401 1400//1401 1405//1401
f 1400//1402 1401//1402 1407//1402 1406//1402
f 1401//1403 1402//1403 1408//1403 1407//1403
f 1402//1404 1403//1404 1409//1404 1408//1404
f 1403//1405 1404//1405 1410//1405 1409//1405
f 1404//1406 1405//1406 1411//1406 1410//1406
f 1405//1407 1400//1407 1406//1407 1411//1407
f 1406//1408 1407//1408 1413//1408 1412//1408
f 1407//1409 1408//1409 1414//1409 1413//1409
f 1408//1410 1409//1410 1415//1410 1414//1410
f 1409//1411 1410//1411 1416//1411 1415//1411
f 1410//1412 1411//1412 1417//1412 1416//1412
f 1411//1413 1406//1413 1412//1413 1417//1413
f 1412//1414 1413//1414 1419//1414 1418//1414
f 1413//1415 1414//1415 1420//1415 1419//1415
f 1414//1416 1415//1416 1421//1416 1420//1416
f 1415//1417 1416//1417 1422//1417 1421//1417
f 1416//1418 1417//1418 1423//1418 1422//1418
f 1417//1419 1412//1419 1418//1419 1423//1419
f 1418//1420 1419//1420 1425//1420 1424//1420
f 1419//1421 1420//1421 1426//1421 1425//1421
f 1420//1422 1421//1422 1427//1422 1426//1422
f 1421//1423 1422//1423 1428//1423 1427//1423
f 1422//1424 1423//1424 1429//1424 1428//1424
f 1423//1425 1418//1425 1424//1425 1429//1425
f 1424//1426 1425//1426 1431//1426 1430//1426
f 1425//1427 1426//1427 1432//1427 1431//1427
f 1426//1428 1427//1428 1433//1428 1432//1428
f 1427//1429 1428//1429 1434//1429 1433//1429
f 1428//1430 1429//1430 1435//1430 1434//1430
f 1429//1431 1424//1431 1430//1431 1435//1431
f 1430//1432 1431//1432 1437//1432 1436//1432
f 1431//1433 1432//1433 1438//1433 1437//1433
f 1432//1434 1433//1434 1439//1434 1438//1434
f 1433//1435 1434//1435 1440//1435 1439//1435
f 1434//1436 1435//1436 1441//1436 1440//1436
f 1435//1437 1430//1437 1436//1437 1441//1437
f 1436//1438 1437//1438 1443//1438 1442//1438
f 1437//1439 1438//1439 1444//1439 1443//1439
f 1438//1440 1439//1440 1445//1440 1444//1440
f 1439//1441 1440//1441 1446//1441 1445//1441
f 1440//1442 1441//1442 1447//1442 1446//1442
f 1441//1443 1436//1443 1442//1443 1447//1443
f 1442//1444 1443//1444 1449//1444 1448//1444
f 1443//1445 1444//1445 1450//1445 1449//1445
f 1444//1446 1445//1446 1451//1446 1450//1446
f 1445//1447 1446//1447 1452//1447 1451//1447
f 1446//1448 1447//1448 1453//1448 1452//1448
f 1447//1449 1442//1449 1448//1449 1453//1449
f 1448//1450 1449//1450 1454//1450
f 1449//1451 1450//1451 1454//1451
f 1450//1452 1451//1452 1454//1452
f 1451//1453 1452//1453 1454//1453
f 1452//1454 1453//1454 1454//1454
f 1453//1455 1448//1455 1454//1455
f 1399//1456 1398//1456 1397//1456 1396//1456 1395//1456 1394//1456
f 1516//1518 1517//1518 1523//1518 1522//1518
f 1517//1519 1518//1519 1524//1519 1523//1519
f 1518//1520 1519//1520 1525//1520 1524//1520
f 1519//1521 1520//1521 1526//1521 1525//1521
f 1520//1522 1521//1522 1527//1522 1526//1522
f 1521//1523 1516//1523 1522//1523 1527//1523
f 1522//1524 1523//1524 1529//1524 1528//1524
f 1523//1525 1524//1525 1530//1525 1529//1525
f 1524//1526 1525//1526 1531//1526 1530//1526
f 1525//1527 1526//1527 1532//1527 1531//1527
f 1526//1528 1527//1528 1533//1528 1532//1528
f 1527//1529 1522//1529 1528//1529 1533//1529
f 1528//1530 1529//1530 1535//1530 1534//1530
f 1529//1531 1530//1531 1536//1531 1535//1531
f 1530//1532 1531//1532 1537//1532 1536//1532
f 1531//1533 1532//1533 1538//1533 1537//1533
f 1532//1534 1533//1534 1539//1534 1538//1534
f 1533//1535 1528//1535 1534//1535 1539//1535
f 1534//1536 1535//1536 1541//1536 1540//1536
f 1535//1537 1536//1537 1542//1537 1541//1537
f 1536//1538 1537//1538 1543//1538 1542//1538
f 1537//1539 1538//1539 1544//1539 1543//1539
f 1538//1540 1539//1540 1545//1540 1544//1540
f 1539//1541 1534//1541 1540//1541 1545//1541
f 1540//1542 1541//1542 1547//1542 1546//1542
f 1541//1543 1542//1543 1548//1543 1547//1543
f 1542//1544 1543//1544 1549//1544 1548//1544
f 1543//1545 1544//1545 1550//1545 1549//1545
f 1544//1546 1545//1546 1551//1546 1550//1546
f 1545//1547 1540//1547 1546//1547 1551//1547
f 1546//1548 1547//1548 1553//1548 1552//1548
f 1547//1549 1548//1549 1554//1549 1553//1549
f 1548//1550 1549//1550 1555//1550 1554//1550
f 1549//1551 1550//1551 1556//1551 1555//1551
f 1550//1552 1551//1552 1557//1552 1556//1552
f 1551//1553 1546//1553 1552//1553 1557//1553
f 1552//1554 1553//1554 1559//1554 1558//1554
f 1553//1555 1554//1555 1560//1555 1559//1555
f 1554//1556 1555//1556 1561//1556 1560//1556
f 1555//1557 1556//1557 1562//1557 1561//1557
f 1556//1558 1557//1558 1563//1558 1562//1558
f 1557//1559 1552//1559 1558//1559 1563//1559
f 1558//1560 1559//1560 1565//1560 1564//1560
f 1559//1561 1560//1561 1566//1561 1565//1561
f 1560//1562 1561//1562 1567//1562 1566//1562
f 1561//1563 1562//1563 1568//1563 1567//1563
f 1562//1564 1563//1564 1569//1564 1568//1564
f 1563//1565 1558//1565 1564//1565 1569//1565
f 1564//1566 1565//1566 1571//1566 1570//1566
f 1565//1567 1566//1567 1572//1567 1571//1567
f 1566//1568 1567//1568 1573//1568 1572//1568
f 1567//1569 1568//1569 1574//1569 1573//1569
f 1568//1570 1569//1570 1575//1570 1574//1570
f 1569//1571 1564//1571 1570//1571 1575//1571
f 1570//1572 1571//1572 1576//1572
f 1571//1573 1572//1573 1576//1573
f 1572//1574 1573//1574 1576//1574
f 1573//1575 1574//1575 1576//1575
f 1574//1576 1575//1576 1576//1576
f 1575//1577 1570//1577 1576//1577
f 1521//1578 1520//1578 1519//1578 1518//1578 1517//1578 1516//1578
f 1577//1579 1578//1579 1584//1579 1583//1579
f 1578//1580 1579//1580 1585//1580 1584//1580
f 1579//1581 1580//1581 1586//1581 1585//1581
f 1580//1582 1581//1582 1587//1582 1586//1582
f 1581//1583 1582//1583 1588//1583 1587//1583
f 1582//1584 1577//1584 1583//1584 1588//1584
f 1583//1585 1584//1585 1590//1585 1589//1585
f 1584//1586 1585//1586 1591//1586 1590//1586
f 1585//1587 1586//1587 1592//1587 1591//1587
f 1586//1588 1587//1588 1593//1588 1592//1588
f 1587//1589 1588//1589 1594//1589 1593//1589
f 1588//1590 1583//1590 1589//1590 1594//1590
f 1589//1591 1590//1591 1596//1591 1595//1591
f 1590//1592 1591//1592 1597//1592 1596//1592
f 1591//1593 1592//1593 1598//1593 1597//1593
f 1592//1594 1593//1594 1599//1594 1598//1594
f 1593//1595 1594//1595 1600//1595 1599//1595
f 1594//1596 1589//1596 1595//1596 1600//1596
f 1595//1597 1596//1597 1602//1597 1601//1597
f 1596//1598 1597//1598 1603//1598 1602//1598
f 1597//1599 1598//1599 1604//1599 1603//1599
f 1598//1600 1599//1600 1605//1600 1604//1600
f 1599//1601 1600//1601 1606//1601 1605//1601
f 1600//1602 1595//1602 1601//1602 1606//1602
f 1601//1603 1602//1603 1608//1603 1607//1603
f 1602//1604 1603//1604 1609//1604 1608//1604
f 1603//1605 1604//1605 1610//1605 1609//1605
f 1604//1606 1605//1606 1611//1606 1610//1606
f 1605//1607 1606//1607 1612//1607 1611//1607
f 1606//1608 1601//1608 1607//1608 1612//1608
f 1607//1609 1608//1609 1614//1609 1613//1609
f 1608//1610 1609//1610 1615//1610 1614//1610
f 1609//1611 1610//1611 1616//1611 1615//1611
f 1610//1612 1611//1612 1617//1612 1616//1612
f 1611//1613 1612//1613 1618//1613 1617//1613
f 1612//1614 1607//1614 1613//1614 1618//1614
f 1613//1615 1614//1615 1620//1615 1619//1615
f 1614//1616 1615//1616 1621//1616 1620//1616
f 1615//1617 1616//1617 1622//1617 1621//1617
f 1616//1618 1617//1618 1623//1618 1622//1618
f 1617//1619 1618//1619 1624//1619 1623//1619
f 1618//1620 1613//1620 1619//1620 1624//1620
f 1619//1621 1620//1621 1626//1621 1625//1621
f 1620//1622 1621//1622 1627//1622 1626//1622
f 1621//1623 1622//1623 1628//1623 1627//1623
f 1622//1624 1623//1624 1629//1624 1628//1624
f 1623//1625 1624//1625 1630//1625 1629//1625
f 1624//1626 1619//1626 1625//1626 1630//1626
f 1625//1627 1626//1627 1632//1627 1631//1627
f 1626//1628 1627//1628 1633//1628 1632//1628
f 1627//1629 1628//1629 1634//1629 1633//1629
f 1628//1630 1629//1630 1635//1630 1634//1630
f 1629//1631 1630//1631 1636//1631 1635//1631
f 1630//1632 1625//1632 1631//1632 1636//1632
f 1631//1633 1632//1633 1637//1633
f 1632//1634 1633//1634 1637//1634
f 1633//1635 1634//1635 1637//1635
f 1634//1636 1635//1636 1637//1636
f 1635//1637 1636//1637 1637//1637
f 1636//1638 1631//1638 1637//1638
f 1582//1639 1581//1639 1580//1639 1579//1639 1578//1639 1577//1639
f 1638//1640 1639//1640 1645//1640 1644//1640
f 1639//1641 1640//1641 1646//1641 1645//1641
f 1640//1642 1641//1642 1647//1642 1646//1642
f 1641//1643 1642//1643 1648//1643 1647//1643
f 1642//1644 1643//1644 1649//1644 1648//1644
f 1643//1645 1638//1645 1644//1645 1649//1645
f 1644//1646 1645//1646 1651//1646 1650//1646
f 1645//1647 1646//1647 1652//1647 1651//1647
f 1646//1648 1647//1648 1653//1648 1652//1648
f 1647//1649 1648//1649 1654//1649 1653//1649
f 1648//1650 1649//1650 1655//1650 1654//1650
f 1649//1651 1644//1651 1650//1651 1655//1651
f 1650//1652 1651//1652 1657//1652 1656//1652
f 1651//1653 1652//1653 1658//1653 1657//1653
f 1652//1654 1653//1654 1659//1654 1658//1654
f 1653//1655 1654//1655 1660//1655 1659//1655
f 1654//1656 1655//1656 1661//1656 1660//1656
f 1655//1657 1650//1657 1656//1657 1661//1657
f 1656//1658 1657//1658 1663//1658 1662//1658
f 1657//1659 1658//1659 1664//1659 1663//1659
f 1658//1660 1659//1660 1665//1660 1664//1660
f 1659//1661 1660//1661 1666//1661 1665//1661
f 1660//1662 1661//1662 1667//1662 1666//1662
f 1661//1663 1656//1663 1662//1663 1667//1663
f 1662//1664 1663//1664 1669//1664 1668//1664
f 1663//1665 1664//1665 1670//1665 1669//1665
f 1664//1666 1665//1666 1671//1666 1670//1666
f 1665//1667 1666//1667 1672//1667 1671//1667
f 1666//1668 1667//1668 1673//1668 1672//1668
f 1667//1669 1662//1669 1668//1669 1673//1669
f 1668//1670 1669//1670 1675//1670 1674//1670
f 1669//1671 1670//1671 1676//1671 1675//1671
f 1670//1672 1671//1672 1677//1672 1676//1672
f 1671//1673 1672//1673 1678//1673 1677//1673
f 1672//1674 1673//1674 1679//1674 1678//1674
f 1673//1675 1668//1675 1674//1675 1679//1675
f 1674//1676 1675//1676 1680//1676
f 1675//1677 1676//1677 1680//1677
f 1676//1678 1677//1678 1680//1678
f 1677//1679 1678//1679 1680//1679
f 1678//1680 1679//1680 1680//1680
f 1679//1681 1674//1681 1680//1681
f 1643//1682 1642//1682 1641//1682 1640//1682 1639//1682 1638//1682
f 1681//1683 1682//1683 1688//1683 1687//1683
f 1682//1684 1683//1684 1689//1684 1688//1684
f 1683//1685 1684//1685 1690//1685 1689//1685
f 1684//1686 1685//1686 1691//1686 1690//1686
f 1685//1687 1686//1687 1692//1687 1691//1687
f 1686//1688 1681//1688 1687//1688 1692//1688
f 1687//1689 1688//1689 1694//1689 1693//1689
f 1688//1690 1689//1690 1695//1690 1694//1690
f 1689//1691 1690//1691 1696//1691 1695//1691
f 1690//1692 1691//1692 1697//1692 1696//1692
f 1691//1693 1692//1693 1698//1693 1697//1693
f 1692//1694 1687//1694 1693//1694 1698//1694
f 1693//1695 1694//1695 1700//1695 1699//1695
f 1694//1696 1695//1696 1701//1696 1700//1696
f 1695//1697 1696//1697 1702//1697 1701//1697
f 1696//1698 1697//1698 1703//1698 1702//1698
f 1697//1699 1698//1699 1704//1699 1703//1699
f 1698//1700 1693//1700 1699//1700 1704//1700
f 1699//1701 1700//1701 1706//1701 1705//1701
f 1700//1702 1701//1702 1707//1702 1706//1702
f 1701//1703 1702//1703 1708//1703 1707//1703
f 1702//1704 1703//1704 1709//1704 1708//1704
f 1703//1705 1704//1705 1710//1705 1709//1705
f 1704//1706 1699//1706 1705//1706 1710//1706
f 1705//1707 1706//1707 1712//1707 1711//1707
f 1706//1708 1707//1708 1713//1708 1712//1708
f 1707//1709 1708//1709 1714//1709 1713//1709
f 1708//1710 1709//1710 1715//1710 1714//1710
f 1709//1711 1710//1711 1716//1711 1715//1711
f 1710//1712 1705//1712 1711//1712 1716//1712
f 1711//1713 1712//1713 1718//1713 1717//1713
f 1712//1714 1713//1714 1719//1714 1718//1714
f 1713//1715 1714//1715 1720//1715 1719//1715
f 1714//1716 1715//1716 1721//1716 1720//1716
f 1715//1717 1716//1717 1722//1717 1721//1717
f 1716//1718 1711//1718 1717//1718 1722//1718
f 1717//1719 1718//1719 1723//1719
f 1718//1720 1719//1720 1723//1720
f 1719//1721 1720//1721 1723//1721
f 1720//1722 1721//1722 1723//1722
f 1721//1723 1722//1723 1723//1723
f 1722//1724 1717//1724 1723//1724
f 1686//1725 1685//1725 1684//1725 1683//1725 1682//1725 1681//1725
f 1724//1726 1725//1726 1731//1726 1730//1726
f 1725//1727 1726//1727 1732//1727 1731//1727
f 1726//1728 1727//1728 1733//1728 1732//1728
f 1727//1729 1728//1729 1734//1729 1733//1729
f 1728//1730 1729//1730 1735//1730 1734//1730
f 1729//1731 1724//1731 1730//1731 1735//1731
f 1730//1732 1731//1732 1737//1732 1736//1732
f 1731//1733 1732//1733 1738//1733 1737//1733
f 1732//1734 1733//1734 1739//1734 1738//1734
f 1733//1735 1734//1735 1740//1735 1739//1735
f 1734//1736 1735//1736 1741//1736 1740//1736
f 1735//1737 1730//1737 1736//1737 1741//1737
f 1736//1738 1737//1738 1743//1738 1742//1738
f 1737//1739 1738//1739 1744//1739 1743//1739
f 1738//1740 1739//1740 1745//1740 1744//1740
f 1739//1741 1740//1741 1746//1741 1745//1741
f 1740//1742 1741//1742 1747//1742 1746//1742
f 1741//1743 1736//1743 1742//1743 1747//1743
f 1742//1744 1743//1744 1749//1744 1748//1744
f 1743//1745 1744//1745 1750//1745 1749//1745
f 1744//1746 1745//1746 1751//1746 1750//1746
f 1745//1747 1746//1747 1752//1747 1751//1747
f 1746//1748 1747//1748 1753//1748 1752//1748
f 1747//1749 1742//1749 1748//1749 1753//1749
f 1748//1750 1749//1750 1755//1750 1754//1750
f 1749//1751 1750//1751 1756//1751 1755//1751
f 1750//1752 1751//1752 1757//1752 1756//1752
f 1751//1753 1752//1753 1758//1753 1757//1753
f 1752//1754 1753//1754 1759//1754 1758//1754
f 1753//1755 1748//1755 1754//1755 1759//1755
f 1754//1756 1755//1756 1761//1756 1760//1756
f 1755//1757 1756//1757 1762//1757 1761//1757
f 1756//1758 1757//1758 1763//1758 1762//1758
f 1757//1759 1758//1759 1764//1759 1763//1759
f 1758//1760 1759//1760 1765//1760 1764//1760
f 1759//1761 1754//1761 1760//1761 1765//1761
f 1760//1762 1761//1762 1766//1762
f 1761//1763 1762//1763 1766//1763
f 1762//1764 1763//1764 1766//1764
f 1763//1765 1764//1765 1766//1765
f 1764//1766 1765//1766 1766//1766
f 1765//1767 1760//1767 1766//1767
f 1729//1768 1728//1768 1727//1768 1726//1768 1725//1768 1724//1768
f 1767//1769 1768//1769 1774//1769 1773//1769
f 1768//1770 1769//1770 1775//1770 1774//1770
f 1769//1771 1770//1771 1776//1771 1775//1771
f 1770//1772 1771//1772 1777//1772 1776//1772
f 1771//1773 1772//1773 1778//1773 1777//1773
f 1772//1774 1767//1774 1773//1774 1778//1774
f 1773//1775 1774//1775 1780//1775 1779//1775
f 1774//1776 1775//1776 1781//1776 1780//1776
f 1775//1777 1776//1777 1782//1777 1781//1777
f 1776//1778 1777//1778 1783//1778 1782//1778
f 1777//1779 1778//1779 1784//1779 1783//1779
f 1778//1780 1773//1780 1779//1780 1784//1780
f 1779//1781 1780//1781 1786//1781 1785//1781
f 1780//1782 1781//1782 1787//1782 1786//1782
f 1781//1783 1782//1783 1788//1783 1787//1783
f 1782//1784 1783//1784 1789//1784 1788//1784
f 1783//1785 1784//1785 1790//1785 1789//1785
f 1784//1786 1779//1786 1785//1786 1790//1786
f 1785//1787 1786//1787 1792//1787 1791//1787
f 1786//1788 1787//1788 1793//1788 1792//1788
f 1787//1789 1788//1789 1794//1789 1793//1789
f 1788//1790 1789//1790 1795//1790 1794//1790
f 1789//1791 1790//1791 1796//1791 1795//1791
f 1790//1792 1785//1792 1791//1792 1796//1792
f 1791//1793 1792//1793 1798//1793 1797//1793
f 1792//1794 1793//1794 1799//1794 1798//1794
f 1793//1795 1794//1795 1800//1795 1799//1795
f 1794//1796 1795//1796 1801//1796 1800//1796
f 1795//1797 1796//1797 1802//1797 1801//1797
f 1796//1798 1791//1798 1797//1798 1802//1798
f 1797//1799 1798//1799 1804//1799 1803//1799
f 1798//1800 1799//1800 1805//1800 1804//1800
f 1799//1801 1800//1801 1806//1801 1805//1801
f 1800//1802 1801//1802 1807//1802 1806//1802
f 1801//1803 1802//1803 1808//1803 1807//1803
f 1802//1804 1797//1804 1803//1804 1808//1804
f 1803//1805 1804//1805 1809//1805
f 1804//1806 1805//1806 1809//1806
f 1805//1807 1806//1807 1809//1807
f 1806//1808 1807//1808 1809//1808
f 1807//1809 1808//1809 1809//1809
f 1808//1810 1803//1810 1809//1810
f 1772//1811 1771//1811 1770//1811 1769//1811 1768//1811 1767//1811
f 1810//1812 1811//1812 1817//1812 1816//1812
f 1811//1813 1812//1813 1818//1813 1817//1813
f 1812//1814 1813//1814 1819//1814 1818//1814
f 1813//1815 1814//1815 1820//1815 1819//1815
f 1814//1816 1815//1816 1821//1816 1820//1816
f 1815//1817 1810//1817 1816//1817 1821//1817
f 1816//1818 1817//1818 1823//1818 1822//1818
f 1817//1819 1818//1819 1824//1819 1823//1819
f 1818//1820 1819//1820 1825//1820 1824//1820
f 1819//1821 1820//1821 1826//1821 1825//1821
f 1820//1822 1821//1822 1827//1822 1826//1822
f 1821//1823 1816//1823 1822//1823 1827//1823
f 1822//1824 1823//1824 1829//1824 1828//1824
f 1823//1825 1824//1825 1830//1825 1829//1825
f 1824//1826 1825//1826 1831//1826 1830//1826
f 1825//1827 1826//1827 1832//1827 1831//1827
f 1826//1828 1827//1828 1833//1828 1832//1828
f 1827//1829 1822//1829 1828//1829 1833//1829
f 1828//1830 1829//1830 1835//1830 1834//1830
f 1829//1831 1830//1831 1836//1831 1835//1831
f 1830//1832 1831//1832 1837//1832 1836//1832
f 1831//1833 1832//1833 1838//1833 1837//1833
f 1832//1834 1833//1834 1839//1834 1838//1834
f 1833//1835 1828//1835 1834//1835 1839//1835
f 1834//1836 1835//1836 1841//1836 1840//1836
f 1835//1837 1836//1837 1842//1837 1841//1837
f 1836//1838 1837//1838 1843//1838 1842//1838
f 1837//1839 1838//1839 1844//1839 1843//1839
f 1838//1840 1839//1840 1845//1840 1844//1840
f 1839//1841 1834//1841 1840//1841 1845//1841
f 1840//1842 1841//1842 1847//1842 1846//1842
f 1841//1843 1842//1843 1848//1843 1847//1843
f 1842//1844 1843//1844 1849//1844 1848//1844
f 1843//1845 1844//1845 1850//1845 1849//1845
f 1844//1846 1845//1846 1851//1846 1850//1846
f 1845//1847 1840//1847 1846//1847 1851//1847
f 1846//1848 1847//1848 1852//1848
f 1847//1849 1848//1849 1852//1849
f 1848//1850 1849//1850 1852//1850
f 1849//1851 1850//1851 1852//1851
f 1850//1852 1851//1852 1852//1852
f 1851//1853 1846//1853 1852//1853
f 1815//1854 1814//1854 1813//1854 1812//1854 1811//1854 1810//1854
f 1853//1855 1854//1855 1860//1855 1859//1855
f 1854//1856 1855//1856 1861//1856 1860//1856
f 1855//1857 1856//1857 1862//1857 1861//1857
f 1856//1858 1857//1858 1863//1858 1862//1858
f 1857//1859 1858//1859 1864//1859 1863//1859
f 1858//1860 1853//1860 1859//1860 1864//1860
f 1859//1861 1860//1861 1866//1861 1865//1861
f 1860//1862 1861//1862 1867//1862 1866//1862
f 1861//1863 1862//1863 1868//1863 1867//1863
f 1862//1864 1863//1864 1869//1864 1868//1864
f 1863//1865 1864//1865 1870//1865 1869//1865
f 1864//1866 1859//1866 1865//1866 1870//1866
f 1865//1867 1866//1867 1872//1867 1871//1867
f 1866//1868 1867//1868 1873//1868 1872//1868
f 1867//1869 1868//1869 1874//1869 1873//1869
f 1868//1870 1869//1870 1875//1870 1874//1870
f 1869//1871 1870//1871 1876//1871 1875//1871
f 1870//1872 1865//1872 1871//1872 1876//1872
f 1871//1873 1872//1873 1878//1873 1877//1873
f 1872//1874 1873//1874 1879//1874 1878//1874
f 1873//1875 1874//1875 1880//1875 1879//1875
f 1874//1876 1875//1876 1881//1876 1880//1876
f 1875//1877 1876//1877 1882//1877 1881//1877
f 1876//1878 1871//1878 1877//1878 1882//1878
f 1877//1879 1878//1879 1884//1879 1883//1879
f 1878//1880 1879//1880 1885//1880 1884//1880
f 1879//1881 1880//1881 1886//1881 1885//1881
f 1880//1882 1881//1882 1887//1882 1886//1882
f 1881//1883 1882//1883 1888//1883 1887//1883
f 1882//1884 1877//1884 1883//1884 1888//1884
f 1883//1885 1884//1885 1890//1885 1889//1885
f 1884//1886 1885//1886 1891//1886 1890//1886
f 1885//1887 1886//1887 1892//1887 1891//1887
f 1886//1888 1887//1888 1893//1888 1892//1888
f 1887//1889 1888//1889 1894//1889 1893//1889
f 1888//1890 1883//1890 1889//1890 1894//1890
f 1889//1891 1890//1891 1895//1891
f 1890//1892 1891//1892 1895//1892
f 1891//1893 1892//1893 1895//1893
f 1892//1894 1893//1894 1895//1894
f 1893//1895 1894//1895 1895//1895
f 1894//1896 1889//1896 1895//1896
f 1858//1897 1857//1897 1856//1897 1855//1897 1854//1897 1853//1897
f 1896//1898 1897//1898 1903//1898 1902//1898
f 1897//1899 1898//1899 1904//1899 1903//1899
f 1898//1900 1899//1900 1905//1900 1904//1900
f 1899//1901 1900//1901 1906//1901 1905//1901
f 1900//1902 1901//1902 1907//1902 1906//1902
f 1901//1903 1896//1903 1902//1903 1907//1903
f 1902//1904 1903//1904 1909//1904 1908//1904
f 1903//1905 1904//1905 1910//1905 1909//1905
f 1904//1906 1905//1906 1911//1906 1910//1906
f 1905//1907 1906//1907 1912//1907 1911//1907
f 1906//1908 1907//1908 1913//1908 1912//1908
f 1907//1909 1902//1909 1908//1909 1913//1909
f 1908//1910 1909//1910 1915//1910 1914//1910
f 1909//1911 1910//1911 1916//1911 1915//1911
f 1910//1912 1911//1912 1917//1912 1916//1912
f 1911//1913 1912//1913 1918//1913 1917//1913
f 1912//1914 1913//1914 1919//1914 1918//1914
f 1913//1915 1908//1915 1914//1915 1919//1915
f 1914//1916 1915//1916 1921//1916 1920//1916
f 1915//1917 1916//1917 1922//1917 1921//1917
f 1916//1918 1917//1918 1923//1918 1922//1918
f 1917//1919 1918//1919 1924//1919 1923//1919
f 1918//1920 1919//1920 1925//1920 1924//1920
f 1919//1921 1914//1921 1920//1921 1925//1921
f 1920//1922 1921//1922 1927//1922 1926//1922
f 1921//1923 1922//1923 1928//1923 1927//1923
f 1922//1924 1923//1924 1929//1924 1928//1924
f 1923//1925 1924//1925 1930//1925 1929//1925
f 1924//1926 1925//1926 1931//1926 1930//1926
f 1925//1927 1920//1927 1926//1927 1931//1927
f 1926//1928 1927//1928 1933//1928 1932//1928
f 1927//1929 1928//1929 1934//1929 1933//1929
f 1928//1930 1929//1930 1935//1930 1934//1930
f 1929//1931 1930//1931 1936//1931 1935//1931
f 1930//1932 1931//1932 1937//1932 1936//1932
f 1931//1933 1926//1933 1932//1933 1937//1933
f 1932//1934 1933//1934 1938//1934
f 1933//1935 1934//1935 1938//1935
f 1934//1936 1935//1936 1938//1936
f 1935//1937 1936//1937 1938//1937
f 1936//1938 1937//1938 1938//1938
f 1937//1939 1932//1939 1938//1939
f 1901//1940 1900//1940 1899//1940 1898//1940 1897//1940 1896//1940
o Rudeus_Clothes
v -0.120000 0.860000 0.000000
v -0.103923 0.860000 0.042000
v -0.060000 0.860000 0.072746
v -0.000000 0.860000 0.084000
v 0.060000 0.860000 0.072746
v 0.103923 0.860000 0.042000
v 0.120000 0.860000 0.000000
v 0.103923 0.860000 -0.042000
v 0.060000 0.860000 -0.072746
v 0.000000 0.860000 -0.084000
v -0.060000 0.860000 -0.072746
v -0.103923 0.860000 -0.042000
v -0.118000 0.950000 0.000000
v -0.102191 0.950000 0.042000
v -0.059000 0.950000 0.072746
v -0.000000 0.950000 0.084000
v 0.059000 0.950000 0.072746
v 0.102191 0.950000 0.042000
v 0.118000 0.950000 0.000000
v 0.102191 0.950000 -0.042000
v 0.059000 0.950000 -0.072746
v 0.000000 0.950000 -0.084000
v -0.059000 0.950000 -0.072746
v -0.102191 0.950000 -0.042000
v -0.134000 1.080000 0.000000
v -0.116047 1.080000 0.045000
v -0.067000 1.080000 0.077942
v -0.000000 1.080000 0.090000
v 0.067000 1.080000 0.077942
v 0.116047 1.080000 0.045000
v 0.134000 1.080000 0.000000
v 0.116047 1.080000 -0.045000
v 0.067000 1.080000 -0.077942
v 0.000000 1.080000 -0.090000
v -0.067000 1.080000 -0.077942
v -0.116047 1.080000 -0.045000
v -0.148000 1.190000 -0.006000
v -0.128172 1.190000 0.036000
v -0.074000 1.190000 0.066746
v -0.000000 1.190000 0.078000
v 0.074000 1.190000 0.066746
v 0.128172 1.190000 0.036000
v 0.148000 1.190000 -0.006000
v 0.128172 1.190000 -0.048000
v 0.074000 1.190000 -0.078746
v 0.000000 1.190000 -0.090000
v -0.074000 1.190000 -0.078746
v -0.128172 1.190000 -0.048000
v -0.122000 1.250000 -0.010000
v -0.105655 1.250000 0.026000
v -0.061000 1.250000 0.052354
v -0.000000 1.250000 0.062000
v 0.061000 1.250000 0.052354
v 0.105655 1.250000 0.026000
v 0.122000 1.250000 -0.010000
v 0.105655 1.250000 -0.046000
v 0.061000 1.250000 -0.072354
v 0.000000 1.250000 -0.082000
v -0.061000 1.250000 -0.072354
v -0.105655 1.250000 -0.046000
v -0.048000 1.300000 -0.012000
v -0.041569 1.300000 0.010000
v -0.024000 1.300000 0.026105
v -0.000000 1.300000 0.032000
v 0.024000 1.300000 0.026105
v 0.041569 1.300000 0.010000
v 0.048000 1.300000 -0.012000
v 0.041569 1.300000 -0.034000
v 0.024000 1.300000 -0.050105
v 0.000000 1.300000 -0.056000
v -0.024000 1.300000 -0.050105
v -0.041569 1.300000 -0.034000
v 0.122000 0.985000 0.000000
v 0.105655 0.985000 0.044000
v 0.061000 0.985000 0.076210
v 0.000000 0.985000 0.088000
v -0.061000 0.985000 0.076210
v -0.105655 0.985000 0.044000
v -0.122000 0.985000 0.000000
v -0.105655 0.985000 -0.044000
v -0.061000 0.985000 -0.076210
v -0.000000 0.985000 -0.088000
v 0.061000 0.985000 -0.076210
v 0.105655 0.985000 -0.044000
v 0.138000 0.870000 0.000000
v 0.119512 0.870000 0.047500
v 0.069000 0.870000 0.082272
v 0.000000 0.870000 0.095000
v -0.069000 0.870000 0.082272
v -0.119512 0.870000 0.047500
v -0.138000 0.870000 0.000000
v -0.119512 0.870000 -0.047500
v -0.069000 0.870000 -0.082272
v -0.000000 0.870000 -0.095000
v 0.069000 0.870000 -0.082272
v 0.119512 0.870000 -0.047500
v 0.130000 0.780000 0.000000
v 0.112583 0.780000 0.045000
v 0.065000 0.780000 0.077942
v 0.000000 0.780000 0.090000
v -0.065000 0.780000 0.077942
v -0.112583 0.780000 0.045000
v -0.130000 0.780000 0.000000
v -0.112583 0.780000 -0.045000
v -0.065000 0.780000 -0.077942
v -0.000000 0.780000 -0.090000
v 0.065000 0.780000 -0.077942
v 0.112583 0.780000 -0.045000
v 0.060000 0.715000 0.000000
v 0.051962 0.715000 0.027500
v 0.030000 0.715000 0.047631
v 0.000000 0.715000 0.055000
v -0.030000 0.715000 0.047631
v -0.051962 0.715000 0.027500
v -0.060000 0.715000 0.000000
v -0.051962 0.715000 -0.027500
v -0.030000 0.715000 -0.047631
v -0.000000 0.715000 -0.055000
v 0.030000 0.715000 -0.047631
v 0.051962 0.715000 -0.027500
v -0.012016 0.858511 0.000000
v -0.032487 0.860210 0.049481
v -0.081962 0.861786 0.069977
v -0.131459 0.862316 0.049481
v -0.151984 0.861489 -0.000000
v -0.131513 0.859790 -0.049481
v -0.082038 0.858214 -0.069977
v -0.032541 0.857684 -0.049481
v -0.024019 0.623464 0.006000
v -0.042434 0.625216 0.050529
v -0.086955 0.626842 0.068973
v -0.131503 0.627389 0.050529
v -0.149981 0.626536 0.006000
v -0.131566 0.624784 -0.038529
v -0.087045 0.623158 -0.056973
v -0.042497 0.622611 -0.038529
v -0.038015 0.448712 0.012000
v -0.053827 0.449095 0.050184
v -0.092000 0.450009 0.066000
v -0.130173 0.450917 0.050184
v -0.145985 0.451288 0.012000
v -0.130173 0.450905 -0.026184
v -0.092000 0.449991 -0.042000
v -0.053827 0.449083 -0.026184
v -0.045107 0.326660 0.006050
v -0.059486 0.325226 0.040657
v -0.094141 0.325123 0.054992
v -0.128772 0.326413 0.040657
v -0.143093 0.328340 0.006050
v -0.128714 0.329774 -0.028557
v -0.094059 0.329876 -0.042892
v -0.059428 0.328587 -0.028557
v -0.055726 0.232314 0.001460
v -0.067463 0.231143 0.029711
v -0.095753 0.231060 0.041413
v -0.124024 0.232113 0.029711
v -0.135714 0.233686 0.001460
v -0.123977 0.234857 -0.026791
v -0.095687 0.234940 -0.038493
v -0.067416 0.233887 -0.026791
v -0.041024 0.299336 0.025248
v -0.076743 0.298396 0.060955
v -0.127257 0.298396 0.060955
v -0.162976 0.299336 0.025248
v -0.162976 0.300664 -0.025248
v -0.127257 0.301604 -0.060955
v -0.076743 0.301604 -0.060955
v -0.041024 0.300664 -0.025248
v -0.043796 0.261259 0.023098
v -0.077891 0.260210 0.057177
v -0.126109 0.260210 0.057177
v -0.160204 0.261259 0.023098
v -0.160204 0.262741 -0.025098
v -0.126109 0.263790 -0.059177
v -0.077891 0.263790 -0.059177
v -0.043796 0.262741 -0.025098
v -0.049339 0.168719 0.017775
v -0.080187 0.166908 0.048570
v -0.123813 0.166908 0.048570
v -0.154661 0.168719 0.017775
v -0.154661 0.171281 -0.025775
v -0.123813 0.173092 -0.056570
v -0.080187 0.173092 -0.056570
v -0.049339 0.171281 -0.025775
v -0.053958 0.073330 0.007829
v -0.082100 0.070969 0.035872
v -0.121900 0.070969 0.035872
v -0.150042 0.073330 0.007829
v -0.150042 0.076670 -0.031829
v -0.121900 0.079031 -0.059872
v -0.082100 0.079031 -0.059872
v -0.053958 0.076670 -0.031829
v -0.053001 0.016000 -0.054434
v -0.053001 0.081000 -0.054434
v -0.069676 0.113500 -0.056482
v -0.119700 0.113500 -0.062624
v -0.136375 0.081000 -0.064671
v -0.136375 0.016000 -0.064671
v -0.049935 0.016000 -0.013757
v -0.049935 0.094000 -0.013757
v -0.069786 0.133000 -0.016195
v -0.129339 0.133000 -0.023507
v -0.149190 0.094000 -0.025944
v -0.149190 0.016000 -0.025944
v -0.054496 0.016000 0.056208
v -0.054496 0.074500 0.056208
v -0.075935 0.103750 0.053576
v -0.140252 0.103750 0.045679
v -0.161691 0.074500 0.043046
v -0.161691 0.016000 0.043046
v -0.067763 0.016000 0.115030
v -0.067763 0.060200 0.115030
v -0.086820 0.082300 0.112690
v -0.143991 0.082300 0.105670
v -0.163048 0.060200 0.103330
v -0.163048 0.016000 0.103330
v -0.089895 0.016000 0.147575
v -0.089895 0.047200 0.147575
v -0.101805 0.062800 0.146113
v -0.137537 0.062800 0.141726
v -0.149447 0.047200 0.140263
v -0.149447 0.016000 0.140263
v -0.046071 0.000000 -0.061643
v -0.046071 0.018000 -0.061643
v -0.141355 0.018000 -0.073343
v -0.141355 0.000000 -0.073343
v -0.046417 0.000000 0.006825
v -0.046417 0.018000 0.006825
v -0.157583 0.018000 -0.006825
v -0.157583 0.000000 -0.006825
v -0.061808 0.000000 0.115761
v -0.061808 0.018000 0.115761
v -0.169003 0.018000 0.102599
v -0.169003 0.000000 0.102599
v -0.084792 0.000000 0.155254
v -0.084792 0.018000 0.155254
v -0.156256 0.018000 0.146480
v -0.156256 0.000000 0.146480
v -0.037328 0.320784 0.026760
v -0.075212 0.319063 0.064605
v -0.128788 0.319063 0.064605
v -0.166672 0.320784 0.026760
v -0.166672 0.323216 -0.026760
v -0.128788 0.324937 -0.064605
v -0.075212 0.324937 -0.064605
v -0.037328 0.323216 -0.026760
v -0.033633 0.299476 0.027314
v -0.073681 0.298734 0.067355
v -0.130319 0.298734 0.067355
v -0.170367 0.299476 0.027314
v -0.170367 0.300524 -0.029314
v -0.130319 0.301266 -0.069355
v -0.073681 0.301266 -0.069355
v -0.033633 0.300524 -0.029314
v -0.036405 0.268000 0.026171
v -0.074829 0.268000 0.064595
v -0.129171 0.268000 0.064595
v -0.167595 0.268000 0.026171
v -0.167595 0.268000 -0.028171
v -0.129171 0.268000 -0.066595
v -0.074829 0.268000 -0.066595
v -0.036405 0.268000 -0.028171
v -0.050263 0.124027 0.013408
v -0.080570 0.122651 0.043684
v -0.123430 0.122651 0.043684
v -0.153737 0.124027 0.013408
v -0.153737 0.125973 -0.029408
v -0.123430 0.127349 -0.059684
v -0.080570 0.127349 -0.059684
v -0.050263 0.125973 -0.029408
v -0.050263 0.102027 0.012408
v -0.080570 0.100651 0.042684
v -0.123430 0.100651 0.042684
v -0.153737 0.102027 0.012408
v -0.153737 0.103973 -0.030408
v -0.123430 0.105349 -0.060684
v -0.080570 0.105349 -0.060684
v -0.050263 0.103973 -0.030408
v 0.151984 0.861489 -0.000000
v 0.131459 0.862316 0.049481
v 0.081962 0.861786 0.069977
v 0.032487 0.860210 0.049481
v 0.012016 0.858511 0.000000
v 0.032541 0.857684 -0.049481
v 0.082038 0.858214 -0.069977
v 0.131513 0.859790 -0.049481
v 0.149981 0.626536 0.006000
v 0.131503 0.627389 0.050529
v 0.086955 0.626842 0.068973
v 0.042434 0.625216 0.050529
v 0.024019 0.623464 0.006000
v 0.042497 0.622611 -0.038529
v 0.087045 0.623158 -0.056973
v 0.131566 0.624784 -0.038529
v 0.145985 0.451288 0.012000
v 0.130173 0.450917 0.050184
v 0.092000 0.450009 0.066000
v 0.053827 0.449095 0.050184
v 0.038015 0.448712 0.012000
v 0.053827 0.449083 -0.026184
v 0.092000 0.449991 -0.042000
v 0.130173 0.450905 -0.026184
v 0.143093 0.328340 0.006050
v 0.128772 0.326413 0.040657
v 0.094141 0.325123 0.054992
v 0.059486 0.325226 0.040657
v 0.045107 0.326660 0.006050
v 0.059428 0.328587 -0.028557
v 0.094059 0.329876 -0.042892
v 0.128714 0.329774 -0.028557
v 0.135714 0.233686 0.001460
v 0.124024 0.232113 0.029711
v 0.095753 0.231060 0.041413
v 0.067463 0.231143 0.029711
v 0.055726 0.232314 0.001460
v 0.067416 0.233887 -0.026791
v 0.095687 0.234940 -0.038493
v 0.123977 0.234857 -0.026791
v 0.162976 0.299336 0.025248
v 0.127257 0.298396 0.060955
v 0.076743 0.298396 0.060955
v 0.041024 0.299336 0.025248
v 0.041024 0.300664 -0.025248
v 0.076743 0.301604 -0.060955
v 0.127257 0.301604 -0.060955
v 0.162976 0.300664 -0.025248
v 0.160204 0.261259 0.023098
v 0.126109 0.260210 0.057177
v 0.077891 0.260210 0.057177
v 0.043796 0.261259 0.023098
v 0.043796 0.262741 -0.025098
v 0.077891 0.263790 -0.059177
v 0.126109 0.263790 -0.059177
v 0.160204 0.262741 -0.025098
v 0.154661 0.168719 0.017775
v 0.123813 0.166908 0.048570
v 0.080187 0.166908 0.048570
v 0.049339 0.168719 0.017775
v 0.049339 0.171281 -0.025775
v 0.080187 0.173092 -0.056570
v 0.123813 0.173092 -0.056570
v 0.154661 0.171281 -0.025775
v 0.150042 0.073330 0.007829
v 0.121900 0.070969 0.035872
v 0.082100 0.070969 0.035872
v 0.053958 0.073330 0.007829
v 0.053958 0.076670 -0.031829
v 0.082100 0.079031 -0.059872
v 0.121900 0.079031 -0.059872
v 0.150042 0.076670 -0.031829
v 0.136375 0.016000 -0.064671
v 0.136375 0.081000 -0.064671
v 0.119700 0.113500 -0.062624
v 0.069676 0.113500 -0.056482
v 0.053001 0.081000 -0.054434
v 0.053001 0.016000 -0.054434
v 0.149190 0.016000 -0.025944
v 0.149190 0.094000 -0.025944
v 0.129339 0.133000 -0.023507
v 0.069786 0.133000 -0.016195
v 0.049935 0.094000 -0.013757
v 0.049935 0.016000 -0.013757
v 0.161691 0.016000 0.043046
v 0.161691 0.074500 0.043046
v 0.140252 0.103750 0.045679
v 0.075935 0.103750 0.053576
v 0.054496 0.074500 0.056208
v 0.054496 0.016000 0.056208
v 0.163048 0.016000 0.103330
v 0.163048 0.060200 0.103330
v 0.143991 0.082300 0.105670
v 0.086820 0.082300 0.112690
v 0.067763 0.060200 0.115030
v 0.067763 0.016000 0.115030
v 0.149447 0.016000 0.140263
v 0.149447 0.047200 0.140263
v 0.137537 0.062800 0.141726
v 0.101805 0.062800 0.146113
v 0.089895 0.047200 0.147575
v 0.089895 0.016000 0.147575
v 0.141355 0.000000 -0.073343
v 0.141355 0.018000 -0.073343
v 0.046071 0.018000 -0.061643
v 0.046071 0.000000 -0.061643
v 0.157583 0.000000 -0.006825
v 0.157583 0.018000 -0.006825
v 0.046417 0.018000 0.006825
v 0.046417 0.000000 0.006825
v 0.169003 0.000000 0.102599
v 0.169003 0.018000 0.102599
v 0.061808 0.018000 0.115761
v 0.061808 0.000000 0.115761
v 0.156256 0.000000 0.146480
v 0.156256 0.018000 0.146480
v 0.084792 0.018000 0.155254
v 0.084792 0.000000 0.155254
v 0.166672 0.320784 0.026760
v 0.128788 0.319063 0.064605
v 0.075212 0.319063 0.064605
v 0.037328 0.320784 0.026760
v 0.037328 0.323216 -0.026760
v 0.075212 0.324937 -0.064605
v 0.128788 0.324937 -0.064605
v 0.166672 0.323216 -0.026760
v 0.170367 0.299476 0.027314
v 0.130319 0.298734 0.067355
v 0.073681 0.298734 0.067355
v 0.033633 0.299476 0.027314
v 0.033633 0.300524 -0.029314
v 0.073681 0.301266 -0.069355
v 0.130319 0.301266 -0.069355
v 0.170367 0.300524 -0.029314
v 0.167595 0.268000 0.026171
v 0.129171 0.268000 0.064595
v 0.074829 0.268000 0.064595
v 0.036405 0.268000 0.026171
v 0.036405 0.268000 -0.028171
v 0.074829 0.268000 -0.066595
v 0.129171 0.268000 -0.066595
v 0.167595 0.268000 -0.028171
v 0.153737 0.124027 0.013408
v 0.123430 0.122651 0.043684
v 0.080570 0.122651 0.043684
v 0.050263 0.124027 0.013408
v 0.050263 0.125973 -0.029408
v 0.080570 0.127349 -0.059684
v 0.123430 0.127349 -0.059684
v 0.153737 0.125973 -0.029408
v 0.153737 0.102027 0.012408
v 0.123430 0.100651 0.042684
v 0.080570 0.100651 0.042684
v 0.050263 0.102027 0.012408
v 0.050263 0.103973 -0.030408
v 0.080570 0.105349 -0.060684
v 0.123430 0.105349 -0.060684
v 0.153737 0.103973 -0.030408
v 0.007500 1.205000 0.073500
v 0.003750 1.211495 0.073500
v -0.003750 1.211495 0.073500
v -0.007500 1.205000 0.073500
v -0.003750 1.198505 0.073500
v 0.003750 1.198505 0.073500
v 0.007500 1.205000 0.080500
v 0.003750 1.211495 0.080500
v -0.003750 1.211495 0.080500
v -0.007500 1.205000 0.080500
v -0.003750 1.198505 0.080500
v 0.003750 1.198505 0.080500
v 0.007500 1.130000 0.081000
v 0.003750 1.136495 0.081000
v -0.003750 1.136495 0.081000
v -0.007500 1.130000 0.081000
v -0.003750 1.123505 0.081000
v 0.003750 1.123505 0.081000
v 0.007500 1.130000 0.088000
v 0.003750 1.136495 0.088000
v -0.003750 1.136495 0.088000
v -0.007500 1.130000 0.088000
v -0.003750 1.123505 0.088000
v 0.003750 1.123505 0.088000
v 0.007500 1.055000 0.084000
v 0.003750 1.061495 0.084000
v -0.003750 1.061495 0.084000
v -0.007500 1.055000 0.084000
v -0.003750 1.048505 0.084000
v 0.003750 1.048505 0.084000
v 0.007500 1.055000 0.091000
v 0.003750 1.061495 0.091000
v -0.003750 1.061495 0.091000
v -0.007500 1.055000 0.091000
v -0.003750 1.048505 0.091000
v 0.003750 1.048505 0.091000
v 0.007500 0.975000 0.084000
v 0.003750 0.981495 0.084000
v -0.003750 0.981495 0.084000
v -0.007500 0.975000 0.084000
v -0.003750 0.968505 0.084000
v 0.003750 0.968505 0.084000
v 0.007500 0.975000 0.091000
v 0.003750 0.981495 0.091000
v -0.003750 0.981495 0.091000
v -0.007500 0.975000 0.091000
v -0.003750 0.968505 0.091000
v 0.003750 0.968505 0.091000
v 0.130000 0.918000 0.000000
v 0.112583 0.918000 0.047000
v 0.065000 0.918000 0.081406
v 0.000000 0.918000 0.094000
v -0.065000 0.918000 0.081406
v -0.112583 0.918000 0.047000
v -0.130000 0.918000 0.000000
v -0.112583 0.918000 -0.047000
v -0.065000 0.918000 -0.081406
v -0.000000 0.918000 -0.094000
v 0.065000 0.918000 -0.081406
v 0.112583 0.918000 -0.047000
v 0.130000 0.880000 0.000000
v 0.112583 0.880000 0.047000
v 0.065000 0.880000 0.081406
v 0.000000 0.880000 0.094000
v -0.065000 0.880000 0.081406
v -0.112583 0.880000 0.047000
v -0.130000 0.880000 0.000000
v -0.112583 0.880000 -0.047000
v -0.065000 0.880000 -0.081406
v -0.000000 0.880000 -0.094000
v 0.065000 0.880000 -0.081406
v 0.112583 0.880000 -0.047000
v 0.022000 0.917000 0.092000
v -0.022000 0.917000 0.092000
v -0.022000 0.881000 0.092000
v 0.022000 0.881000 0.092000
v 0.022000 0.917000 0.104000
v -0.022000 0.917000 0.104000
v -0.022000 0.881000 0.104000
v 0.022000 0.881000 0.104000
v 0.029317 1.261589 0.039596
v 0.053394 1.261541 0.013773
v 0.056711 1.261541 -0.024140
v 0.035984 1.261541 -0.056057
v 0.000000 1.261541 -0.068447
v -0.035984 1.261541 -0.056057
v -0.056711 1.261541 -0.024140
v -0.053394 1.261541 0.013773
v -0.029317 1.261589 0.039596
v 0.030490 1.307589 0.041804
v 0.055678 1.307541 0.014789
v 0.059137 1.307541 -0.024744
v 0.037523 1.307541 -0.058027
v 0.000000 1.307541 -0.070947
v -0.037523 1.307541 -0.058027
v -0.059137 1.307541 -0.024744
v -0.055678 1.307541 0.014789
v -0.030490 1.307589 0.041804
v 0.023474 1.262000 0.034147
v 0.045677 1.262000 0.010337
v 0.048515 1.262000 -0.022096
v 0.030783 1.262000 -0.049401
v 0.000000 1.262000 -0.060000
v -0.030783 1.262000 -0.049401
v -0.048515 1.262000 -0.022096
v -0.045677 1.262000 0.010337
v -0.023474 1.262000 0.034147
v 0.024647 1.308000 0.036355
v 0.047961 1.308000 0.011354
v 0.050941 1.308000 -0.022701
v 0.032322 1.308000 -0.051371
v 0.000000 1.308000 -0.062500
v -0.032322 1.308000 -0.051371
v -0.050941 1.308000 -0.022701
v -0.047961 1.308000 0.011354
v -0.024647 1.308000 0.036355
v -0.034415 1.318000 0.033511
v -0.042426 1.318000 0.027012
v -0.054058 1.318000 0.011165
v -0.059623 1.318000 -0.007506
v -0.058496 1.318000 -0.026906
v -0.050803 1.318000 -0.044858
v -0.037409 1.318000 -0.059346
v -0.019817 1.318000 -0.068745
v -0.000000 1.318000 -0.072000
v 0.019817 1.318000 -0.068745
v 0.037409 1.318000 -0.059346
v 0.050803 1.318000 -0.044858
v 0.058496 1.318000 -0.026906
v 0.059623 1.318000 -0.007506
v 0.054058 1.318000 0.011165
v 0.042426 1.318000 0.027012
v 0.034415 1.318000 0.033511
v -0.058610 1.272000 0.070845
v -0.081696 1.272000 0.063480
v -0.121353 1.272000 0.040901
v -0.144889 1.272000 0.011294
v -0.149178 1.272000 -0.021408
v -0.133651 1.272000 -0.052859
v -0.100370 1.272000 -0.078883
v -0.053755 1.272000 -0.096022
v -0.000000 1.272000 -0.102000
v 0.053755 1.272000 -0.096022
v 0.100370 1.272000 -0.078883
v 0.133651 1.272000 -0.052859
v 0.149178 1.272000 -0.021408
v 0.144889 1.272000 0.011294
v 0.121353 1.272000 0.040901
v 0.081696 1.272000 0.063480
v 0.058610 1.272000 0.070845
v -0.070114 1.225000 0.091487
v -0.102500 1.225000 0.083531
v -0.160275 1.225000 0.057337
v -0.195892 1.225000 0.021834
v -0.204427 1.225000 -0.018071
v -0.184699 1.225000 -0.056859
v -0.139435 1.225000 -0.089170
v -0.074895 1.225000 -0.110534
v -0.000000 1.225000 -0.118000
v 0.074895 1.225000 -0.110534
v 0.139435 1.225000 -0.089170
v 0.184699 1.225000 -0.056859
v 0.204427 1.225000 -0.018071
v 0.195892 1.225000 0.021834
v 0.160275 1.225000 0.057337
v 0.102500 1.225000 0.083531
v 0.070114 1.225000 0.091487
v -0.055005 1.130000 0.106323
v -0.083566 1.130000 0.098422
v -0.135784 1.130000 0.071006
v -0.168731 1.130000 0.032944
v -0.177732 1.130000 -0.010360
v -0.161510 1.130000 -0.052761
v -0.122366 1.130000 -0.088243
v -0.065856 1.130000 -0.111769
v -0.000000 1.130000 -0.120000
v 0.065856 1.130000 -0.111769
v 0.122366 1.130000 -0.088243
v 0.161510 1.130000 -0.052761
v 0.177732 1.130000 -0.010360
v 0.168731 1.130000 0.032944
v 0.135784 1.130000 0.071006
v 0.083566 1.130000 0.098422
v 0.055005 1.130000 0.106323
v -0.054723 0.980000 0.101246
v -0.080000 0.980000 0.092995
v -0.125093 0.980000 0.065831
v -0.152892 0.980000 0.029013
v -0.159553 0.980000 -0.012370
v -0.144155 0.980000 -0.052595
v -0.108828 0.980000 -0.086102
v -0.058455 0.980000 -0.108258
v -0.000000 0.980000 -0.116000
v 0.058455 0.980000 -0.108258
v 0.108828 0.980000 -0.086102
v 0.144155 0.980000 -0.052595
v 0.159553 0.980000 -0.012370
v 0.152892 0.980000 0.029013
v 0.125093 0.980000 0.065831
v 0.080000 0.980000 0.092995
v 0.054723 0.980000 0.101246
v -0.081537 0.840000 0.110843
v -0.109328 0.840000 0.099172
v -0.153596 0.840000 0.064863
v -0.184299 0.840000 0.023400
v -0.182525 0.840000 -0.023281
v -0.166599 0.840000 -0.068659
v -0.120971 0.840000 -0.102775
v -0.066775 0.840000 -0.130354
v -0.000000 0.840000 -0.134200
v 0.066775 0.840000 -0.130354
v 0.120971 0.840000 -0.102775
v 0.166599 0.840000 -0.068659
v 0.182525 0.840000 -0.023281
v 0.184299 0.840000 0.023400
v 0.153596 0.840000 0.064863
v 0.109328 0.840000 0.099172
v 0.081537 0.840000 0.110843
v -0.112278 0.640000 0.125432
v -0.143021 0.640000 0.109244
v -0.187065 0.640000 0.065595
v -0.221102 0.640000 0.016201
v -0.210732 0.640000 -0.038504
v -0.193494 0.640000 -0.092371
v -0.136581 0.640000 -0.129173
v -0.076725 0.640000 -0.163976
v -0.000000 0.640000 -0.164400
v 0.076725 0.640000 -0.163976
v 0.136581 0.640000 -0.129173
v 0.193494 0.640000 -0.092371
v 0.210732 0.640000 -0.038504
v 0.221102 0.640000 0.016201
v 0.187065 0.640000 0.065595
v 0.143021 0.640000 0.109244
v 0.112278 0.640000 0.125432
v -0.144595 0.460000 0.136477
v -0.176958 0.460000 0.115206
v -0.218114 0.460000 0.062401
v -0.253752 0.460000 0.005199
v -0.233960 0.460000 -0.056236
v -0.215414 0.460000 -0.118048
v -0.148518 0.460000 -0.156262
v -0.084424 0.460000 -0.197894
v -0.000000 0.460000 -0.194600
v 0.084424 0.460000 -0.197894
v 0.148518 0.460000 -0.156262
v 0.215414 0.460000 -0.118048
v 0.233960 0.460000 -0.056236
v 0.253752 0.460000 0.005199
v 0.218114 0.460000 0.062401
v 0.176958 0.460000 0.115206
v 0.144595 0.460000 0.136477
v -0.158225 0.374000 0.139450
v -0.190988 0.385900 0.116150
v -0.229473 0.370934 0.059801
v -0.268262 0.362890 0.000332
v -0.241671 0.379929 -0.062911
v -0.225204 0.383582 -0.128372
v -0.152087 0.365602 -0.164994
v -0.087970 0.366582 -0.211432
v 0.000000 0.384310 -0.203800
v 0.087970 0.378761 -0.211432
v 0.152087 0.362463 -0.164994
v 0.225204 0.372212 -0.128372
v 0.241671 0.385998 -0.062911
v 0.268262 0.372696 0.000332
v 0.229473 0.362338 0.059801
v 0.190988 0.378309 0.116150
v 0.158225 0.384551 0.139450
v -0.164882 0.340000 0.139429
v -0.197734 0.351900 0.115212
v -0.235558 0.336934 0.057695
v -0.273478 0.328890 -0.002970
v -0.245852 0.345929 -0.066789
v -0.228253 0.349582 -0.132895
v -0.154138 0.331602 -0.169738
v -0.088930 0.332582 -0.216395
v -0.000000 0.350310 -0.208800
v 0.088930 0.344761 -0.216395
v 0.154138 0.328463 -0.169738
v 0.228253 0.338212 -0.132895
v 0.245852 0.351998 -0.066789
v 0.273478 0.338696 -0.002970
v 0.235558 0.328338 0.057695
v 0.197734 0.344309 0.115212
v 0.164882 0.350551 0.139429
v -0.030983 1.309458 0.025813
v -0.038455 1.308939 0.020130
v -0.049149 1.307969 0.006514
v -0.054163 1.307351 -0.009200
v -0.052924 1.307349 -0.025552
v -0.045601 1.308027 -0.040307
v -0.033357 1.309373 -0.051795
v -0.017680 1.310760 -0.059277
v -0.000000 1.311292 -0.061971
v 0.017680 1.310760 -0.059277
v 0.033357 1.309373 -0.051795
v 0.045601 1.308027 -0.040307
v 0.052924 1.307349 -0.025552
v 0.054163 1.307351 -0.009200
v 0.049149 1.307969 0.006514
v 0.038454 1.308939 0.020130
v 0.030983 1.309458 0.025813
v -0.055350 1.264662 0.061683
v -0.077730 1.264288 0.054870
v -0.115886 1.263135 0.034412
v -0.138177 1.262180 0.008266
v -0.142123 1.262050 -0.020139
v -0.127401 1.262937 -0.047503
v -0.095745 1.264458 -0.070471
v -0.051282 1.265958 -0.085745
v -0.000000 1.266620 -0.091094
v 0.051282 1.265958 -0.085745
v 0.095745 1.264458 -0.070471
v 0.127401 1.262937 -0.047503
v 0.142123 1.262050 -0.020139
v 0.138177 1.262180 0.008266
v 0.115886 1.263135 0.034412
v 0.077730 1.264288 0.054870
v 0.055350 1.264662 0.061683
v -0.067087 1.221574 0.080173
v -0.098178 1.221442 0.072513
v -0.152549 1.221160 0.047697
v -0.183663 1.221025 0.016130
v -0.190362 1.221206 -0.016437
v -0.174045 1.221657 -0.048926
v -0.133136 1.222253 -0.078441
v -0.072002 1.222730 -0.098768
v -0.000000 1.222911 -0.105954
v 0.072002 1.222730 -0.098768
v 0.133136 1.222253 -0.078441
v 0.174045 1.221657 -0.048926
v 0.190362 1.221206 -0.016437
v 0.183663 1.221025 0.016130
v 0.152549 1.221160 0.047697
v 0.098178 1.221442 0.072513
v 0.067087 1.221574 0.080173
v -0.051748 1.129641 0.094744
v -0.079188 1.129818 0.087153
v -0.128355 1.130594 0.061306
v -0.157777 1.131758 0.027312
v -0.165468 1.132419 -0.009246
v -0.151636 1.131883 -0.045567
v -0.116109 1.130960 -0.077836
v -0.062891 1.130318 -0.100035
v -0.000000 1.130099 -0.107912
v 0.062891 1.130318 -0.100035
v 0.116109 1.130960 -0.077836
v 0.151636 1.131883 -0.045567
v 0.165468 1.132419 -0.009246
v 0.157777 1.131758 0.027312
v 0.128355 1.130594 0.061306
v 0.079188 1.129818 0.087153
v 0.051748 1.129641 0.094744
v -0.050899 0.979539 0.089832
v -0.074896 0.979501 0.081991
v -0.116976 0.979545 0.056636
v -0.141313 0.979531 0.024068
v -0.147145 0.979511 -0.010896
v -0.133917 0.979446 -0.045469
v -0.102258 0.979365 -0.075824
v -0.055272 0.979290 -0.096497
v -0.000000 0.979282 -0.103901
v 0.055272 0.979290 -0.096497
v 0.102258 0.979365 -0.075824
v 0.133917 0.979446 -0.045469
v 0.147145 0.979511 -0.010896
v 0.141313 0.979531 0.024068
v 0.116976 0.979545 0.056636
v 0.074896 0.979501 0.081991
v 0.050899 0.979539 0.089832
v -0.076915 0.838521 0.099856
v -0.103213 0.838445 0.088818
v -0.144933 0.838311 0.056539
v -0.172332 0.837851 0.019705
v -0.170757 0.837862 -0.021059
v -0.156618 0.837816 -0.061424
v -0.114634 0.838054 -0.092705
v -0.063581 0.838066 -0.118680
v -0.000000 0.838175 -0.122311
v 0.063581 0.838066 -0.118680
v 0.114634 0.838054 -0.092705
v 0.156618 0.837816 -0.061424
v 0.170757 0.837862 -0.021059
v 0.172332 0.837851 0.019705
v 0.144933 0.838311 0.056539
v 0.103213 0.838445 0.088818
v 0.076915 0.838521 0.099856
v -0.106708 0.638457 0.114902
v -0.135862 0.638381 0.099555
v -0.177848 0.638397 0.057973
v -0.208555 0.637926 0.013526
v -0.199224 0.638047 -0.035565
v -0.183520 0.637823 -0.084783
v -0.130385 0.638007 -0.119082
v -0.073496 0.637868 -0.152186
v -0.000000 0.638000 -0.152564
v 0.073496 0.637868 -0.152186
v 0.130385 0.638007 -0.119082
v 0.183520 0.637823 -0.084783
v 0.199224 0.638047 -0.035565
v 0.208555 0.637926 0.013526
v 0.177848 0.638397 0.057973
v 0.135862 0.638381 0.099555
v 0.106708 0.638457 0.114902
v -0.138293 0.458502 0.126371
v -0.168909 0.458433 0.106185
v -0.208386 0.458552 0.055480
v -0.240800 0.458089 0.003420
v -0.222583 0.458213 -0.052838
v -0.205412 0.457931 -0.110088
v -0.142372 0.458213 -0.146093
v -0.081091 0.458047 -0.185928
v 0.000027 0.458124 -0.182736
v 0.081077 0.457989 -0.185921
v 0.142320 0.458227 -0.146121
v 0.205455 0.457988 -0.110069
v 0.222606 0.458181 -0.052783
v 0.240794 0.458038 0.003365
v 0.208406 0.458589 0.055449
v 0.168843 0.458448 0.106256
v 0.138169 0.458470 0.126449
v -0.151577 0.372728 0.129541
v -0.182436 0.384446 0.107513
v -0.219441 0.369574 0.053348
v -0.255137 0.361036 -0.001143
v -0.230317 0.378224 -0.059369
v -0.215080 0.381583 -0.120149
v -0.146043 0.363945 -0.154714
v -0.084480 0.364781 -0.199369
v 0.000086 0.382625 -0.191897
v 0.084441 0.376905 -0.199304
v 0.145861 0.360819 -0.154816
v 0.215228 0.370277 -0.120133
v 0.230386 0.384247 -0.059192
v 0.255074 0.370796 -0.001234
v 0.219494 0.361015 0.053261
v 0.182289 0.376875 0.107709
v 0.151265 0.383175 0.129770
v -0.158163 0.338815 0.129558
v -0.188859 0.350423 0.106880
v -0.225445 0.335578 0.051376
v -0.260303 0.326920 -0.004127
v -0.234520 0.344135 -0.063199
v -0.218448 0.347469 -0.124143
v -0.148053 0.329830 -0.159479
v -0.085121 0.330668 -0.204402
v 0.000088 0.348578 -0.196899
v 0.084975 0.342825 -0.204329
v 0.147931 0.326689 -0.159546
v 0.218838 0.336113 -0.123877
v 0.234592 0.350201 -0.063005
v 0.260238 0.336755 -0.004731
v 0.225529 0.326992 0.051239
v 0.188477 0.342770 0.107360
v 0.157725 0.349275 0.129882
v 0.130000 1.235000 -0.060000
v 0.155000 1.260000 -0.045355
v 0.165355 1.270355 -0.010000
v 0.155000 1.260000 0.025355
v 0.130000 1.235000 0.040000
v 0.105000 1.210000 0.025355
v 0.094645 1.199645 -0.010000
v 0.105000 1.210000 -0.045355
v 0.160000 1.209417 -0.071842
v 0.200719 1.224329 -0.052572
v 0.217586 1.227917 -0.008363
v 0.200719 1.218082 0.034887
v 0.160000 1.200583 0.051842
v 0.119281 1.185671 0.032572
v 0.102414 1.182083 -0.011637
v 0.119281 1.191918 -0.054887
v 0.186000 1.100251 -0.077762
v 0.225921 1.108072 -0.059993
v 0.242457 1.108235 -0.018797
v 0.225921 1.100646 0.021695
v 0.186000 1.089749 0.037762
v 0.146079 1.081928 0.019993
v 0.129543 1.081765 -0.021203
v 0.146079 1.089355 -0.061695
v 0.212000 0.983346 -0.085976
v 0.251050 0.990392 -0.069775
v 0.267225 0.994280 -0.030274
v 0.251050 0.992731 0.009387
v 0.212000 0.986654 0.025976
v 0.172950 0.979608 0.009775
v 0.156775 0.975720 -0.029726
v 0.172950 0.977269 -0.069387
v 0.223000 0.866396 -0.070858
v 0.263813 0.872908 -0.054657
v 0.280718 0.880645 -0.014347
v 0.263813 0.885075 0.026460
v 0.223000 0.883604 0.043858
v 0.182187 0.877092 0.027657
v 0.165282 0.869355 -0.012653
v 0.182187 0.864925 -0.053460
v 0.228556 0.809654 -0.070437
v 0.274998 0.817064 -0.052001
v 0.294235 0.825868 -0.006130
v 0.274998 0.830910 0.040305
v 0.228556 0.829235 0.060103
v 0.182113 0.821826 0.041667
v 0.162876 0.813021 -0.004203
v 0.182113 0.807980 -0.050638
v 0.232984 0.764478 -0.069727
v 0.283649 0.772561 -0.049615
v 0.304635 0.782166 0.000425
v 0.283649 0.787666 0.051081
v 0.232984 0.785839 0.072680
v 0.182320 0.777756 0.052568
v 0.161334 0.768151 0.002527
v 0.182320 0.762651 -0.048129
v -0.130000 1.235000 0.040000
v -0.155000 1.260000 0.025355
v -0.165355 1.270355 -0.010000
v -0.155000 1.260000 -0.045355
v -0.130000 1.235000 -0.060000
v -0.105000 1.210000 -0.045355
v -0.094645 1.199645 -0.010000
v -0.105000 1.210000 0.025355
v -0.177980 1.205000 0.049336
v -0.209931 1.225241 0.020679
v -0.212633 1.233625 -0.025949
v -0.184503 1.225241 -0.063234
v -0.142020 1.205000 -0.069336
v -0.110069 1.184759 -0.040679
v -0.107367 1.176375 0.005949
v -0.135497 1.184759 0.043234
v -0.224167 1.102500 0.020701
v -0.249184 1.117790 -0.012630
v -0.243046 1.124123 -0.056137
v -0.209349 1.117790 -0.084332
v -0.167833 1.102500 -0.080701
v -0.142816 1.087210 -0.047370
v -0.148954 1.080877 -0.003863
v -0.182651 1.087210 0.024332
v -0.194592 1.000000 -0.008327
v -0.231131 1.019654 0.002431
v -0.268178 1.027795 -0.017525
v -0.284033 1.019654 -0.056504
v -0.269408 1.000000 -0.091673
v -0.232869 0.980346 -0.102431
v -0.195822 0.972205 -0.082475
v -0.179967 0.980346 -0.043496
v -0.204879 0.953250 0.046508
v -0.227724 0.988853 0.059965
v -0.269183 1.003601 0.054112
v -0.304970 0.988853 0.032377
v -0.314121 0.953250 0.007492
v -0.291276 0.917647 -0.005965
v -0.249817 0.902899 -0.000112
v -0.214030 0.917647 0.021623
v -0.209626 0.932373 0.083584
v -0.235622 0.972887 0.098898
v -0.282799 0.989668 0.092238
v -0.323522 0.972887 0.067505
v -0.333936 0.932373 0.039188
v -0.307940 0.891859 0.023874
v -0.260762 0.875077 0.030535
v -0.220039 0.891859 0.055267
v -0.217114 0.910036 0.122392
v -0.245474 0.954234 0.139097
v -0.296940 0.972541 0.131832
v -0.341365 0.954234 0.104850
v -0.352725 0.910036 0.073959
v -0.324366 0.865839 0.057253
v -0.272900 0.847532 0.064519
v -0.228475 0.865839 0.091500
v 0.136308 1.227934 -0.051331
v 0.156442 1.248402 -0.039153
v 0.164713 1.256878 -0.010249
v 0.156415 1.248510 0.018704
v 0.136257 1.228059 0.031041
v 0.115821 1.207415 0.019350
v 0.107167 1.198774 -0.010018
v 0.115865 1.207422 -0.039481
v 0.160056 1.207292 -0.061058
v 0.193891 1.219270 -0.045201
v 0.207759 1.222035 -0.008772
v 0.193877 1.214018 0.026816
v 0.160142 1.199862 0.040834
v 0.126386 1.188137 0.024713
v 0.112595 1.185810 -0.011438
v 0.126349 1.193461 -0.046718
v 0.185976 1.099567 -0.066956
v 0.218440 1.105908 -0.052479
v 0.231870 1.106006 -0.018939
v 0.218365 1.099834 0.013987
v 0.185870 1.091008 0.027011
v 0.153413 1.084657 0.012517
v 0.140010 1.084513 -0.021025
v 0.153510 1.090695 -0.053935
v 0.211829 0.983641 -0.075103
v 0.243503 0.989365 -0.061995
v 0.256522 0.992503 -0.029943
v 0.243224 0.991204 0.002000
v 0.211806 0.986292 0.015049
v 0.180681 0.980663 0.002097
v 0.167508 0.977517 -0.029409
v 0.180264 0.978723 -0.061507
v 0.223049 0.867125 -0.060048
v 0.256283 0.872421 -0.046883
v 0.270054 0.878726 -0.014086
v 0.256327 0.882332 0.019116
v 0.223131 0.881126 0.033314
v 0.189886 0.875823 0.020146
v 0.176118 0.869539 -0.012665
v 0.189854 0.865941 -0.045864
v 0.228700 0.809795 -0.059629
v 0.267607 0.816002 -0.044185
v 0.283723 0.823378 -0.005757
v 0.267607 0.827602 0.033144
v 0.228700 0.826199 0.049730
v 0.189793 0.819991 0.034286
v 0.173677 0.812616 -0.004142
v 0.189793 0.808392 -0.043043
v 0.233125 0.764662 -0.058920
v 0.276249 0.771542 -0.041801
v 0.294112 0.779717 0.000792
v 0.276249 0.784398 0.043910
v 0.233125 0.782844 0.062294
v 0.190000 0.775963 0.045175
v 0.172137 0.767788 0.002582
v 0.190000 0.763107 -0.040536
v -0.135819 1.227526 0.030797
v -0.156182 1.248170 0.019140
v -0.165014 1.257054 -0.009594
v -0.157075 1.248941 -0.038907
v -0.136728 1.228326 -0.051527
v -0.115967 1.207342 -0.039497
v -0.107375 1.198684 -0.010238
v -0.115677 1.207057 0.018695
v -0.175077 1.203474 0.038458
v -0.201493 1.219949 0.014941
v -0.203865 1.226894 -0.023344
v -0.180698 1.220262 -0.054106
v -0.145533 1.204049 -0.059049
v -0.119268 1.187939 -0.035637
v -0.116879 1.180805 0.002328
v -0.139908 1.187124 0.033239
v -0.220525 1.104197 0.010180
v -0.239561 1.116224 -0.018392
v -0.232457 1.120329 -0.053558
v -0.204131 1.114592 -0.074648
v -0.170685 1.102028 -0.069799
v -0.151918 1.089759 -0.041204
v -0.159216 1.085355 -0.006168
v -0.187332 1.091407 0.014735
v -0.205541 1.001381 -0.021354
v -0.229344 1.010835 -0.010709
v -0.258201 1.018729 -0.020465
v -0.273634 1.015184 -0.051217
v -0.262914 1.001132 -0.080053
v -0.234636 0.986891 -0.090496
v -0.204018 0.980188 -0.076965
v -0.191294 0.987098 -0.045955
v -0.215372 0.951742 0.043671
v -0.233608 0.981043 0.055420
v -0.267716 0.993393 0.050649
v -0.296522 0.981770 0.032751
v -0.304471 0.953364 0.012639
v -0.286464 0.923944 0.001433
v -0.252544 0.911525 0.005939
v -0.223321 0.923331 0.023336
v -0.220175 0.931522 0.081396
v -0.241968 0.965487 0.094234
v -0.281518 0.979555 0.088650
v -0.315657 0.965487 0.067916
v -0.324387 0.931522 0.044177
v -0.302594 0.897558 0.031339
v -0.263044 0.883490 0.036923
v -0.228905 0.897558 0.057657
v -0.227623 0.909327 0.119956
v -0.251761 0.946947 0.134175
v -0.295568 0.962529 0.127991
v -0.333382 0.946947 0.105025
v -0.343051 0.909327 0.078731
v -0.318913 0.871708 0.064512
v -0.275106 0.856125 0.070696
v -0.237292 0.871708 0.093662
v -0.038070 1.283086 0.070588
v -0.033335 1.293387 0.066656
v -0.026047 1.293387 0.057122
v -0.023494 1.283086 0.051522
v -0.028229 1.272784 0.055454
v -0.035517 1.272784 0.064987
v -0.098215 1.291000 0.037846
v -0.086050 1.311436 0.034624
v -0.065778 1.311436 0.021778
v -0.057670 1.291000 0.012154
v -0.069834 1.270564 0.015376
v -0.090107 1.270564 0.028222
v -0.108742 1.303126 -0.034131
v -0.099397 1.320466 -0.028516
v -0.079288 1.320466 -0.024624
v -0.068523 1.303126 -0.026347
v -0.077868 1.285785 -0.031962
v -0.097977 1.285785 -0.035854
v -0.075701 1.313789 -0.102163
v -0.069448 1.339017 -0.088447
v -0.051598 1.339017 -0.065099
v -0.040001 1.313789 -0.055468
v -0.046254 1.288560 -0.069185
v -0.064104 1.288560 -0.092532
v 0.000000 1.318000 -0.134000
v 0.000000 1.349177 -0.116000
v 0.000000 1.349177 -0.080000
v 0.000000 1.318000 -0.062000
v 0.000000 1.286823 -0.080000
v 0.000000 1.286823 -0.116000
v 0.075701 1.313789 -0.102163
v 0.069448 1.339017 -0.088447
v 0.051598 1.339017 -0.065099
v 0.040001 1.313789 -0.055468
v 0.046254 1.288560 -0.069185
v 0.064104 1.288560 -0.092532
v 0.108742 1.303126 -0.034131
v 0.099397 1.320466 -0.028516
v 0.079288 1.320466 -0.024624
v 0.068523 1.303126 -0.026347
v 0.077868 1.285785 -0.031962
v 0.097977 1.285785 -0.035854
v 0.098215 1.291000 0.037846
v 0.086050 1.311436 0.034624
v 0.065778 1.311436 0.021778
v 0.057670 1.291000 0.012154
v 0.069834 1.270564 0.015376
v 0.090107 1.270564 0.028222
v 0.038070 1.283086 0.070588
v 0.033335 1.293387 0.066656
v 0.026047 1.293387 0.057122
v 0.023494 1.283086 0.051522
v 0.028229 1.272784 0.055454
v 0.035517 1.272784 0.064987
v 0.060000 1.305000 -0.090000
v 0.048541 1.305000 -0.072366
v 0.018541 1.305000 -0.061468
v -0.018541 1.305000 -0.061468
v -0.048541 1.305000 -0.072366
v -0.060000 1.305000 -0.090000
v -0.048541 1.305000 -0.107634
v -0.018541 1.305000 -0.118532
v 0.018541 1.305000 -0.118532
v 0.048541 1.305000 -0.107634
v 0.120000 1.280000 -0.105000
v 0.097082 1.280000 -0.075611
v 0.037082 1.280000 -0.057447
v -0.037082 1.280000 -0.057447
v -0.097082 1.280000 -0.075611
v -0.120000 1.280000 -0.105000
v -0.097082 1.280000 -0.134389
v -0.037082 1.280000 -0.152553
v 0.037082 1.280000 -0.152553
v 0.097082 1.280000 -0.134389
v 0.135000 1.225000 -0.125000
v 0.109217 1.225000 -0.090908
v 0.041717 1.225000 -0.069839
v -0.041717 1.225000 -0.069839
v -0.109217 1.225000 -0.090908
v -0.135000 1.225000 -0.125000
v -0.109217 1.225000 -0.159092
v -0.041717 1.225000 -0.180161
v 0.041717 1.225000 -0.180161
v 0.109217 1.225000 -0.159092
v 0.110000 1.155000 -0.129000
v 0.088992 1.155000 -0.100786
v 0.033992 1.155000 -0.083349
v -0.033992 1.155000 -0.083349
v -0.088992 1.155000 -0.100786
v -0.110000 1.155000 -0.129000
v -0.088992 1.155000 -0.157214
v -0.033992 1.155000 -0.174651
v 0.033992 1.155000 -0.174651
v 0.088992 1.155000 -0.157214
v 0.050000 1.095000 -0.125000
v 0.040451 1.095000 -0.109718
v 0.015451 1.095000 -0.100273
v -0.015451 1.095000 -0.100273
v -0.040451 1.095000 -0.109718
v -0.050000 1.095000 -0.125000
v -0.040451 1.095000 -0.140282
v -0.015451 1.095000 -0.149727
v 0.015451 1.095000 -0.149727
v 0.040451 1.095000 -0.140282
v 0.000000 1.070000 -0.125000
vn -0.9347 0.0194 0.3548
vn -0.5767 0.0088 0.8169
vn -0.1858 0.0010 0.9826
vn 0.1858 0.0010 0.9826
vn 0.5767 0.0088 0.8169
vn 0.9347 0.0194 0.3548
vn 0.9347 0.0194 -0.3548
vn 0.5767 0.0088 -0.8169
vn 0.1858 0.0010 -0.9826
vn -0.1858 0.0010 -0.9826
vn -0.5767 0.0088 -0.8169
vn -0.9347 0.0194 -0.3548
vn -0.9266 -0.1105 0.3596
vn -0.5667 -0.0735 0.8207
vn -0.1817 -0.0479 0.9822
vn 0.1817 -0.0479 0.9822
vn 0.5667 -0.0735 0.8207
vn 0.9266 -0.1105 0.3596
vn 0.9266 -0.1105 -0.3596
vn 0.5667 -0.0735 -0.8207
vn 0.1817 -0.0479 -0.9822
vn -0.1817 -0.0479 -0.9822
vn -0.5667 -0.0735 -0.8207
vn -0.9266 -0.1105 -0.3596
vn -0.9142 -0.0815 0.3970
vn -0.5248 0.0325 0.8506
vn -0.1623 0.0984 0.9818
vn 0.1623 0.0984 0.9818
vn 0.5248 0.0325 0.8506
vn 0.9142 -0.0815 0.3970
vn 0.9101 -0.1242 -0.3952
vn 0.5242 -0.0603 -0.8495
vn 0.1631 -0.0088 -0.9866
vn -0.1631 -0.0088 -0.9866
vn -0.5242 -0.0603 -0.8495
vn -0.9101 -0.1242 -0.3952
vn -0.8376 0.3840 0.3885
vn -0.4759 0.3083 0.8237
vn -0.1478 0.2578 0.9548
vn 0.1478 0.2578 0.9548
vn 0.4759 0.3083 0.8237
vn 0.8376 0.3840 0.3885
vn 0.8536 0.3385 -0.3959
vn 0.4897 0.2042 -0.8476
vn 0.1516 0.1339 -0.9793
vn -0.1516 0.1339 -0.9793
vn -0.4897 0.2042 -0.8476
vn -0.8536 0.3385 -0.3959
vn -0.5537 0.8038 0.2174
vn -0.4151 0.6766 0.6083
vn -0.1529 0.5269 0.8361
vn 0.1529 0.5269 0.8361
vn 0.4151 0.6766 0.6083
vn 0.5537 0.8038 0.2174
vn 0.5616 0.7975 -0.2205
vn 0.4289 0.6488 -0.6286
vn 0.1582 0.4759 -0.8651
vn -0.1582 0.4759 -0.8651
vn -0.4289 0.6488 -0.6286
vn -0.5616 0.7975 -0.2205
vn -0.0000 -1.0000 -0.0000
vn -0.0000 1.0000 -0.0000
vn 0.9272 0.1257 0.3530
vn 0.5733 0.0883 0.8146
vn 0.1850 0.0621 0.9808
vn -0.1850 0.0621 0.9808
vn -0.5733 0.0883 0.8146
vn -0.9272 0.1257 0.3530
vn -0.9272 0.1257 -0.3530
vn -0.5733 0.0883 -0.8146
vn -0.1850 0.0621 -0.9808
vn 0.1850 0.0621 -0.9808
vn 0.5733 0.0883 -0.8146
vn 0.9272 0.1257 -0.3530
vn 0.9291 -0.0821 0.3606
vn 0.5669 -0.0656 0.8212
vn 0.1816 -0.0549 0.9818
vn -0.1816 -0.0549 0.9818
vn -0.5669 -0.0656 0.8212
vn -0.9291 -0.0821 0.3606
vn -0.9291 -0.0821 -0.3606
vn -0.5669 -0.0656 -0.8212
vn -0.1816 -0.0549 -0.9818
vn 0.1816 -0.0549 -0.9818
vn 0.5669 -0.0656 -0.8212
vn 0.9291 -0.0821 -0.3606
vn 0.6696 -0.7045 0.2351
vn 0.4880 -0.5941 0.6394
vn 0.1758 -0.4793 0.8598
vn -0.1758 -0.4793 0.8598
vn -0.4880 -0.5941 0.6394
vn -0.6696 -0.7045 0.2351
vn -0.6696 -0.7045 -0.2351
vn -0.4880 -0.5941 -0.6394
vn -0.1758 -0.4793 -0.8598
vn 0.1758 -0.4793 -0.8598
vn 0.4880 -0.5941 -0.6394
vn 0.6696 -0.7045 -0.2351
vn 0.9229 -0.0374 0.3831
vn 0.3824 -0.0121 0.9239
vn -0.3825 0.0042 0.9239
vn -0.9237 0.0019 0.3832
vn -0.9242 -0.0176 -0.3816
vn -0.3836 -0.0429 -0.9225
vn 0.3813 -0.0591 -0.9226
vn 0.9225 -0.0569 -0.3817
vn 0.9218 -0.0605 0.3830
vn 0.3819 -0.0265 0.9238
vn -0.3827 -0.0047 0.9239
vn -0.9237 -0.0078 0.3830
vn -0.9238 -0.0343 -0.3814
vn -0.3837 -0.0686 -0.9209
vn 0.3797 -0.0904 -0.9207
vn 0.9204 -0.0870 -0.3811
vn 0.9217 -0.0718 0.3812
vn 0.3802 -0.0879 0.9207
vn -0.3835 -0.0747 0.9205
vn -0.9237 -0.0399 0.3811
vn -0.9237 -0.0034 -0.3831
vn -0.3824 0.0135 -0.9239
vn 0.3826 0.0004 -0.9239
vn 0.9230 -0.0352 -0.3832
vn 0.9184 -0.1217 0.3765
vn 0.3789 -0.1386 0.9150
vn -0.3834 -0.1255 0.9150
vn -0.9220 -0.0901 0.3765
vn -0.9214 -0.0532 -0.3850
vn -0.3819 -0.0362 -0.9235
vn 0.3804 -0.0493 -0.9235
vn 0.9190 -0.0847 -0.3850
vn 0.0213 0.9994 -0.0255
vn -0.0171 -0.9987 -0.0485
vn 0.7053 -0.0909 0.7030
vn -0.0000 -0.0985 0.9951
vn -0.7053 -0.0909 0.7030
vn -0.9974 -0.0727 -0.0021
vn -0.7051 -0.0545 -0.7070
vn -0.0000 -0.0470 -0.9989
vn 0.7051 -0.0545 -0.7070
vn 0.9974 -0.0727 -0.0021
vn 0.7061 -0.0825 0.7033
vn -0.0000 -0.0919 0.9958
vn -0.7061 -0.0825 0.7033
vn -0.9982 -0.0601 -0.0026
vn -0.7054 -0.0379 -0.7078
vn -0.0000 -0.0287 -0.9996
vn 0.7054 -0.0379 -0.7078
vn 0.9982 -0.0601 -0.0026
vn 0.7059 -0.1070 0.7002
vn -0.0000 -0.1312 0.9914
vn -0.7059 -0.1070 0.7002
vn -0.9988 -0.0483 -0.0034
vn -0.7065 0.0106 -0.7076
vn -0.0000 0.0351 -0.9994
vn 0.7065 0.0106 -0.7076
vn 0.9988 -0.0483 -0.0034
vn -0.0000 0.9997 0.0263
vn -0.0000 -0.9965 -0.0839
vn 0.9972 -0.0000 -0.0752
vn 0.8765 0.4348 -0.2065
vn 0.0534 0.8989 -0.4349
vn -0.8005 0.4348 -0.4124
vn -0.9494 -0.0000 -0.3142
vn 0.9979 -0.0000 0.0650
vn 0.8219 0.5153 0.2428
vn -0.0470 0.9227 0.3827
vn -0.8562 0.5153 0.0367
vn -0.9840 -0.0000 -0.1783
vn 0.9755 -0.0000 0.2200
vn 0.7249 0.6038 0.3315
vn -0.0410 0.9416 0.3341
vn -0.7836 0.6038 0.1463
vn -0.9997 -0.0000 -0.0225
vn 0.8269 -0.0000 0.5623
vn 0.5882 0.5436 0.5988
vn -0.0593 0.8736 0.4831
vn -0.7156 0.5436 0.4387
vn -0.9384 -0.0000 0.3456
vn 0.1219 -0.0000 -0.9925
vn -0.1219 -0.0000 0.9925
vn 1.0000 -0.0000 0.0051
vn -0.9715 -0.0000 -0.2370
vn 0.9902 -0.0000 0.1399
vn -0.9946 -0.0000 -0.1038
vn 0.8643 -0.0000 0.5030
vn -0.9603 -0.0000 0.2790
vn 0.6973 0.1433 0.7023
vn -0.0000 0.1341 0.9910
vn -0.6973 0.1433 0.7023
vn -0.9862 0.1654 0.0052
vn -0.6973 0.1876 -0.6918
vn -0.0000 0.1968 -0.9805
vn 0.6973 0.1876 -0.6918
vn 0.9862 0.1654 0.0052
vn 0.7047 -0.0886 0.7039
vn -0.0000 -0.0894 0.9960
vn -0.7047 -0.0886 0.7039
vn -0.9963 -0.0863 -0.0008
vn -0.7042 -0.0838 -0.7050
vn -0.0000 -0.0827 -0.9966
vn 0.7042 -0.0838 -0.7050
vn 0.9963 -0.0863 -0.0008
vn 0.7071 -0.0321 0.7064
vn -0.0000 -0.0454 0.9990
vn -0.7071 -0.0321 0.7064
vn -1.0000 -0.0000 -0.0000
vn -0.7071 0.0321 -0.7064
vn -0.0000 0.0454 -0.9990
vn 0.7071 0.0321 -0.7064
vn 1.0000 -0.0000 -0.0000
vn 0.9237 0.0019 0.3832
vn 0.3825 0.0042 0.9239
vn -0.3824 -0.0121 0.9239
vn -0.9229 -0.0374 0.3831
vn -0.9225 -0.0569 -0.3817
vn -0.3813 -0.0591 -0.9226
vn 0.3836 -0.0429 -0.9225
vn 0.9242 -0.0176 -0.3816
vn 0.9237 -0.0078 0.3830
vn 0.3827 -0.0047 0.9239
vn -0.3819 -0.0265 0.9238
vn -0.9218 -0.0605 0.3830
vn -0.9204 -0.0870 -0.3811
vn -0.3797 -0.0904 -0.9207
vn 0.3837 -0.0686 -0.9209
vn 0.9238 -0.0343 -0.3814
vn 0.9237 -0.0399 0.3811
vn 0.3835 -0.0747 0.9205
vn -0.3802 -0.0879 0.9207
vn -0.9217 -0.0718 0.3812
vn -0.9230 -0.0352 -0.3832
vn -0.3826 0.0004 -0.9239
vn 0.3824 0.0135 -0.9239
vn 0.9237 -0.0034 -0.3831
vn 0.9220 -0.0901 0.3765
vn 0.3834 -0.1255 0.9150
vn -0.3789 -0.1386 0.9150
vn -0.9184 -0.1217 0.3765
vn -0.9190 -0.0847 -0.3850
vn -0.3804 -0.0493 -0.9235
vn 0.3819 -0.0362 -0.9235
vn 0.9214 -0.0532 -0.3850
vn -0.0213 0.9994 -0.0255
vn 0.0171 -0.9987 -0.0485
vn 0.9494 -0.0000 -0.3142
vn 0.8005 0.4348 -0.4124
vn -0.0534 0.8989 -0.4349
vn -0.8765 0.4348 -0.2065
vn -0.9972 -0.0000 -0.0752
vn 0.9840 -0.0000 -0.1783
vn 0.8562 0.5153 0.0367
vn 0.0470 0.9227 0.3827
vn -0.8219 0.5153 0.2428
vn -0.9979 -0.0000 0.0650
vn 0.9997 -0.0000 -0.0225
vn 0.7836 0.6038 0.1463
vn 0.0410 0.9416 0.3341
vn -0.7249 0.6038 0.3315
vn -0.9755 -0.0000 0.2200
vn 0.9384 -0.0000 0.3456
vn 0.7156 0.5436 0.4387
vn 0.0593 0.8736 0.4831
vn -0.5882 0.5436 0.5988
vn -0.8269 -0.0000 0.5623
vn -0.1219 -0.0000 -0.9925
vn 0.1219 -0.0000 0.9925
vn 0.9715 -0.0000 -0.2370
vn -1.0000 -0.0000 0.0051
vn 0.9946 -0.0000 -0.1038
vn -0.9902 -0.0000 0.1399
vn 0.9603 -0.0000 0.2790
vn -0.8643 -0.0000 0.5030
vn 0.8660 0.5000 -0.0000
vn -0.8660 0.5000 -0.0000
vn -0.8660 -0.5000 -0.0000
vn 0.8660 -0.5000 -0.0000
vn -0.0000 -0.0000 -1.0000
vn -0.0000 -0.0000 1.0000
vn 0.9377 -0.0000 0.3475
vn 0.5859 -0.0000 0.8103
vn 0.1902 -0.0000 0.9817
vn -0.1902 -0.0000 0.9817
vn -0.5859 -0.0000 0.8103
vn -0.9377 -0.0000 0.3475
vn -0.9377 -0.0000 -0.3475
vn -0.5859 -0.0000 -0.8103
vn -0.1902 -0.0000 -0.9817
vn 0.1902 -0.0000 -0.9817
vn 0.5859 -0.0000 -0.8103
vn 0.9377 -0.0000 -0.3475
vn 0.7304 -0.0513 0.6811
vn 0.9949 -0.0513 0.0870
vn 0.8376 -0.0513 -0.5439
vn 0.3251 -0.0513 -0.9443
vn -0.3251 -0.0513 -0.9443
vn -0.8376 -0.0513 -0.5439
vn -0.9949 -0.0513 0.0870
vn -0.7304 -0.0513 0.6811
vn -0.7304 0.0513 -0.6811
vn -0.9949 0.0513 -0.0870
vn -0.8376 0.0513 0.5439
vn -0.3251 0.0513 0.9443
vn 0.3251 0.0513 0.9443
vn 0.8376 0.0513 0.5439
vn 0.9949 0.0513 -0.0870
vn 0.7304 0.0513 -0.6811
vn -0.6826 -0.0176 0.7306
vn -0.0401 -0.9985 -0.0365
vn 0.0401 0.9985 0.0365
vn -0.0572 -0.9984 -0.0050
vn 0.0572 0.9984 0.0050
vn -0.0481 -0.9984 0.0313
vn 0.0481 0.9984 -0.0313
vn -0.0187 -0.9984 0.0543
vn 0.0187 0.9984 -0.0543
vn 0.0187 -0.9984 0.0543
vn -0.0187 0.9984 -0.0543
vn 0.0481 -0.9984 0.0313
vn -0.0481 0.9984 -0.0313
vn 0.0572 -0.9984 -0.0050
vn -0.0572 0.9984 0.0050
vn 0.0401 -0.9985 -0.0365
vn 0.6826 -0.0176 0.7306
vn -0.0401 0.9985 0.0365
vn -0.2860 0.7119 0.6415
vn -0.3709 0.7858 0.4950
vn -0.4356 0.8610 0.2626
vn -0.4601 0.8874 0.0279
vn -0.4552 0.8643 -0.2139
vn -0.4065 0.7845 -0.4684
vn -0.2878 0.6575 -0.6963
vn -0.1037 0.5530 -0.8267
vn 0.1037 0.5530 -0.8267
vn 0.2878 0.6575 -0.6963
vn 0.4065 0.7845 -0.4684
vn 0.4552 0.8643 -0.2139
vn 0.4601 0.8874 0.0279
vn 0.4356 0.8610 0.2626
vn 0.3709 0.7858 0.4950
vn 0.2860 0.7119 0.6415
vn -0.2373 0.4535 0.8591
vn -0.3785 0.5340 0.7561
vn -0.5499 0.6694 0.4996
vn -0.6498 0.7514 0.1148
vn -0.6276 0.7119 -0.3150
vn -0.4899 0.5699 -0.6597
vn -0.2975 0.4171 -0.8588
vn -0.0982 0.3272 -0.9399
vn 0.0982 0.3272 -0.9399
vn 0.2975 0.4171 -0.8588
vn 0.4899 0.5699 -0.6597
vn 0.6276 0.7119 -0.3150
vn 0.6498 0.7514 0.1148
vn 0.5499 0.6694 0.4996
vn 0.3785 0.5340 0.7561
vn 0.2373 0.4535 0.8591
vn -0.2504 0.1057 0.9624
vn -0.4379 0.0350 0.8984
vn -0.7271 -0.1093 0.6777
vn -0.9477 -0.2488 0.1997
vn -0.8838 -0.2564 -0.3913
vn -0.6190 -0.1515 -0.7707
vn -0.3473 -0.0462 -0.9366
vn -0.1108 0.0116 -0.9938
vn 0.1108 0.0116 -0.9938
vn 0.3473 -0.0462 -0.9366
vn 0.6190 -0.1515 -0.7707
vn 0.8838 -0.2564 -0.3913
vn 0.9477 -0.2488 0.1997
vn 0.7271 -0.1093 0.6777
vn 0.4379 0.0350 0.8984
vn 0.2504 0.1057 0.9624
vn -0.2871 -0.0372 0.9572
vn -0.4885 -0.0540 0.8709
vn -0.7736 -0.0875 0.6276
vn -0.9769 -0.1144 0.1807
vn -0.9285 -0.1078 -0.3553
vn -0.6777 -0.0754 -0.7315
vn -0.3926 -0.0447 -0.9186
vn -0.1274 -0.0280 -0.9915
vn 0.1274 -0.0280 -0.9915
vn 0.3926 -0.0447 -0.9186
vn 0.6777 -0.0754 -0.7315
vn 0.9285 -0.1078 -0.3553
vn 0.9769 -0.1144 0.1807
vn 0.7736 -0.0875 0.6276
vn 0.4885 -0.0540 0.8709
vn 0.2871 -0.0372 0.9572
vn -0.3488 0.1223 0.9292
vn -0.5619 0.1312 0.8168
vn -0.7913 0.1554 0.5914
vn -0.9808 0.1873 0.0544
vn -0.9234 0.1823 -0.3379
vn -0.6321 0.1666 -0.7568
vn -0.4244 0.1545 -0.8922
vn -0.0912 0.1445 -0.9853
vn 0.0912 0.1445 -0.9853
vn 0.4244 0.1545 -0.8922
vn 0.6321 0.1666 -0.7568
vn 0.9234 0.1823 -0.3379
vn 0.9808 0.1873 0.0544
vn 0.7913 0.1554 0.5914
vn 0.5619 0.1312 0.8168
vn 0.3488 0.1223 0.9292
vn -0.4264 0.1239 0.8960
vn -0.6562 0.1302 0.7433
vn -0.8072 0.1325 0.5752
vn -0.9792 0.1657 -0.1173
vn -0.9363 0.1594 -0.3129
vn -0.5614 0.1613 -0.8117
vn -0.4737 0.1602 -0.8660
vn -0.0294 0.1582 -0.9870
vn 0.0294 0.1582 -0.9870
vn 0.4737 0.1602 -0.8660
vn 0.5614 0.1613 -0.8117
vn 0.9363 0.1594 -0.3129
vn 0.9792 0.1657 -0.1173
vn 0.8072 0.1325 0.5752
vn 0.6562 0.1302 0.7433
vn 0.4264 0.1239 0.8960
vn -0.5059 0.1334 0.8522
vn -0.7422 0.1390 0.6556
vn -0.8304 0.1255 0.5428
vn -0.9542 0.1679 -0.2478
vn -0.9440 0.1536 -0.2920
vn -0.5105 0.1715 -0.8426
vn -0.5172 0.1703 -0.8387
vn 0.0175 0.1750 -0.9844
vn -0.0175 0.1750 -0.9844
vn 0.5172 0.1703 -0.8387
vn 0.5105 0.1715 -0.8426
vn 0.9440 0.1536 -0.2920
vn 0.9542 0.1679 -0.2478
vn 0.8304 0.1255 0.5428
vn 0.7422 0.1390 0.6556
vn 0.5059 0.1334 0.8522
vn -0.5467 0.1147 0.8294
vn -0.8097 0.1202 0.5743
vn -0.8422 0.0957 0.5306
vn -0.9342 0.1386 -0.3286
vn -0.9563 0.1351 -0.2592
vn -0.4537 0.1338 -0.8810
vn -0.5628 0.1183 -0.8181
vn 0.0492 0.1321 -0.9900
vn -0.0581 0.1419 -0.9882
vn 0.5725 0.1237 -0.8105
vn 0.4611 0.1236 -0.8787
vn 0.9520 0.1320 -0.2762
vn 0.9315 0.1520 -0.3303
vn 0.8354 0.0950 0.5414
vn 0.8105 0.1094 0.5754
vn 0.5685 0.1204 0.8138
vn -0.5599 0.0988 0.8226
vn -0.8391 0.1347 0.5270
vn -0.8447 0.0985 0.5261
vn -0.9224 0.1644 -0.3495
vn -0.9614 0.1321 -0.2416
vn -0.4110 0.1533 -0.8987
vn -0.5798 0.1402 -0.8026
vn 0.0562 0.1440 -0.9880
vn -0.0759 0.1435 -0.9867
vn 0.6014 0.1389 -0.7868
vn 0.4248 0.1535 -0.8922
vn 0.9520 0.1352 -0.2748
vn 0.9192 0.1648 -0.3577
vn 0.8316 0.0947 0.5473
vn 0.8402 0.1350 0.5252
vn 0.5964 0.1063 0.7956
vn 0.2894 -0.7114 -0.6404
vn 0.3754 -0.7872 -0.4892
vn 0.4385 -0.8622 -0.2536
vn 0.4602 -0.8875 -0.0252
vn 0.4556 -0.8660 0.2063
vn 0.4104 -0.7890 0.4573
vn 0.2931 -0.6611 0.6907
vn 0.1060 -0.5532 0.8263
vn -0.1060 -0.5532 0.8263
vn -0.2931 -0.6611 0.6907
vn -0.4104 -0.7890 0.4573
vn -0.4556 -0.8660 0.2063
vn -0.4602 -0.8875 -0.0252
vn -0.4385 -0.8622 -0.2536
vn -0.3754 -0.7872 -0.4892
vn -0.2894 -0.7114 -0.6404
vn 0.2372 -0.4507 -0.8606
vn 0.3790 -0.5314 -0.7576
vn 0.5507 -0.6706 -0.4969
vn 0.6462 -0.7547 -0.1135
vn 0.6266 -0.7154 0.3090
vn 0.4925 -0.5697 0.6579
vn 0.2978 -0.4139 0.8602
vn 0.0979 -0.3250 0.9406
vn -0.0979 -0.3250 0.9406
vn -0.2978 -0.4139 0.8602
vn -0.4925 -0.5697 0.6579
vn -0.6266 -0.7154 0.3090
vn -0.6462 -0.7547 -0.1135
vn -0.5507 -0.6706 -0.4969
vn -0.3790 -0.5314 -0.7576
vn -0.2372 -0.4507 -0.8606
vn 0.2506 -0.1063 -0.9622
vn 0.4391 -0.0351 -0.8977
vn 0.7310 0.1108 -0.6733
vn 0.9484 0.2504 -0.1944
vn 0.8852 0.2574 0.3875
vn 0.6217 0.1522 0.7683
vn 0.3483 0.0462 0.9363
vn 0.1110 -0.0118 0.9938
vn -0.1110 -0.0118 0.9938
vn -0.3483 0.0462 0.9363
vn -0.6217 0.1522 0.7683
vn -0.8852 0.2574 0.3875
vn -0.9484 0.2504 -0.1944
vn -0.7310 0.1108 -0.6733
vn -0.4391 -0.0351 -0.8977
vn -0.2506 -0.1063 -0.9622
vn 0.2873 0.0370 -0.9571
vn 0.4890 0.0538 -0.8706
vn 0.7757 0.0875 -0.6250
vn 0.9763 0.1143 -0.1836
vn 0.9291 0.1079 0.3537
vn 0.6805 0.0757 0.7288
vn 0.3932 0.0447 0.9183
vn 0.1282 0.0280 0.9913
vn -0.1282 0.0280 0.9913
vn -0.3932 0.0447 0.9183
vn -0.6805 0.0757 0.7288
vn -0.9291 0.1079 0.3537
vn -0.9763 0.1143 -0.1836
vn -0.7757 0.0875 -0.6250
vn -0.4890 0.0538 -0.8706
vn -0.2873 0.0370 -0.9571
vn 0.3490 -0.1227 -0.9290
vn 0.5619 -0.1315 -0.8167
vn 0.7925 -0.1559 -0.5897
vn 0.9809 -0.1863 -0.0551
vn 0.9235 -0.1821 0.3375
vn 0.6331 -0.1662 0.7560
vn 0.4244 -0.1544 0.8922
vn 0.0916 -0.1444 0.9853
vn -0.0916 -0.1444 0.9853
vn -0.4244 -0.1544 0.8922
vn -0.6331 -0.1662 0.7560
vn -0.9235 -0.1821 0.3375
vn -0.9809 -0.1863 -0.0551
vn -0.7925 -0.1559 -0.5897
vn -0.5619 -0.1315 -0.8167
vn -0.3490 -0.1227 -0.9290
vn 0.4266 -0.1243 -0.8959
vn 0.6561 -0.1302 -0.7434
vn 0.8070 -0.1327 -0.5754
vn 0.9792 -0.1646 0.1186
vn 0.9365 -0.1593 0.3125
vn 0.5607 -0.1608 0.8122
vn 0.4738 -0.1599 0.8660
vn 0.0291 -0.1579 0.9870
vn -0.0291 -0.1579 0.9870
vn -0.4738 -0.1599 0.8660
vn -0.5607 -0.1608 0.8122
vn -0.9365 -0.1593 0.3125
vn -0.9792 -0.1646 0.1186
vn -0.8070 -0.1327 -0.5754
vn -0.6561 -0.1302 -0.7434
vn -0.4266 -0.1243 -0.8959
vn 0.5067 -0.1338 -0.8517
vn 0.7424 -0.1387 -0.6555
vn 0.8308 -0.1260 -0.5422
vn 0.9541 -0.1665 0.2491
vn 0.9440 -0.1533 0.2922
vn 0.5106 -0.1707 0.8427
vn 0.5173 -0.1699 0.8388
vn -0.0177 -0.1746 0.9845
vn 0.0176 -0.1745 0.9845
vn -0.5172 -0.1698 0.8389
vn -0.5105 -0.1707 0.8427
vn -0.9441 -0.1534 0.2918
vn -0.9541 -0.1665 0.2491
vn -0.8310 -0.1260 -0.5418
vn -0.7424 -0.1387 -0.6555
vn -0.5063 -0.1338 -0.8519
vn 0.5474 -0.1152 -0.8289
vn 0.8101 -0.1194 -0.5740
vn 0.8423 -0.0959 -0.5303
vn 0.9339 -0.1371 0.3303
vn 0.9565 -0.1340 0.2591
vn 0.4536 -0.1320 0.8814
vn 0.5632 -0.1174 0.8179
vn -0.0495 -0.1316 0.9901
vn 0.0583 -0.1410 0.9883
vn -0.5728 -0.1224 0.8105
vn -0.4608 -0.1222 0.8791
vn -0.9521 -0.1315 0.2759
vn -0.9312 -0.1501 0.3320
vn -0.8356 -0.0948 -0.5411
vn -0.8108 -0.1087 -0.5751
vn -0.5693 -0.1211 -0.8132
vn 0.5597 -0.0997 -0.8227
vn 0.8393 -0.1331 -0.5271
vn 0.8445 -0.1002 -0.5260
vn 0.9225 -0.1617 0.3505
vn 0.9615 -0.1342 0.2399
vn 0.4131 -0.1479 0.8986
vn 0.5797 -0.1379 0.8031
vn -0.0566 -0.1449 0.9878
vn 0.0767 -0.1446 0.9865
vn -0.6007 -0.1356 0.7879
vn -0.4277 -0.1462 0.8920
vn -0.9517 -0.1394 0.2736
vn -0.9184 -0.1650 0.3595
vn -0.8325 -0.0927 -0.5461
vn -0.8400 -0.1324 -0.5262
vn -0.5964 -0.1082 -0.7954
vn 0.8849 -0.1081 0.4530
vn 0.4421 0.6751 -0.5906
vn 0.6313 0.5945 -0.4980
vn 0.8275 0.4958 -0.2635
vn 0.8868 0.4584 0.0587
vn 0.7771 0.5111 0.3673
vn 0.5353 0.6314 0.5611
vn 0.2735 0.7511 0.6008
vn 0.0795 0.8148 0.5742
vn -0.0795 0.8148 0.5742
vn -0.2736 0.7511 0.6008
vn -0.5353 0.6314 0.5611
vn -0.7771 0.5111 0.3673
vn -0.8868 0.4584 0.0587
vn -0.8275 0.4958 -0.2635
vn -0.6313 0.5945 -0.4980
vn -0.4421 0.6751 -0.5906
vn -0.8849 -0.1081 0.4530
vn 0.9365 -0.0950 0.3375
vn -0.9365 -0.0950 0.3375
vn 0.9541 0.1916 0.2302
vn -0.9541 0.1916 0.2302
vn 0.9556 -0.0062 0.2945
vn -0.9556 -0.0062 0.2945
vn 0.9211 -0.1480 0.3601
vn -0.9211 -0.1480 0.3601
vn 0.8933 -0.1028 0.4376
vn -0.8933 -0.1028 0.4376
vn 0.8529 -0.1196 0.5083
vn -0.8498 -0.1183 0.5136
vn 0.8275 -0.1100 0.5506
vn -0.8129 -0.1203 0.5699
vn 0.8090 -0.1578 0.5663
vn -0.2796 -0.9549 -0.0998
vn 0.0350 -0.9718 0.2333
vn -0.0788 -0.9786 0.1900
vn -0.1138 -0.9431 -0.3124
vn -0.1306 -0.9874 -0.0889
vn -0.2388 -0.9711 0.0012
vn -0.0782 -0.9886 -0.1290
vn 0.2122 -0.9603 -0.1812
vn -0.0780 -0.9835 -0.1631
vn -0.0985 -0.9733 -0.2072
vn 0.1631 -0.9844 -0.0659
vn 0.2661 -0.9538 0.1395
vn 0.1242 -0.9566 -0.2637
vn 0.1631 -0.9842 -0.0682
vn -0.0375 -0.9686 0.2459
vn -0.7867 -0.1512 0.5985
vn -0.0471 -0.9781 0.2027
vn 0.1621 0.4703 -0.8675
vn 0.5774 0.7475 -0.3285
vn 0.5767 0.7206 0.3848
vn 0.1636 0.4131 0.8959
vn -0.4391 -0.0398 0.8976
vn -0.8449 -0.3970 0.3586
vn -0.8329 -0.3932 -0.3894
vn -0.4339 0.0010 -0.9010
vn 0.3803 0.1405 -0.9141
vn 0.9053 0.2196 -0.3637
vn 0.9067 0.1523 0.3933
vn 0.3860 -0.0236 0.9222
vn -0.3612 -0.2020 0.9103
vn -0.8913 -0.2747 0.3607
vn -0.8936 -0.2053 -0.3992
vn -0.3679 -0.0359 -0.9292
vn 0.3666 0.1503 -0.9181
vn 0.8983 0.2280 -0.3756
vn 0.9070 0.1623 0.3887
vn 0.3844 -0.0123 0.9231
vn -0.3576 -0.1900 0.9144
vn -0.8891 -0.2645 0.3737
vn -0.9003 -0.1943 -0.3896
vn -0.3778 -0.0229 -0.9256
vn 0.3863 -0.0794 -0.9189
vn 0.9198 0.0523 -0.3889
vn 0.9145 0.1637 0.3701
vn 0.3688 0.1925 0.9094
vn -0.3907 0.1203 0.9126
vn -0.9230 -0.0140 0.3846
vn -0.9186 -0.1308 -0.3729
vn -0.3742 -0.1568 -0.9140
vn 0.3648 0.0288 -0.9306
vn 0.8988 0.1606 -0.4078
vn 0.8988 0.2732 0.3427
vn 0.3648 0.3006 0.8812
vn -0.3904 0.2267 0.8923
vn -0.9244 0.0949 0.3695
vn -0.9244 -0.0177 -0.3810
vn -0.3904 -0.0451 -0.9196
vn 0.3659 0.0213 -0.9304
vn 0.9005 0.1532 -0.4070
vn 0.9005 0.2659 0.3442
vn 0.3659 0.2933 0.8832
vn -0.3900 0.2194 0.8943
vn -0.9245 0.0874 0.3709
vn -0.9245 -0.0253 -0.3803
vn -0.3900 -0.0527 -0.9193
vn -0.7071 0.7071 -0.0000
vn -0.2611 0.4754 0.8401
vn -0.5879 0.7632 0.2681
vn -0.4926 0.7433 -0.4527
vn -0.0165 0.3963 -0.9180
vn 0.5504 -0.1004 -0.8288
vn 0.8757 -0.4214 -0.2358
vn 0.7882 -0.3483 0.5074
vn 0.3104 0.0272 0.9502
vn -0.7098 0.0825 0.6996
vn -0.9531 0.3023 0.0130
vn -0.6491 0.3276 -0.6865
vn 0.0323 0.1451 -0.9889
vn 0.6888 -0.1374 -0.7118
vn 0.9336 -0.3575 -0.0228
vn 0.6250 -0.3881 0.6773
vn -0.0580 -0.2051 0.9770
vn -0.4194 -0.1617 0.8933
vn -0.8728 0.1591 0.4614
vn -0.8847 0.3482 -0.3100
vn -0.3583 0.2389 -0.9025
vn 0.3380 -0.0126 -0.9411
vn 0.8477 -0.2474 -0.4693
vn 0.8653 -0.3907 0.3140
vn 0.2693 -0.3699 0.8892
vn 0.7023 0.5650 0.4330
vn 0.1391 0.9121 0.3857
vn -0.5780 0.7930 0.1927
vn -0.9492 0.1837 -0.2556
vn -0.6622 -0.4487 -0.6001
vn -0.0322 -0.7944 -0.6066
vn 0.6359 -0.7237 -0.2681
vn 0.9638 -0.1465 0.2227
vn 0.8445 0.4131 0.3407
vn 0.2536 0.8758 0.4106
vn -0.4563 0.8758 0.1571
vn -0.8693 0.4131 -0.2714
vn -0.7435 -0.2413 -0.6237
vn -0.1525 -0.7040 -0.6936
vn 0.5574 -0.7040 -0.4401
vn 0.9704 -0.2413 -0.0116
vn 0.8358 0.3904 0.3860
vn 0.2403 0.8567 0.4564
vn -0.4751 0.8567 0.2009
vn -0.8912 0.3904 -0.2308
vn -0.7644 -0.2690 -0.5859
vn -0.1689 -0.7353 -0.6563
vn 0.5465 -0.7353 -0.4008
vn 0.9626 -0.2690 0.0309
vn 0.7071 0.7071 -0.0000
vn -0.1635 -0.4751 0.8646
vn -0.5772 -0.7494 0.3245
vn -0.5767 -0.7224 -0.3816
vn -0.1675 -0.4188 -0.8925
vn 0.4405 0.0333 -0.8971
vn 0.8537 0.3799 -0.3561
vn 0.8431 0.3740 0.3865
vn 0.4387 -0.0065 0.8986
vn -0.3794 -0.1411 0.9144
vn -0.9058 -0.2197 0.3624
vn -0.9065 -0.1520 -0.3938
vn -0.3849 0.0236 -0.9226
vn 0.3651 0.2021 -0.9088
vn 0.8923 0.2753 -0.3579
vn 0.8935 0.2061 0.3989
vn 0.3713 0.0358 0.9278
vn -0.3667 -0.1501 0.9182
vn -0.8991 -0.2277 0.3738
vn -0.9054 -0.1612 -0.3927
vn -0.3801 0.0133 -0.9248
vn 0.3588 0.1895 -0.9140
vn 0.8881 0.2641 -0.3762
vn 0.9015 0.1952 0.3863
vn 0.3794 0.0238 0.9249
vn -0.3855 0.0792 0.9193
vn -0.9202 -0.0529 0.3879
vn -0.9131 -0.1645 -0.3730
vn -0.3658 -0.1923 -0.9106
vn 0.3907 -0.1196 -0.9127
vn 0.9215 0.0137 -0.3880
vn 0.9204 0.1300 0.3687
vn 0.3769 0.1564 0.9130
vn -0.3645 -0.0289 0.9308
vn -0.8987 -0.1607 0.4080
vn -0.8989 -0.2733 -0.3424
vn -0.3653 -0.3007 -0.8810
vn 0.3901 -0.2269 -0.8924
vn 0.9243 -0.0950 -0.3695
vn 0.9245 0.0175 0.3809
vn 0.3907 0.0449 0.9194
vn -0.3659 -0.0212 0.9304
vn -0.9005 -0.1532 0.4070
vn -0.9005 -0.2659 -0.3442
vn -0.3659 -0.2933 -0.8832
vn 0.3900 -0.2194 -0.8943
vn 0.9245 -0.0874 -0.3710
vn 0.9245 0.0253 0.3803
vn 0.3900 0.0527 0.9193
vn 0.7108 -0.7034 0.0013
vn 0.2580 -0.4731 -0.8424
vn 0.5868 -0.7606 -0.2777
vn 0.4984 -0.7463 0.4412
vn 0.0206 -0.4048 0.9142
vn -0.5562 0.0848 0.8267
vn -0.8808 0.4082 0.2398
vn -0.7926 0.3483 -0.5005
vn -0.3142 -0.0256 -0.9490
vn 0.7251 -0.0911 -0.6826
vn 0.9518 -0.3063 0.0153
vn 0.6318 -0.3233 0.7045
vn -0.0557 -0.1360 0.9891
vn -0.7064 0.1475 0.6922
vn -0.9324 0.3615 -0.0056
vn -0.6096 0.3842 -0.6934
vn 0.0752 0.1986 -0.9772
vn 0.4465 0.1550 -0.8813
vn 0.8718 -0.1568 -0.4640
vn 0.8949 -0.3441 0.2842
vn 0.3554 -0.2273 0.9066
vn -0.3477 0.0247 0.9373
vn -0.8487 0.2518 0.4651
vn -0.8381 0.4163 -0.3524
vn -0.1573 0.3947 -0.9053
vn -0.7265 -0.5504 -0.4114
vn -0.2017 -0.9017 -0.3824
vn 0.5140 -0.8322 -0.2079
vn 0.9447 -0.2194 0.2438
vn 0.6799 0.4241 0.5982
vn 0.0578 0.7814 0.6214
vn -0.6422 0.7133 0.2807
vn -0.9702 0.0927 -0.2241
vn -0.8494 -0.4068 -0.3362
vn -0.2566 -0.8757 -0.4091
vn 0.4541 -0.8771 -0.1566
vn 0.8672 -0.4200 0.2676
vn 0.7475 0.2335 0.6218
vn 0.1573 0.7012 0.6954
vn -0.5545 0.7041 0.4436
vn -0.9690 0.2466 0.0177
vn -0.8358 -0.3903 -0.3861
vn -0.2403 -0.8566 -0.4565
vn 0.4751 -0.8566 -0.2010
vn 0.8913 -0.3903 0.2307
vn 0.7645 0.2691 0.5858
vn 0.1690 0.7354 0.6562
vn -0.5464 0.7354 0.4007
vn -0.9626 0.2691 -0.0310
vn -0.7117 -0.7025 0.0010
vn 0.1518 -0.9883 0.0148
vn 0.2287 -0.9693 0.0901
vn 0.2287 -0.9531 0.1982
vn 0.1518 -0.9491 0.2758
vn 0.0430 -0.9598 0.2774
vn -0.0339 -0.9788 0.2021
vn -0.0339 -0.9950 0.0940
vn 0.0430 -0.9989 0.0164
vn -0.1738 -0.4438 0.8791
vn -0.2595 -0.3767 0.8892
vn -0.3625 -0.3767 0.8525
vn -0.4224 -0.4438 0.7903
vn -0.4041 -0.5387 0.7392
vn -0.3184 -0.6058 0.7291
vn -0.2155 -0.6058 0.7659
vn -0.1556 -0.5387 0.8280
vn -0.3836 0.4042 0.8304
vn 0.1956 0.9506 0.2409
vn 0.6969 0.4975 -0.5165
vn 0.6159 -0.4834 -0.6221
vn 0.0233 -0.9993 0.0286
vn -0.4621 -0.5171 0.7204
vn -0.8529 0.4714 0.2245
vn 0.0342 0.9874 0.1544
vn 0.8704 0.4744 -0.1316
vn 0.8301 -0.4520 -0.3266
vn -0.0567 -0.9651 -0.2556
vn -0.8907 -0.4537 0.0292
vn -0.8384 0.4481 -0.3104
vn -0.1788 0.9518 0.2491
vn 0.5997 0.4393 0.6688
vn 0.6920 -0.4930 0.5274
vn 0.0282 -0.9988 -0.0393
vn -0.7510 -0.4789 -0.4546
vn -0.3718 0.4860 -0.7910
vn -0.1500 0.9877 0.0451
vn 0.1338 0.4580 0.8788
vn 0.1848 -0.4972 0.8478
vn -0.0288 -0.9995 0.0087
vn -0.3177 -0.4690 -0.8241
vn 0.3718 0.4860 -0.7910
vn 0.1500 0.9877 0.0451
vn -0.1338 0.4580 0.8788
vn -0.1848 -0.4972 0.8478
vn 0.0288 -0.9995 0.0087
vn 0.3177 -0.4690 -0.8241
vn 0.8384 0.4481 -0.3104
vn 0.1788 0.9518 0.2491
vn -0.5997 0.4393 0.6688
vn -0.6920 -0.4930 0.5274
vn -0.0282 -0.9988 -0.0393
vn 0.7510 -0.4789 -0.4546
vn 0.8529 0.4714 0.2245
vn -0.0342 0.9874 0.1544
vn -0.8704 0.4744 -0.1316
vn -0.8301 -0.4519 -0.3266
vn 0.0567 -0.9651 -0.2556
vn 0.8907 -0.4537 0.0292
vn 0.3836 0.4042 0.8304
vn -0.1956 0.9506 0.2409
vn -0.6969 0.4975 -0.5165
vn -0.6159 -0.4834 -0.6221
vn -0.0233 -0.9993 0.0286
vn 0.4621 -0.5171 0.7204
vn 0.7875 -0.1322 0.6020
vn -0.7875 -0.1322 0.6020
vn 0.4402 0.8382 0.3218
vn 0.2826 0.3927 0.8752
vn -0.0000 0.1588 0.9873
vn -0.2826 0.3927 0.8752
vn -0.4402 0.8382 0.3218
vn -0.3284 0.9135 -0.2401
vn -0.1652 0.8433 -0.5115
vn -0.0000 0.8058 -0.5922
vn 0.1652 0.8433 -0.5115
vn 0.3284 0.9135 -0.2401
vn 0.7934 0.0004 0.6087
vn 0.2886 -0.1921 0.9380
vn -0.0000 -0.2198 0.9755
vn -0.2886 -0.1921 0.9380
vn -0.7934 0.0004 0.6087
vn -0.7254 0.4051 -0.5565
vn -0.2631 0.4468 -0.8551
vn -0.0000 0.4486 -0.8937
vn 0.2631 0.4468 -0.8551
vn 0.7254 0.4051 -0.5565
vn 0.7621 -0.3029 0.5723
vn 0.2929 -0.2142 0.9318
vn -0.0000 -0.1895 0.9819
vn -0.2929 -0.2142 0.9318
vn -0.7621 -0.3029 0.5723
vn -0.7759 -0.2418 -0.5827
vn -0.2981 -0.1096 -0.9482
vn -0.0000 -0.0785 -0.9969
vn 0.2981 -0.1096 -0.9482
vn 0.7759 -0.2418 -0.5827
vn 0.6503 -0.6070 0.4568
vn 0.2975 -0.3571 0.8854
vn -0.0000 -0.2715 0.9624
vn -0.2975 -0.3571 0.8854
vn -0.6503 -0.6070 0.4568
vn -0.6264 -0.6434 -0.4401
vn -0.2839 -0.4534 -0.8449
vn -0.0000 -0.3836 -0.9235
vn 0.2839 -0.4534 -0.8449
vn 0.6264 -0.6434 -0.4401
vn 0.4307 -0.8614 0.2691
vn 0.2326 -0.7528 0.6158
vn -0.0000 -0.7032 0.7110
vn -0.2326 -0.7528 0.6158
vn -0.4307 -0.8614 0.2691
vn -0.4307 -0.8614 -0.2691
vn -0.2326 -0.7528 -0.6158
vn -0.0000 -0.7032 -0.7110
vn 0.2326 -0.7528 -0.6158
vn 0.4307 -0.8614 -0.2691
s 0
usemtl Shirt
f 1939//1941 1940//1941 1952//1941 1951//1941
f 1940//1942 1941//1942 1953//1942 1952//1942
f 1941//1943 1942//1943 1954//1943 1953//1943
f 1942//1944 1943//1944 1955//1944 1954//1944
f 1943//1945 1944//1945 1956//1945 1955//1945
f 1944//1946 1945//1946 1957//1946 1956//1946
f 1945//1947 1946//1947 1958//1947 1957//1947
f 1946//1948 1947//1948 1959//1948 1958//1948
f 1947//1949 1948//1949 1960//1949 1959//1949
f 1948//1950 1949//1950 1961//1950 1960//1950
f 1949//1951 1950//1951 1962//1951 1961//1951
f 1950//1952 1939//1952 1951//1952 1962//1952
f 1951//1953 1952//1953 1964//1953 1963//1953
f 1952//1954 1953//1954 1965//1954 1964//1954
f 1953//1955 1954//1955 1966//1955 1965//1955
f 1954//1956 1955//1956 1967//1956 1966//1956
f 1955//1957 1956//1957 1968//1957 1967//1957
f 1956//1958 1957//1958 1969//1958 1968//1958
f 1957//1959 1958//1959 1970//1959 1969//1959
f 1958//1960 1959//1960 1971//1960 1970//1960
f 1959//1961 1960//1961 1972//1961 1971//1961
f 1960//1962 1961//1962 1973//1962 1972//1962
f 1961//1963 1962//1963 1974//1963 1973//1963
f 1962//1964 1951//1964 1963//1964 1974//1964
f 1963//1965 1964//1965 1976//1965 1975//1965
f 1964//1966 1965//1966 1977//1966 1976//1966
f 1965//1967 1966//1967 1978//1967 1977//1967
f 1966//1968 1967//1968 1979//1968 1978//1968
f 1967//1969 1968//1969 1980//1969 1979//1969
f 1968//1970 1969//1970 1981//1970 1980//1970
f 1969//1971 1970//1971 1982//1971 1981//1971
f 1970//1972 1971//1972 1983//1972 1982//1972
f 1971//1973 1972//1973 1984//1973 1983//1973
f 1972//1974 1973//1974 1985//1974 1984//1974
f 1973//1975 1974//1975 1986//1975 1985//1975
f 1974//1976 1963//1976 1975//1976 1986//1976
f 1975//1977 1976//1977 1988//1977 1987//1977
f 1976//1978 1977//1978 1989//1978 1988//1978
f 1977//1979 1978//1979 1990//1979 1989//1979
f 1978//1980 1979//1980 1991//1980 1990//1980
f 1979//1981 1980//1981 1992//1981 1991//1981
f 1980//1982 1981//1982 1993//1982 1992//1982
f 1981//1983 1982//1983 1994//1983 1993//1983
f 1982//1984 1983//1984 1995//1984 1994//1984
f 1983//1985 1984//1985 1996//1985 1995//1985
f 1984//1986 1985//1986 1997//1986 1996//1986
f 1985//1987 1986//1987 1998//1987 1997//1987
f 1986//1988 1975//1988 1987//1988 1998//1988
f 1987//1989 1988//1989 2000//1989 1999//1989
f 1988//1990 1989//1990 2001//1990 2000//1990
f 1989//1991 1990//1991 2002//1991 2001//1991
f 1990//1992 1991//1992 2003//1992 2002//1992
f 1991//1993 1992//1993 2004//1993 2003//1993
f 1992//1994 1993//1994 2005//1994 2004//1994
f 1993//1995 1994//1995 2006//1995 2005//1995
f 1994//1996 1995//1996 2007//1996 2006//1996
f 1995//1997 1996//1997 2008//1997 2007//1997
f 1996//1998 1997//1998 2009//1998 2008//1998
f 1997//1999 1998//1999 2010//1999 2009//1999
f 1998//2000 1987//2000 1999//2000 2010//2000
f 1950//2001 1949//2001 1948//2001 1947//2001 1946//2001 1945//2001 1944//2001 1943//2001 1942//2001 1941//2001 1940//2001 1939//2001
f 1999//2002 2000//2002 2001//2002 2002//2002 2003//2002 2004//2002 2005//2002 2006//2002 2007//2002 2008//2002 2009//2002 2010//2002
f 2455//2231 2456//2231 2465//2231 2464//2231
f 2456//2232 2457//2232 2466//2232 2465//2232
f 2457//2233 2458//2233 2467//2233 2466//2233
f 2458//2234 2459//2234 2468//2234 2467//2234
f 2459//2235 2460//2235 2469//2235 2468//2235
f 2460//2236 2461//2236 2470//2236 2469//2236
f 2461//2237 2462//2237 2471//2237 2470//2237
f 2462//2238 2463//2238 2472//2238 2471//2238
f 2473//2239 2482//2239 2483//2239 2474//2239
f 2474//2240 2483//2240 2484//2240 2475//2240
f 2475//2241 2484//2241 2485//2241 2476//2241
f 2476//2242 2485//2242 2486//2242 2477//2242
f 2477//2243 2486//2243 2487//2243 2478//2243
f 2478//2244 2487//2244 2488//2244 2479//2244
f 2479//2245 2488//2245 2489//2245 2480//2245
f 2480//2246 2489//2246 2490//2246 2481//2246
f 2455//2247 2464//2247 2482//2247 2473//2247
f 2456//2248 2455//2248 2473//2248 2474//2248
f 2464//2249 2465//2249 2483//2249 2482//2249
f 2457//2250 2456//2250 2474//2250 2475//2250
f 2465//2251 2466//2251 2484//2251 2483//2251
f 2458//2252 2457//2252 2475//2252 2476//2252
f 2466//2253 2467//2253 2485//2253 2484//2253
f 2459//2254 2458//2254 2476//2254 2477//2254
f 2467//2255 2468//2255 2486//2255 2485//2255
f 2460//2256 2459//2256 2477//2256 2478//2256
f 2468//2257 2469//2257 2487//2257 2486//2257
f 2461//2258 2460//2258 2478//2258 2479//2258
f 2469//2259 2470//2259 2488//2259 2487//2259
f 2462//2260 2461//2260 2479//2260 2480//2260
f 2470//2261 2471//2261 2489//2261 2488//2261
f 2463//2262 2462//2262 2480//2262 2481//2262
f 2472//2263 2463//2263 2481//2263 2490//2263
f 2471//2264 2472//2264 2490//2264 2489//2264
usemtl Pants
f 2011//2003 2012//2003 2024//2003 2023//2003
f 2012//2004 2013//2004 2025//2004 2024//2004
f 2013//2005 2014//2005 2026//2005 2025//2005
f 2014//2006 2015//2006 2027//2006 2026//2006
f 2015//2007 2016//2007 2028//2007 2027//2007
f 2016//2008 2017//2008 2029//2008 2028//2008
f 2017//2009 2018//2009 2030//2009 2029//2009
f 2018//2010 2019//2010 2031//2010 2030//2010
f 2019//2011 2020//2011 2032//2011 2031//2011
f 2020//2012 2021//2012 2033//2012 2032//2012
f 2021//2013 2022//2013 2034//2013 2033//2013
f 2022//2014 2011//2014 2023//2014 2034//2014
f 2023//2015 2024//2015 2036//2015 2035//2015
f 2024//2016 2025//2016 2037//2016 2036//2016
f 2025//2017 2026//2017 2038//2017 2037//2017
f 2026//2018 2027//2018 2039//2018 2038//2018
f 2027//2019 2028//2019 2040//2019 2039//2019
f 2028//2020 2029//2020 2041//2020 2040//2020
f 2029//2021 2030//2021 2042//2021 2041//2021
f 2030//2022 2031//2022 2043//2022 2042//2022
f 2031//2023 2032//2023 2044//2023 2043//2023
f 2032//2024 2033//2024 2045//2024 2044//2024
f 2033//2025 2034//2025 2046//2025 2045//2025
f 2034//2026 2023//2026 2035//2026 2046//2026
f 2035//2027 2036//2027 2048//2027 2047//2027
f 2036//2028 2037//2028 2049//2028 2048//2028
f 2037//2029 2038//2029 2050//2029 2049//2029
f 2038//2030 2039//2030 2051//2030 2050//2030
f 2039//2031 2040//2031 2052//2031 2051//2031
f 2040//2032 2041//2032 2053//2032 2052//2032
f 2041//2033 2042//2033 2054//2033 2053//2033
f 2042//2034 2043//2034 2055//2034 2054//2034
f 2043//2035 2044//2035 2056//2035 2055//2035
f 2044//2036 2045//2036 2057//2036 2056//2036
f 2045//2037 2046//2037 2058//2037 2057//2037
f 2046//2038 2035//2038 2047//2038 2058//2038
f 2022//2002 2021//2002 2020//2002 2019//2002 2018//2002 2017//2002 2016//2002 2015//2002 2014//2002 2013//2002 2012//2002 2011//2002
f 2047//2001 2048//2001 2049//2001 2050//2001 2051//2001 2052//2001 2053//2001 2054//2001 2055//2001 2056//2001 2057//2001 2058//2001
f 2059//2039 2060//2039 2068//2039 2067//2039
f 2060//2040 2061//2040 2069//2040 2068//2040
f 2061//2041 2062//2041 2070//2041 2069//2041
f 2062//2042 2063//2042 2071//2042 2070//2042
f 2063//2043 2064//2043 2072//2043 2071//2043
f 2064//2044 2065//2044 2073//2044 2072//2044
f 2065//2045 2066//2045 2074//2045 2073//2045
f 2066//2046 2059//2046 2067//2046 2074//2046
f 2067//2047 2068//2047 2076//2047 2075//2047
f 2068//2048 2069//2048 2077//2048 2076//2048
f 2069//2049 2070//2049 2078//2049 2077//2049
f 2070//2050 2071//2050 2079//2050 2078//2050
f 2071//2051 2072//2051 2080//2051 2079//2051
f 2072//2052 2073//2052 2081//2052 2080//2052
f 2073//2053 2074//2053 2082//2053 2081//2053
f 2074//2054 2067//2054 2075//2054 2082//2054
f 2075//2055 2076//2055 2084//2055 2083//2055
f 2076//2056 2077//2056 2085//2056 2084//2056
f 2077//2057 2078//2057 2086//2057 2085//2057
f 2078//2058 2079//2058 2087//2058 2086//2058
f 2079//2059 2080//2059 2088//2059 2087//2059
f 2080//2060 2081//2060 2089//2060 2088//2060
f 2081//2061 2082//2061 2090//2061 2089//2061
f 2082//2062 2075//2062 2083//2062 2090//2062
f 2083//2063 2084//2063 2092//2063 2091//2063
f 2084//2064 2085//2064 2093//2064 2092//2064
f 2085//2065 2086//2065 2094//2065 2093//2065
f 2086//2066 2087//2066 2095//2066 2094//2066
f 2087//2067 2088//2067 2096//2067 2095//2067
f 2088//2068 2089//2068 2097//2068 2096//2068
f 2089//2069 2090//2069 2098//2069 2097//2069
f 2090//2070 2083//2070 2091//2070 2098//2070
f 2066//2071 2065//2071 2064//2071 2063//2071 2062//2071 2061//2071 2060//2071 2059//2071
f 2091//2072 2092//2072 2093//2072 2094//2072 2095//2072 2096//2072 2097//2072 2098//2072
f 2217//2151 2218//2151 2226//2151 2225//2151
f 2218//2152 2219//2152 2227//2152 2226//2152
f 2219//2153 2220//2153 2228//2153 2227//2153
f 2220//2154 2221//2154 2229//2154 2228//2154
f 2221//2155 2222//2155 2230//2155 2229//2155
f 2222//2156 2223//2156 2231//2156 2230//2156
f 2223//2157 2224//2157 2232//2157 2231//2157
f 2224//2158 2217//2158 2225//2158 2232//2158
f 2225//2159 2226//2159 2234//2159 2233//2159
f 2226//2160 2227//2160 2235//2160 2234//2160
f 2227//2161 2228//2161 2236//2161 2235//2161
f 2228//2162 2229//2162 2237//2162 2236//2162
f 2229//2163 2230//2163 2238//2163 2237//2163
f 2230//2164 2231//2164 2239//2164 2238//2164
f 2231//2165 2232//2165 2240//2165 2239//2165
f 2232//2166 2225//2166 2233//2166 2240//2166
f 2233//2167 2234//2167 2242//2167 2241//2167
f 2234//2168 2235//2168 2243//2168 2242//2168
f 2235//2169 2236//2169 2244//2169 2243//2169
f 2236//2170 2237//2170 2245//2170 2244//2170
f 2237//2171 2238//2171 2246//2171 2245//2171
f 2238//2172 2239//2172 2247//2172 2246//2172
f 2239//2173 2240//2173 2248//2173 2247//2173
f 2240//2174 2233//2174 2241//2174 2248//2174
f 2241//2175 2242//2175 2250//2175 2249//2175
f 2242//2176 2243//2176 2251//2176 2250//2176
f 2243//2177 2244//2177 2252//2177 2251//2177
f 2244//2178 2245//2178 2253//2178 2252//2178
f 2245//2179 2246//2179 2254//2179 2253//2179
f 2246//2180 2247//2180 2255//2180 2254//2180
f 2247//2181 2248//2181 2256//2181 2255//2181
f 2248//2182 2241//2182 2249//2182 2256//2182
f 2224//2183 2223//2183 2222//2183 2221//2183 2220//2183 2219//2183 2218//2183 2217//2183
f 2249//2184 2250//2184 2251//2184 2252//2184 2253//2184 2254//2184 2255//2184 2256//2184
usemtl Boots
f 2099//2073 2100//2073 2108//2073 2107//2073
f 2100//2074 2101//2074 2109//2074 2108//2074
f 2101//2075 2102//2075 2110//2075 2109//2075
f 2102//2076 2103//2076 2111//2076 2110//2076
f 2103//2077 2104//2077 2112//2077 2111//2077
f 2104//2078 2105//2078 2113//2078 2112//2078
f 2105//2079 2106//2079 2114//2079 2113//2079
f 2106//2080 2099//2080 2107//2080 2114//2080
f 2107//2081 2108//2081 2116//2081 2115//2081
f 2108//2082 2109//2082 2117//2082 2116//2082
f 2109//2083 2110//2083 2118//2083 2117//2083
f 2110//2084 2111//2084 2119//2084 2118//2084
f 2111//2085 2112//2085 2120//2085 2119//2085
f 2112//2086 2113//2086 2121//2086 2120//2086
f 2113//2087 2114//2087 2122//2087 2121//2087
f 2114//2088 2107//2088 2115//2088 2122//2088
f 2115//2089 2116//2089 2124//2089 2123//2089
f 2116//2090 2117//2090 2125//2090 2124//2090
f 2117//2091 2118//2091 2126//2091 2125//2091
f 2118//2092 2119//2092 2127//2092 2126//2092
f 2119//2093 2120//2093 2128//2093 2127//2093
f 2120//2094 2121//2094 2129//2094 2128//2094
f 2121//2095 2122//2095 2130//2095 2129//2095
f 2122//2096 2115//2096 2123//2096 2130//2096
f 2106//2097 2105//2097 2104//2097 2103//2097 2102//2097 2101//2097 2100//2097 2099//2097
f 2123//2098 2124//2098 2125//2098 2126//2098 2127//2098 2128//2098 2129//2098 2130//2098
f 2131//2099 2132//2099 2138//2099 2137//2099
f 2132//2100 2133//2100 2139//2100 2138//2100
f 2133//2101 2134//2101 2140//2101 2139//2101
f 2134//2102 2135//2102 2141//2102 2140//2102
f 2135//2103 2136//2103 2142//2103 2141//2103
f 2136//2001 2131//2001 2137//2001 2142//2001
f 2137//2104 2138//2104 2144//2104 2143//2104
f 2138//2105 2139//2105 2145//2105 2144//2105
f 2139//2106 2140//2106 2146//2106 2145//2106
f 2140//2107 2141//2107 2147//2107 2146//2107
f 2141//2108 2142//2108 2148//2108 2147//2108
f 2142//2001 2137//2001 2143//2001 2148//2001
f 2143//2109 2144//2109 2150//2109 2149//2109
f 2144//2110 2145//2110 2151//2110 2150//2110
f 2145//2111 2146//2111 2152//2111 2151//2111
f 2146//2112 2147//2112 2153//2112 2152//2112
f 2147//2113 2148//2113 2154//2113 2153//2113
f 2148//2001 2143//2001 2149//2001 2154//2001
f 2149//2114 2150//2114 2156//2114 2155//2114
f 2150//2115 2151//2115 2157//2115 2156//2115
f 2151//2116 2152//2116 2158//2116 2157//2116
f 2152//2117 2153//2117 2159//2117 2158//2117
f 2153//2118 2154//2118 2160//2118 2159//2118
f 2154//2001 2149//2001 2155//2001 2160//2001
f 2136//2119 2135//2119 2134//2119 2133//2119 2132//2119 2131//2119
f 2155//2120 2156//2120 2157//2120 2158//2120 2159//2120 2160//2120
f 2257//2073 2258//2073 2266//2073 2265//2073
f 2258//2074 2259//2074 2267//2074 2266//2074
f 2259//2075 2260//2075 2268//2075 2267//2075
f 2260//2076 2261//2076 2269//2076 2268//2076
f 2261//2077 2262//2077 2270//2077 2269//2077
f 2262//2078 2263//2078 2271//2078 2270//2078
f 2263//2079 2264//2079 2272//2079 2271//2079
f 2264//2080 2257//2080 2265//2080 2272//2080
f 2265//2081 2266//2081 2274//2081 2273//2081
f 2266//2082 2267//2082 2275//2082 2274//2082
f 2267//2083 2268//2083 2276//2083 2275//2083
f 2268//2084 2269//2084 2277//2084 2276//2084
f 2269//2085 2270//2085 2278//2085 2277//2085
f 2270//2086 2271//2086 2279//2086 2278//2086
f 2271//2087 2272//2087 2280//2087 2279//2087
f 2272//2088 2265//2088 2273//2088 2280//2088
f 2273//2089 2274//2089 2282//2089 2281//2089
f 2274//2090 2275//2090 2283//2090 2282//2090
f 2275//2091 2276//2091 2284//2091 2283//2091
f 2276//2092 2277//2092 2285//2092 2284//2092
f 2277//2093 2278//2093 2286//2093 2285//2093
f 2278//2094 2279//2094 2287//2094 2286//2094
f 2279//2095 2280//2095 2288//2095 2287//2095
f 2280//2096 2273//2096 2281//2096 2288//2096
f 2264//2097 2263//2097 2262//2097 2261//2097 2260//2097 2259//2097 2258//2097 2257//2097
f 2281//2098 2282//2098 2283//2098 2284//2098 2285//2098 2286//2098 2287//2098 2288//2098
f 2289//2185 2290//2185 2296//2185 2295//2185
f 2290//2186 2291//2186 2297//2186 2296//2186
f 2291//2187 2292//2187 2298//2187 2297//2187
f 2292//2188 2293//2188 2299//2188 2298//2188
f 2293//2189 2294//2189 2300//2189 2299//2189
f 2294//2001 2289//2001 2295//2001 2300//2001
f 2295//2190 2296//2190 2302//2190 2301//2190
f 2296//2191 2297//2191 2303//2191 2302//2191
f 2297//2192 2298//2192 2304//2192 2303//2192
f 2298//2193 2299//2193 2305//2193 2304//2193
f 2299//2194 2300//2194 2306//2194 2305//2194
f 2300//2001 2295//2001 2301//2001 2306//2001
f 2301//2195 2302//2195 2308//2195 2307//2195
f 2302//2196 2303//2196 2309//2196 2308//2196
f 2303//2197 2304//2197 2310//2197 2309//2197
f 2304//2198 2305//2198 2311//2198 2310//2198
f 2305//2199 2306//2199 2312//2199 2311//2199
f 2306//2001 2301//2001 2307//2001 2312//2001
f 2307//2200 2308//2200 2314//2200 2313//2200
f 2308//2201 2309//2201 2315//2201 2314//2201
f 2309//2202 2310//2202 2316//2202 2315//2202
f 2310//2203 2311//2203 2317//2203 2316//2203
f 2311//2204 2312//2204 2318//2204 2317//2204
f 2312//2001 2307//2001 2313//2001 2318//2001
f 2294//2205 2293//2205 2292//2205 2291//2205 2290//2205 2289//2205
f 2313//2206 2314//2206 2315//2206 2316//2206 2317//2206 2318//2206
usemtl Sole
f 2161//2121 2162//2121 2166//2121 2165//2121
f 2162//2002 2163//2002 2167//2002 2166//2002
f 2163//2122 2164//2122 2168//2122 2167//2122
f 2164//2001 2161//2001 2165//2001 2168//2001
f 2165//2123 2166//2123 2170//2123 2169//2123
f 2166//2002 2167//2002 2171//2002 2170//2002
f 2167//2124 2168//2124 2172//2124 2171//2124
f 2168//2001 2165//2001 2169//2001 2172//2001
f 2169//2125 2170//2125 2174//2125 2173//2125
f 2170//2002 2171//2002 2175//2002 2174//2002
f 2171//2126 2172//2126 2176//2126 2175//2126
f 2172//2001 2169//2001 2173//2001 2176//2001
f 2164//2119 2163//2119 2162//2119 2161//2119
f 2173//2120 2174//2120 2175//2120 2176//2120
f 2201//2143 2202//2143 2210//2143 2209//2143
f 2202//2144 2203//2144 2211//2144 2210//2144
f 2203//2145 2204//2145 2212//2145 2211//2145
f 2204//2146 2205//2146 2213//2146 2212//2146
f 2205//2147 2206//2147 2214//2147 2213//2147
f 2206//2148 2207//2148 2215//2148 2214//2148
f 2207//2149 2208//2149 2216//2149 2215//2149
f 2208//2150 2201//2150 2209//2150 2216//2150
f 2319//2207 2320//2207 2324//2207 2323//2207
f 2320//2002 2321//2002 2325//2002 2324//2002
f 2321//2208 2322//2208 2326//2208 2325//2208
f 2322//2001 2319//2001 2323//2001 2326//2001
f 2323//2209 2324//2209 2328//2209 2327//2209
f 2324//2002 2325//2002 2329//2002 2328//2002
f 2325//2210 2326//2210 2330//2210 2329//2210
f 2326//2001 2323//2001 2327//2001 2330//2001
f 2327//2211 2328//2211 2332//2211 2331//2211
f 2328//2002 2329//2002 2333//2002 2332//2002
f 2329//2212 2330//2212 2334//2212 2333//2212
f 2330//2001 2327//2001 2331//2001 2334//2001
f 2322//2205 2321//2205 2320//2205 2319//2205
f 2331//2206 2332//2206 2333//2206 2334//2206
f 2359//2143 2360//2143 2368//2143 2367//2143
f 2360//2144 2361//2144 2369//2144 2368//2144
f 2361//2145 2362//2145 2370//2145 2369//2145
f 2362//2146 2363//2146 2371//2146 2370//2146
f 2363//2147 2364//2147 2372//2147 2371//2147
f 2364//2148 2365//2148 2373//2148 2372//2148
f 2365//2149 2366//2149 2374//2149 2373//2149
f 2366//2150 2359//2150 2367//2150 2374//2150
usemtl Belt
f 2375//2213 2376//2213 2382//2213 2381//2213
f 2376//2002 2377//2002 2383//2002 2382//2002
f 2377//2214 2378//2214 2384//2214 2383//2214
f 2378//2215 2379//2215 2385//2215 2384//2215
f 2379//2001 2380//2001 2386//2001 2385//2001
f 2380//2216 2375//2216 2381//2216 2386//2216
f 2380//2217 2379//2217 2378//2217 2377//2217 2376//2217 2375//2217
f 2381//2218 2382//2218 2383//2218 2384//2218 2385//2218 2386//2218
f 2387//2213 2388//2213 2394//2213 2393//2213
f 2388//2002 2389//2002 2395//2002 2394//2002
f 2389//2214 2390//2214 2396//2214 2395//2214
f 2390//2215 2391//2215 2397//2215 2396//2215
f 2391//2001 2392//2001 2398//2001 2397//2001
f 2392//2216 2387//2216 2393//2216 2398//2216
f 2392//2217 2391//2217 2390//2217 2389//2217 2388//2217 2387//2217
f 2393//2218 2394//2218 2395//2218 2396//2218 2397//2218 2398//2218
f 2399//2213 2400//2213 2406//2213 2405//2213
f 2400//2002 2401//2002 2407//2002 2406//2002
f 2401//2214 2402//2214 2408//2214 2407//2214
f 2402//2215 2403//2215 2409//2215 2408//2215
f 2403//2001 2404//2001 2410//2001 2409//2001
f 2404//2216 2399//2216 2405//2216 2410//2216
f 2404//2217 2403//2217 2402//2217 2401//2217 2400//2217 2399//2217
f 2405//2218 2406//2218 2407//2218 2408//2218 2409//2218 2410//2218
f 2411//2213 2412//2213 2418//2213 2417//2213
f 2412//2002 2413//2002 2419//2002 2418//2002
f 2413//2214 2414//2214 2420//2214 2419//2214
f 2414//2215 2415//2215 2421//2215 2420//2215
f 2415//2001 2416//2001 2422//2001 2421//2001
f 2416//2216 2411//2216 2417//2216 2422//2216
f 2416//2217 2415//2217 2414//2217 2413//2217 2412//2217 2411//2217
f 2417//2218 2418//2218 2419//2218 2420//2218 2421//2218 2422//2218
f 2423//2219 2424//2219 2436//2219 2435//2219
f 2424//2220 2425//2220 2437//2220 2436//2220
f 2425//2221 2426//2221 2438//2221 2437//2221
f 2426//2222 2427//2222 2439//2222 2438//2222
f 2427//2223 2428//2223 2440//2223 2439//2223
f 2428//2224 2429//2224 2441//2224 2440//2224
f 2429//2225 2430//2225 2442//2225 2441//2225
f 2430//2226 2431//2226 2443//2226 2442//2226
f 2431//2227 2432//2227 2444//2227 2443//2227
f 2432//2228 2433//2228 2445//2228 2444//2228
f 2433//2229 2434//2229 2446//2229 2445//2229
f 2434//2230 2423//2230 2435//2230 2446//2230
usemtl Gold
f 2447//2002 2448//2002 2452//2002 2451//2002
f 2448//2146 2449//2146 2453//2146 2452//2146
f 2449//2001 2450//2001 2454//2001 2453//2001
f 2450//2150 2447//2150 2451//2150 2454//2150
f 2450//2217 2449//2217 2448//2217 2447//2217
f 2451//2218 2452//2218 2453//2218 2454//2218
usemtl Boot_Cuff
f 2177//2127 2178//2127 2186//2127 2185//2127
f 2178//2128 2179//2128 2187//2128 2186//2128
f 2179//2129 2180//2129 2188//2129 2187//2129
f 2180//2130 2181//2130 2189//2130 2188//2130
f 2181//2131 2182//2131 2190//2131 2189//2131
f 2182//2132 2183//2132 2191//2132 2190//2132
f 2183//2133 2184//2133 2192//2133 2191//2133
f 2184//2134 2177//2134 2185//2134 2192//2134
f 2185//2135 2186//2135 2194//2135 2193//2135
f 2186//2136 2187//2136 2195//2136 2194//2136
f 2187//2137 2188//2137 2196//2137 2195//2137
f 2188//2138 2189//2138 2197//2138 2196//2138
f 2189//2139 2190//2139 2198//2139 2197//2139
f 2190//2140 2191//2140 2199//2140 2198//2140
f 2191//2141 2192//2141 2200//2141 2199//2141
f 2192//2142 2185//2142 2193//2142 2200//2142
f 2193//2001 2194//2001 2195//2001 2196//2001 2197//2001 2198//2001 2199//2001 2200//2001
f 2335//2127 2336//2127 2344//2127 2343//2127
f 2336//2128 2337//2128 2345//2128 2344//2128
f 2337//2129 2338//2129 2346//2129 2345//2129
f 2338//2130 2339//2130 2347//2130 2346//2130
f 2339//2131 2340//2131 2348//2131 2347//2131
f 2340//2132 2341//2132 2349//2132 2348//2132
f 2341//2133 2342//2133 2350//2133 2349//2133
f 2342//2134 2335//2134 2343//2134 2350//2134
f 2343//2135 2344//2135 2352//2135 2351//2135
f 2344//2136 2345//2136 2353//2136 2352//2136
f 2345//2137 2346//2137 2354//2137 2353//2137
f 2346//2138 2347//2138 2355//2138 2354//2138
f 2347//2139 2348//2139 2356//2139 2355//2139
f 2348//2140 2349//2140 2357//2140 2356//2140
f 2349//2141 2350//2141 2358//2141 2357//2141
f 2350//2142 2343//2142 2351//2142 2358//2142
f 2351//2001 2352//2001 2353//2001 2354//2001 2355//2001 2356//2001 2357//2001 2358//2001
usemtl Robe
f 2492//2266 2493//2266 2510//2266 2509//2266
f 2493//2267 2494//2267 2511//2267 2510//2267
f 2494//2268 2495//2268 2512//2268 2511//2268
f 2495//2269 2496//2269 2513//2269 2512//2269
f 2496//2270 2497//2270 2514//2270 2513//2270
f 2497//2271 2498//2271 2515//2271 2514//2271
f 2498//2272 2499//2272 2516//2272 2515//2272
f 2499//2273 2500//2273 2517//2273 2516//2273
f 2500//2274 2501//2274 2518//2274 2517//2274
f 2501//2275 2502//2275 2519//2275 2518//2275
f 2502//2276 2503//2276 2520//2276 2519//2276
f 2503//2277 2504//2277 2521//2277 2520//2277
f 2504//2278 2505//2278 2522//2278 2521//2278
f 2505//2279 2506//2279 2523//2279 2522//2279
f 2509//2282 2510//2282 2527//2282 2526//2282
f 2510//2283 2511//2283 2528//2283 2527//2283
f 2511//2284 2512//2284 2529//2284 2528//2284
f 2512//2285 2513//2285 2530//2285 2529//2285
f 2513//2286 2514//2286 2531//2286 2530//2286
f 2514//2287 2515//2287 2532//2287 2531//2287
f 2515//2288 2516//2288 2533//2288 2532//2288
f 2516//2289 2517//2289 2534//2289 2533//2289
f 2517//2290 2518//2290 2535//2290 2534//2290
f 2518//2291 2519//2291 2536//2291 2535//2291
f 2519//2292 2520//2292 2537//2292 2536//2292
f 2520//2293 2521//2293 2538//2293 2537//2293
f 2521//2294 2522//2294 2539//2294 2538//2294
f 2522//2295 2523//2295 2540//2295 2539//2295
f 2526//2298 2527//2298 2544//2298 2543//2298
f 2527//2299 2528//2299 2545//2299 2544//2299
f 2528//2300 2529//2300 2546//2300 2545//2300
f 2529//2301 2530//2301 2547//2301 2546//2301
f 2530//2302 2531//2302 2548//2302 2547//2302
f 2531//2303 2532//2303 2549//2303 2548//2303
f 2532//2304 2533//2304 2550//2304 2549//2304
f 2533//2305 2534//2305 2551//2305 2550//2305
f 2534//2306 2535//2306 2552//2306 2551//2306
f 2535//2307 2536//2307 2553//2307 2552//2307
f 2536//2308 2537//2308 2554//2308 2553//2308
f 2537//2309 2538//2309 2555//2309 2554//2309
f 2538//2310 2539//2310 2556//2310 2555//2310
f 2539//2311 2540//2311 2557//2311 2556//2311
f 2543//2314 2544//2314 2561//2314 2560//2314
f 2544//2315 2545//2315 2562//2315 2561//2315
f 2545//2316 2546//2316 2563//2316 2562//2316
f 2546//2317 2547//2317 2564//2317 2563//2317
f 2547//2318 2548//2318 2565//2318 2564//2318
f 2548//2319 2549//2319 2566//2319 2565//2319
f 2549//2320 2550//2320 2567//2320 2566//2320
f 2550//2321 2551//2321 2568//2321 2567//2321
f 2551//2322 2552//2322 2569//2322 2568//2322
f 2552//2323 2553//2323 2570//2323 2569//2323
f 2553//2324 2554//2324 2571//2324 2570//2324
f 2554//2325 2555//2325 2572//2325 2571//2325
f 2555//2326 2556//2326 2573//2326 2572//2326
f 2556//2327 2557//2327 2574//2327 2573//2327
f 2560//2330 2561//2330 2578//2330 2577//2330
f 2561//2331 2562//2331 2579//2331 2578//2331
f 2562//2332 2563//2332 2580//2332 2579//2332
f 2563//2333 2564//2333 2581//2333 2580//2333
f 2564//2334 2565//2334 2582//2334 2581//2334
f 2565//2335 2566//2335 2583//2335 2582//2335
f 2566//2336 2567//2336 2584//2336 2583//2336
f 2567//2337 2568//2337 2585//2337 2584//2337
f 2568//2338 2569//2338 2586//2338 2585//2338
f 2569//2339 2570//2339 2587//2339 2586//2339
f 2570//2340 2571//2340 2588//2340 2587//2340
f 2571//2341 2572//2341 2589//2341 2588//2341
f 2572//2342 2573//2342 2590//2342 2589//2342
f 2573//2343 2574//2343 2591//2343 2590//2343
f 2577//2346 2578//2346 2595//2346 2594//2346
f 2578//2347 2579//2347 2596//2347 2595//2347
f 2579//2348 2580//2348 2597//2348 2596//2348
f 2580//2349 2581//2349 2598//2349 2597//2349
f 2581//2350 2582//2350 2599//2350 2598//2350
f 2582//2351 2583//2351 2600//2351 2599//2351
f 2583//2352 2584//2352 2601//2352 2600//2352
f 2584//2353 2585//2353 2602//2353 2601//2353
f 2585//2354 2586//2354 2603//2354 2602//2354
f 2586//2355 2587//2355 2604//2355 2603//2355
f 2587//2356 2588//2356 2605//2356 2604//2356
f 2588//2357 2589//2357 2606//2357 2605//2357
f 2589//2358 2590//2358 2607//2358 2606//2358
f 2590//2359 2591//2359 2608//2359 2607//2359
f 2594//2362 2595//2362 2612//2362 2611//2362
f 2595//2363 2596//2363 2613//2363 2612//2363
f 2596//2364 2597//2364 2614//2364 2613//2364
f 2597//2365 2598//2365 2615//2365 2614//2365
f 2598//2366 2599//2366 2616//2366 2615//2366
f 2599//2367 2600//2367 2617//2367 2616//2367
f 2600//2368 2601//2368 2618//2368 2617//2368
f 2601//2369 2602//2369 2619//2369 2618//2369
f 2602//2370 2603//2370 2620//2370 2619//2370
f 2603//2371 2604//2371 2621//2371 2620//2371
f 2604//2372 2605//2372 2622//2372 2621//2372
f 2605//2373 2606//2373 2623//2373 2622//2373
f 2606//2374 2607//2374 2624//2374 2623//2374
f 2607//2375 2608//2375 2625//2375 2624//2375
f 2611//2378 2612//2378 2629//2378 2628//2378
f 2612//2379 2613//2379 2630//2379 2629//2379
f 2613//2380 2614//2380 2631//2380 2630//2380
f 2614//2381 2615//2381 2632//2381 2631//2381
f 2615//2382 2616//2382 2633//2382 2632//2382
f 2616//2383 2617//2383 2634//2383 2633//2383
f 2617//2384 2618//2384 2635//2384 2634//2384
f 2618//2385 2619//2385 2636//2385 2635//2385
f 2619//2386 2620//2386 2637//2386 2636//2386
f 2620//2387 2621//2387 2638//2387 2637//2387
f 2621//2388 2622//2388 2639//2388 2638//2388
f 2622//2389 2623//2389 2640//2389 2639//2389
f 2623//2390 2624//2390 2641//2390 2640//2390
f 2624//2391 2625//2391 2642//2391 2641//2391
f 2831//2603 2832//2603 2840//2603 2839//2603
f 2832//2604 2833//2604 2841//2604 2840//2604
f 2833//2605 2834//2605 2842//2605 2841//2605
f 2834//2606 2835//2606 2843//2606 2842//2606
f 2835//2607 2836//2607 2844//2607 2843//2607
f 2836//2608 2837//2608 2845//2608 2844//2608
f 2837//2609 2838//2609 2846//2609 2845//2609
f 2838//2610 2831//2610 2839//2610 2846//2610
f 2839//2611 2840//2611 2848//2611 2847//2611
f 2840//2612 2841//2612 2849//2612 2848//2612
f 2841//2613 2842//2613 2850//2613 2849//2613
f 2842//2614 2843//2614 2851//2614 2850//2614
f 2843//2615 2844//2615 2852//2615 2851//2615
f 2844//2616 2845//2616 2853//2616 2852//2616
f 2845//2617 2846//2617 2854//2617 2853//2617
f 2846//2618 2839//2618 2847//2618 2854//2618
f 2847//2619 2848//2619 2856//2619 2855//2619
f 2848//2620 2849//2620 2857//2620 2856//2620
f 2849//2621 2850//2621 2858//2621 2857//2621
f 2850//2622 2851//2622 2859//2622 2858//2622
f 2851//2623 2852//2623 2860//2623 2859//2623
f 2852//2624 2853//2624 2861//2624 2860//2624
f 2853//2625 2854//2625 2862//2625 2861//2625
f 2854//2626 2847//2626 2855//2626 2862//2626
f 2855//2627 2856//2627 2864//2627 2863//2627
f 2856//2628 2857//2628 2865//2628 2864//2628
f 2857//2629 2858//2629 2866//2629 2865//2629
f 2858//2630 2859//2630 2867//2630 2866//2630
f 2859//2631 2860//2631 2868//2631 2867//2631
f 2860//2632 2861//2632 2869//2632 2868//2632
f 2861//2633 2862//2633 2870//2633 2869//2633
f 2862//2634 2855//2634 2863//2634 2870//2634
f 2863//2635 2864//2635 2872//2635 2871//2635
f 2864//2636 2865//2636 2873//2636 2872//2636
f 2865//2637 2866//2637 2874//2637 2873//2637
f 2866//2638 2867//2638 2875//2638 2874//2638
f 2867//2639 2868//2639 2876//2639 2875//2639
f 2868//2640 2869//2640 2877//2640 2876//2640
f 2869//2641 2870//2641 2878//2641 2877//2641
f 2870//2642 2863//2642 2871//2642 2878//2642
f 2838//2651 2837//2651 2836//2651 2835//2651 2834//2651 2833//2651 2832//2651 2831//2651
f 2887//2652 2888//2652 2896//2652 2895//2652
f 2888//2653 2889//2653 2897//2653 2896//2653
f 2889//2654 2890//2654 2898//2654 2897//2654
f 2890//2655 2891//2655 2899//2655 2898//2655
f 2891//2656 2892//2656 2900//2656 2899//2656
f 2892//2657 2893//2657 2901//2657 2900//2657
f 2893//2658 2894//2658 2902//2658 2901//2658
f 2894//2659 2887//2659 2895//2659 2902//2659
f 2895//2660 2896//2660 2904//2660 2903//2660
f 2896//2661 2897//2661 2905//2661 2904//2661
f 2897//2662 2898//2662 2906//2662 2905//2662
f 2898//2663 2899//2663 2907//2663 2906//2663
f 2899//2664 2900//2664 2908//2664 2907//2664
f 2900//2665 2901//2665 2909//2665 2908//2665
f 2901//2666 2902//2666 2910//2666 2909//2666
f 2902//2667 2895//2667 2903//2667 2910//2667
f 2903//2668 2904//2668 2912//2668 2911//2668
f 2904//2669 2905//2669 2913//2669 2912//2669
f 2905//2670 2906//2670 2914//2670 2913//2670
f 2906//2671 2907//2671 2915//2671 2914//2671
f 2907//2672 2908//2672 2916//2672 2915//2672
f 2908//2673 2909//2673 2917//2673 2916//2673
f 2909//2674 2910//2674 2918//2674 2917//2674
f 2910//2675 2903//2675 2911//2675 2918//2675
f 2911//2676 2912//2676 2920//2676 2919//2676
f 2912//2677 2913//2677 2921//2677 2920//2677
f 2913//2678 2914//2678 2922//2678 2921//2678
f 2914//2679 2915//2679 2923//2679 2922//2679
f 2915//2680 2916//2680 2924//2680 2923//2680
f 2916//2681 2917//2681 2925//2681 2924//2681
f 2917//2682 2918//2682 2926//2682 2925//2682
f 2918//2683 2911//2683 2919//2683 2926//2683
f 2919//2684 2920//2684 2928//2684 2927//2684
f 2920//2685 2921//2685 2929//2685 2928//2685
f 2921//2686 2922//2686 2930//2686 2929//2686
f 2922//2687 2923//2687 2931//2687 2930//2687
f 2923//2688 2924//2688 2932//2688 2931//2688
f 2924//2689 2925//2689 2933//2689 2932//2689
f 2925//2690 2926//2690 2934//2690 2933//2690
f 2926//2691 2919//2691 2927//2691 2934//2691
f 2894//2700 2893//2700 2892//2700 2891//2700 2890//2700 2889//2700 2888//2700 2887//2700
f 3055//2815 3056//2815 3062//2815 3061//2815
f 3056//2816 3057//2816 3063//2816 3062//2816
f 3057//2817 3058//2817 3064//2817 3063//2817
f 3058//2818 3059//2818 3065//2818 3064//2818
f 3059//2819 3060//2819 3066//2819 3065//2819
f 3060//2820 3055//2820 3061//2820 3066//2820
f 3061//2821 3062//2821 3068//2821 3067//2821
f 3062//2822 3063//2822 3069//2822 3068//2822
f 3063//2823 3064//2823 3070//2823 3069//2823
f 3064//2824 3065//2824 3071//2824 3070//2824
f 3065//2825 3066//2825 3072//2825 3071//2825
f 3066//2826 3061//2826 3067//2826 3072//2826
f 3067//2827 3068//2827 3074//2827 3073//2827
f 3068//2828 3069//2828 3075//2828 3074//2828
f 3069//2829 3070//2829 3076//2829 3075//2829
f 3070//2830 3071//2830 3077//2830 3076//2830
f 3071//2831 3072//2831 3078//2831 3077//2831
f 3072//2832 3067//2832 3073//2832 3078//2832
f 3073//2833 3074//2833 3080//2833 3079//2833
f 3074//2834 3075//2834 3081//2834 3080//2834
f 3075//2835 3076//2835 3082//2835 3081//2835
f 3076//2836 3077//2836 3083//2836 3082//2836
f 3077//2837 3078//2837 3084//2837 3083//2837
f 3078//2838 3073//2838 3079//2838 3084//2838
f 3079//2839 3080//2839 3086//2839 3085//2839
f 3080//2840 3081//2840 3087//2840 3086//2840
f 3081//2841 3082//2841 3088//2841 3087//2841
f 3082//2842 3083//2842 3089//2842 3088//2842
f 3083//2843 3084//2843 3090//2843 3089//2843
f 3084//2844 3079//2844 3085//2844 3090//2844
f 3085//2845 3086//2845 3092//2845 3091//2845
f 3086//2846 3087//2846 3093//2846 3092//2846
f 3087//2847 3088//2847 3094//2847 3093//2847
f 3088//2848 3089//2848 3095//2848 3094//2848
f 3089//2849 3090//2849 3096//2849 3095//2849
f 3090//2850 3085//2850 3091//2850 3096//2850
f 3091//2851 3092//2851 3098//2851 3097//2851
f 3092//2852 3093//2852 3099//2852 3098//2852
f 3093//2853 3094//2853 3100//2853 3099//2853
f 3094//2854 3095//2854 3101//2854 3100//2854
f 3095//2855 3096//2855 3102//2855 3101//2855
f 3096//2856 3091//2856 3097//2856 3102//2856
f 3097//2857 3098//2857 3104//2857 3103//2857
f 3098//2858 3099//2858 3105//2858 3104//2858
f 3099//2859 3100//2859 3106//2859 3105//2859
f 3100//2860 3101//2860 3107//2860 3106//2860
f 3101//2861 3102//2861 3108//2861 3107//2861
f 3102//2862 3097//2862 3103//2862 3108//2862
f 3060//2863 3059//2863 3058//2863 3057//2863 3056//2863 3055//2863
f 3103//2864 3104//2864 3105//2864 3106//2864 3107//2864 3108//2864
f 3109//2865 3110//2865 3120//2865 3119//2865
f 3110//2866 3111//2866 3121//2866 3120//2866
f 3111//2867 3112//2867 3122//2867 3121//2867
f 3112//2868 3113//2868 3123//2868 3122//2868
f 3113//2869 3114//2869 3124//2869 3123//2869
f 3114//2870 3115//2870 3125//2870 3124//2870
f 3115//2871 3116//2871 3126//2871 3125//2871
f 3116//2872 3117//2872 3127//2872 3126//2872
f 3117//2873 3118//2873 3128//2873 3127//2873
f 3118//2874 3109//2874 3119//2874 3128//2874
f 3119//2875 3120//2875 3130//2875 3129//2875
f 3120//2876 3121//2876 3131//2876 3130//2876
f 3121//2877 3122//2877 3132//2877 3131//2877
f 3122//2878 3123//2878 3133//2878 3132//2878
f 3123//2879 3124//2879 3134//2879 3133//2879
f 3124//2880 3125//2880 3135//2880 3134//2880
f 3125//2881 3126//2881 3136//2881 3135//2881
f 3126//2882 3127//2882 3137//2882 3136//2882
f 3127//2883 3128//2883 3138//2883 3137//2883
f 3128//2884 3119//2884 3129//2884 3138//2884
f 3129//2885 3130//2885 3140//2885 3139//2885
f 3130//2886 3131//2886 3141//2886 3140//2886
f 3131//2887 3132//2887 3142//2887 3141//2887
f 3132//2888 3133//2888 3143//2888 3142//2888
f 3133//2889 3134//2889 3144//2889 3143//2889
f 3134//2890 3135//2890 3145//2890 3144//2890
f 3135//2891 3136//2891 3146//2891 3145//2891
f 3136//2892 3137//2892 3147//2892 3146//2892
f 3137//2893 3138//2893 3148//2893 3147//2893
f 3138//2894 3129//2894 3139//2894 3148//2894
f 3139//2895 3140//2895 3150//2895 3149//2895
f 3140//2896 3141//2896 3151//2896 3150//2896
f 3141//2897 3142//2897 3152//2897 3151//2897
f 3142//2898 3143//2898 3153//2898 3152//2898
f 3143//2899 3144//2899 3154//2899 3153//2899
f 3144//2900 3145//2900 3155//2900 3154//2900
f 3145//2901 3146//2901 3156//2901 3155//2901
f 3146//2902 3147//2902 3157//2902 3156//2902
f 3147//2903 3148//2903 3158//2903 3157//2903
f 3148//2904 3139//2904 3149//2904 3158//2904
f 3149//2905 3150//2905 3159//2905
f 3150//2906 3151//2906 3159//2906
f 3151//2907 3152//2907 3159//2907
f 3152//2908 3153//2908 3159//2908
f 3153//2909 3154//2909 3159//2909
f 3154//2910 3155//2910 3159//2910
f 3155//2911 3156//2911 3159//2911
f 3156//2912 3157//2912 3159//2912
f 3157//2913 3158//2913 3159//2913
f 3158//2914 3149//2914 3159//2914
f 3118//2002 3117//2002 3116//2002 3115//2002 3114//2002 3113//2002 3112//2002 3111//2002 3110//2002 3109//2002
usemtl Robe_Lining
f 2662//2410 2679//2410 2680//2410 2663//2410
f 2663//2411 2680//2411 2681//2411 2664//2411
f 2664//2412 2681//2412 2682//2412 2665//2412
f 2665//2413 2682//2413 2683//2413 2666//2413
f 2666//2414 2683//2414 2684//2414 2667//2414
f 2667//2415 2684//2415 2685//2415 2668//2415
f 2668//2416 2685//2416 2686//2416 2669//2416
f 2669//2417 2686//2417 2687//2417 2670//2417
f 2670//2418 2687//2418 2688//2418 2671//2418
f 2671//2419 2688//2419 2689//2419 2672//2419
f 2672//2420 2689//2420 2690//2420 2673//2420
f 2673//2421 2690//2421 2691//2421 2674//2421
f 2674//2422 2691//2422 2692//2422 2675//2422
f 2675//2423 2692//2423 2693//2423 2676//2423
f 2679//2426 2696//2426 2697//2426 2680//2426
f 2680//2427 2697//2427 2698//2427 2681//2427
f 2681//2428 2698//2428 2699//2428 2682//2428
f 2682//2429 2699//2429 2700//2429 2683//2429
f 2683//2430 2700//2430 2701//2430 2684//2430
f 2684//2431 2701//2431 2702//2431 2685//2431
f 2685//2432 2702//2432 2703//2432 2686//2432
f 2686//2433 2703//2433 2704//2433 2687//2433
f 2687//2434 2704//2434 2705//2434 2688//2434
f 2688//2435 2705//2435 2706//2435 2689//2435
f 2689//2436 2706//2436 2707//2436 2690//2436
f 2690//2437 2707//2437 2708//2437 2691//2437
f 2691//2438 2708//2438 2709//2438 2692//2438
f 2692//2439 2709//2439 2710//2439 2693//2439
f 2696//2442 2713//2442 2714//2442 2697//2442
f 2697//2443 2714//2443 2715//2443 2698//2443
f 2698//2444 2715//2444 2716//2444 2699//2444
f 2699//2445 2716//2445 2717//2445 2700//2445
f 2700//2446 2717//2446 2718//2446 2701//2446
f 2701//2447 2718//2447 2719//2447 2702//2447
f 2702//2448 2719//2448 2720//2448 2703//2448
f 2703//2449 2720//2449 2721//2449 2704//2449
f 2704//2450 2721//2450 2722//2450 2705//2450
f 2705//2451 2722//2451 2723//2451 2706//2451
f 2706//2452 2723//2452 2724//2452 2707//2452
f 2707//2453 2724//2453 2725//2453 2708//2453
f 2708//2454 2725//2454 2726//2454 2709//2454
f 2709//2455 2726//2455 2727//2455 2710//2455
f 2713//2458 2730//2458 2731//2458 2714//2458
f 2714//2459 2731//2459 2732//2459 2715//2459
f 2715//2460 2732//2460 2733//2460 2716//2460
f 2716//2461 2733//2461 2734//2461 2717//2461
f 2717//2462 2734//2462 2735//2462 2718//2462
f 2718//2463 2735//2463 2736//2463 2719//2463
f 2719//2464 2736//2464 2737//2464 2720//2464
f 2720//2465 2737//2465 2738//2465 2721//2465
f 2721//2466 2738//2466 2739//2466 2722//2466
f 2722//2467 2739//2467 2740//2467 2723//2467
f 2723//2468 2740//2468 2741//2468 2724//2468
f 2724//2469 2741//2469 2742//2469 2725//2469
f 2725//2470 2742//2470 2743//2470 2726//2470
f 2726//2471 2743//2471 2744//2471 2727//2471
f 2730//2474 2747//2474 2748//2474 2731//2474
f 2731//2475 2748//2475 2749//2475 2732//2475
f 2732//2476 2749//2476 2750//2476 2733//2476
f 2733//2477 2750//2477 2751//2477 2734//2477
f 2734//2478 2751//2478 2752//2478 2735//2478
f 2735//2479 2752//2479 2753//2479 2736//2479
f 2736//2480 2753//2480 2754//2480 2737//2480
f 2737//2481 2754//2481 2755//2481 2738//2481
f 2738//2482 2755//2482 2756//2482 2739//2482
f 2739//2483 2756//2483 2757//2483 2740//2483
f 2740//2484 2757//2484 2758//2484 2741//2484
f 2741//2485 2758//2485 2759//2485 2742//2485
f 2742//2486 2759//2486 2760//2486 2743//2486
f 2743//2487 2760//2487 2761//2487 2744//2487
f 2747//2490 2764//2490 2765//2490 2748//2490
f 2748//2491 2765//2491 2766//2491 2749//2491
f 2749//2492 2766//2492 2767//2492 2750//2492
f 2750//2493 2767//2493 2768//2493 2751//2493
f 2751//2494 2768//2494 2769//2494 2752//2494
f 2752//2495 2769//2495 2770//2495 2753//2495
f 2753//2496 2770//2496 2771//2496 2754//2496
f 2754//2497 2771//2497 2772//2497 2755//2497
f 2755//2498 2772//2498 2773//2498 2756//2498
f 2756//2499 2773//2499 2774//2499 2757//2499
f 2757//2500 2774//2500 2775//2500 2758//2500
f 2758//2501 2775//2501 2776//2501 2759//2501
f 2759//2502 2776//2502 2777//2502 2760//2502
f 2760//2503 2777//2503 2778//2503 2761//2503
f 2764//2506 2781//2506 2782//2506 2765//2506
f 2765//2507 2782//2507 2783//2507 2766//2507
f 2766//2508 2783//2508 2784//2508 2767//2508
f 2767//2509 2784//2509 2785//2509 2768//2509
f 2768//2510 2785//2510 2786//2510 2769//2510
f 2769//2511 2786//2511 2787//2511 2770//2511
f 2770//2512 2787//2512 2788//2512 2771//2512
f 2771//2513 2788//2513 2789//2513 2772//2513
f 2772//2514 2789//2514 2790//2514 2773//2514
f 2773//2515 2790//2515 2791//2515 2774//2515
f 2774//2516 2791//2516 2792//2516 2775//2516
f 2775//2517 2792//2517 2793//2517 2776//2517
f 2776//2518 2793//2518 2794//2518 2777//2518
f 2777//2519 2794//2519 2795//2519 2778//2519
f 2781//2522 2798//2522 2799//2522 2782//2522
f 2782//2523 2799//2523 2800//2523 2783//2523
f 2783//2524 2800//2524 2801//2524 2784//2524
f 2784//2525 2801//2525 2802//2525 2785//2525
f 2785//2526 2802//2526 2803//2526 2786//2526
f 2786//2527 2803//2527 2804//2527 2787//2527
f 2787//2528 2804//2528 2805//2528 2788//2528
f 2788//2529 2805//2529 2806//2529 2789//2529
f 2789//2530 2806//2530 2807//2530 2790//2530
f 2790//2531 2807//2531 2808//2531 2791//2531
f 2791//2532 2808//2532 2809//2532 2792//2532
f 2792//2533 2809//2533 2810//2533 2793//2533
f 2793//2534 2810//2534 2811//2534 2794//2534
f 2794//2535 2811//2535 2812//2535 2795//2535
f 2943//2701 2951//2701 2952//2701 2944//2701
f 2944//2702 2952//2702 2953//2702 2945//2702
f 2945//2703 2953//2703 2954//2703 2946//2703
f 2946//2704 2954//2704 2955//2704 2947//2704
f 2947//2705 2955//2705 2956//2705 2948//2705
f 2948//2706 2956//2706 2957//2706 2949//2706
f 2949//2707 2957//2707 2958//2707 2950//2707
f 2950//2708 2958//2708 2951//2708 2943//2708
f 2951//2709 2959//2709 2960//2709 2952//2709
f 2952//2710 2960//2710 2961//2710 2953//2710
f 2953//2711 2961//2711 2962//2711 2954//2711
f 2954//2712 2962//2712 2963//2712 2955//2712
f 2955//2713 2963//2713 2964//2713 2956//2713
f 2956//2714 2964//2714 2965//2714 2957//2714
f 2957//2715 2965//2715 2966//2715 2958//2715
f 2958//2716 2966//2716 2959//2716 2951//2716
f 2959//2717 2967//2717 2968//2717 2960//2717
f 2960//2718 2968//2718 2969//2718 2961//2718
f 2961//2719 2969//2719 2970//2719 2962//2719
f 2962//2720 2970//2720 2971//2720 2963//2720
f 2963//2721 2971//2721 2972//2721 2964//2721
f 2964//2722 2972//2722 2973//2722 2965//2722
f 2965//2723 2973//2723 2974//2723 2966//2723
f 2966//2724 2974//2724 2967//2724 2959//2724
f 2967//2725 2975//2725 2976//2725 2968//2725
f 2968//2726 2976//2726 2977//2726 2969//2726
f 2969//2727 2977//2727 2978//2727 2970//2727
f 2970//2728 2978//2728 2979//2728 2971//2728
f 2971//2729 2979//2729 2980//2729 2972//2729
f 2972//2730 2980//2730 2981//2730 2973//2730
f 2973//2731 2981//2731 2982//2731 2974//2731
f 2974//2732 2982//2732 2975//2732 2967//2732
f 2975//2733 2983//2733 2984//2733 2976//2733
f 2976//2734 2984//2734 2985//2734 2977//2734
f 2977//2735 2985//2735 2986//2735 2978//2735
f 2978//2736 2986//2736 2987//2736 2979//2736
f 2979//2737 2987//2737 2988//2737 2980//2737
f 2980//2738 2988//2738 2989//2738 2981//2738
f 2981//2739 2989//2739 2990//2739 2982//2739
f 2982//2740 2990//2740 2983//2740 2975//2740
f 2950//2749 2943//2749 2944//2749 2945//2749 2946//2749 2947//2749 2948//2749 2949//2749
f 2999//2750 3007//2750 3008//2750 3000//2750
f 3000//2751 3008//2751 3009//2751 3001//2751
f 3001//2752 3009//2752 3010//2752 3002//2752
f 3002//2753 3010//2753 3011//2753 3003//2753
f 3003//2754 3011//2754 3012//2754 3004//2754
f 3004//2755 3012//2755 3013//2755 3005//2755
f 3005//2756 3013//2756 3014//2756 3006//2756
f 3006//2757 3014//2757 3007//2757 2999//2757
f 3007//2758 3015//2758 3016//2758 3008//2758
f 3008//2759 3016//2759 3017//2759 3009//2759
f 3009//2760 3017//2760 3018//2760 3010//2760
f 3010//2761 3018//2761 3019//2761 3011//2761
f 3011//2762 3019//2762 3020//2762 3012//2762
f 3012//2763 3020//2763 3021//2763 3013//2763
f 3013//2764 3021//2764 3022//2764 3014//2764
f 3014//2765 3022//2765 3015//2765 3007//2765
f 3015//2766 3023//2766 3024//2766 3016//2766
f 3016//2767 3024//2767 3025//2767 3017//2767
f 3017//2768 3025//2768 3026//2768 3018//2768
f 3018//2769 3026//2769 3027//2769 3019//2769
f 3019//2770 3027//2770 3028//2770 3020//2770
f 3020//2771 3028//2771 3029//2771 3021//2771
f 3021//2772 3029//2772 3030//2772 3022//2772
f 3022//2773 3030//2773 3023//2773 3015//2773
f 3023//2774 3031//2774 3032//2774 3024//2774
f 3024//2775 3032//2775 3033//2775 3025//2775
f 3025//2776 3033//2776 3034//2776 3026//2776
f 3026//2777 3034//2777 3035//2777 3027//2777
f 3027//2778 3035//2778 3036//2778 3028//2778
f 3028//2779 3036//2779 3037//2779 3029//2779
f 3029//2780 3037//2780 3038//2780 3030//2780
f 3030//2781 3038//2781 3031//2781 3023//2781
f 3031//2782 3039//2782 3040//2782 3032//2782
f 3032//2783 3040//2783 3041//2783 3033//2783
f 3033//2784 3041//2784 3042//2784 3034//2784
f 3034//2785 3042//2785 3043//2785 3035//2785
f 3035//2786 3043//2786 3044//2786 3036//2786
f 3036//2787 3044//2787 3045//2787 3037//2787
f 3037//2788 3045//2788 3046//2788 3038//2788
f 3038//2789 3046//2789 3039//2789 3031//2789
f 3006//2798 2999//2798 3000//2798 3001//2798 3002//2798 3003//2798 3004//2798 3005//2798
usemtl Robe_Trim
f 2491//2265 2492//2265 2509//2265 2508//2265
f 2506//2280 2507//2280 2524//2280 2523//2280
f 2508//2281 2509//2281 2526//2281 2525//2281
f 2523//2296 2524//2296 2541//2296 2540//2296
f 2525//2297 2526//2297 2543//2297 2542//2297
f 2540//2312 2541//2312 2558//2312 2557//2312
f 2542//2313 2543//2313 2560//2313 2559//2313
f 2557//2328 2558//2328 2575//2328 2574//2328
f 2559//2329 2560//2329 2577//2329 2576//2329
f 2574//2344 2575//2344 2592//2344 2591//2344
f 2576//2345 2577//2345 2594//2345 2593//2345
f 2591//2360 2592//2360 2609//2360 2608//2360
f 2593//2361 2594//2361 2611//2361 2610//2361
f 2608//2376 2609//2376 2626//2376 2625//2376
f 2610//2377 2611//2377 2628//2377 2627//2377
f 2625//2392 2626//2392 2643//2392 2642//2392
f 2627//2393 2628//2393 2645//2393 2644//2393
f 2628//2394 2629//2394 2646//2394 2645//2394
f 2629//2395 2630//2395 2647//2395 2646//2395
f 2630//2396 2631//2396 2648//2396 2647//2396
f 2631//2397 2632//2397 2649//2397 2648//2397
f 2632//2398 2633//2398 2650//2398 2649//2398
f 2633//2399 2634//2399 2651//2399 2650//2399
f 2634//2400 2635//2400 2652//2400 2651//2400
f 2635//2401 2636//2401 2653//2401 2652//2401
f 2636//2402 2637//2402 2654//2402 2653//2402
f 2637//2403 2638//2403 2655//2403 2654//2403
f 2638//2404 2639//2404 2656//2404 2655//2404
f 2639//2405 2640//2405 2657//2405 2656//2405
f 2640//2406 2641//2406 2658//2406 2657//2406
f 2641//2407 2642//2407 2659//2407 2658//2407
f 2642//2408 2643//2408 2660//2408 2659//2408
f 2661//2409 2678//2409 2679//2409 2662//2409
f 2676//2424 2693//2424 2694//2424 2677//2424
f 2678//2425 2695//2425 2696//2425 2679//2425
f 2693//2440 2710//2440 2711//2440 2694//2440
f 2695//2441 2712//2441 2713//2441 2696//2441
f 2710//2456 2727//2456 2728//2456 2711//2456
f 2712//2457 2729//2457 2730//2457 2713//2457
f 2727//2472 2744//2472 2745//2472 2728//2472
f 2729//2473 2746//2473 2747//2473 2730//2473
f 2744//2488 2761//2488 2762//2488 2745//2488
f 2746//2489 2763//2489 2764//2489 2747//2489
f 2761//2504 2778//2504 2779//2504 2762//2504
f 2763//2505 2780//2505 2781//2505 2764//2505
f 2778//2520 2795//2520 2796//2520 2779//2520
f 2780//2521 2797//2521 2798//2521 2781//2521
f 2795//2536 2812//2536 2813//2536 2796//2536
f 2797//2537 2814//2537 2815//2537 2798//2537
f 2798//2538 2815//2538 2816//2538 2799//2538
f 2799//2539 2816//2539 2817//2539 2800//2539
f 2800//2540 2817//2540 2818//2540 2801//2540
f 2801//2541 2818//2541 2819//2541 2802//2541
f 2802//2542 2819//2542 2820//2542 2803//2542
f 2803//2543 2820//2543 2821//2543 2804//2543
f 2804//2544 2821//2544 2822//2544 2805//2544
f 2805//2545 2822//2545 2823//2545 2806//2545
f 2806//2546 2823//2546 2824//2546 2807//2546
f 2807//2547 2824//2547 2825//2547 2808//2547
f 2808//2548 2825//2548 2826//2548 2809//2548
f 2809//2549 2826//2549 2827//2549 2810//2549
f 2810//2550 2827//2550 2828//2550 2811//2550
f 2811//2551 2828//2551 2829//2551 2812//2551
f 2812//2552 2829//2552 2830//2552 2813//2552
f 2491//2553 2508//2553 2678//2553 2661//2553
f 2492//2554 2491//2554 2661//2554 2662//2554
f 2493//2555 2492//2555 2662//2555 2663//2555
f 2494//2556 2493//2556 2663//2556 2664//2556
f 2495//2557 2494//2557 2664//2557 2665//2557
f 2496//2558 2495//2558 2665//2558 2666//2558
f 2497//2559 2496//2559 2666//2559 2667//2559
f 2498//2560 2497//2560 2667//2560 2668//2560
f 2499//2561 2498//2561 2668//2561 2669//2561
f 2500//2562 2499//2562 2669//2562 2670//2562
f 2501//2563 2500//2563 2670//2563 2671//2563
f 2502//2564 2501//2564 2671//2564 2672//2564
f 2503//2565 2502//2565 2672//2565 2673//2565
f 2504//2566 2503//2566 2673//2566 2674//2566
f 2505//2567 2504//2567 2674//2567 2675//2567
f 2506//2568 2505//2568 2675//2568 2676//2568
f 2507//2569 2506//2569 2676//2569 2677//2569
f 2524//2570 2507//2570 2677//2570 2694//2570
f 2508//2571 2525//2571 2695//2571 2678//2571
f 2541//2572 2524//2572 2694//2572 2711//2572
f 2525//2573 2542//2573 2712//2573 2695//2573
f 2558//2574 2541//2574 2711//2574 2728//2574
f 2542//2575 2559//2575 2729//2575 2712//2575
f 2575//2576 2558//2576 2728//2576 2745//2576
f 2559//2577 2576//2577 2746//2577 2729//2577
f 2592//2578 2575//2578 2745//2578 2762//2578
f 2576//2579 2593//2579 2763//2579 2746//2579
f 2609//2580 2592//2580 2762//2580 2779//2580
f 2593//2581 2610//2581 2780//2581 2763//2581
f 2626//2582 2609//2582 2779//2582 2796//2582
f 2610//2583 2627//2583 2797//2583 2780//2583
f 2643//2584 2626//2584 2796//2584 2813//2584
f 2627//2585 2644//2585 2814//2585 2797//2585
f 2644//2586 2645//2586 2815//2586 2814//2586
f 2645//2587 2646//2587 2816//2587 2815//2587
f 2646//2588 2647//2588 2817//2588 2816//2588
f 2647//2589 2648//2589 2818//2589 2817//2589
f 2648//2590 2649//2590 2819//2590 2818//2590
f 2649//2591 2650//2591 2820//2591 2819//2591
f 2650//2592 2651//2592 2821//2592 2820//2592
f 2651//2593 2652//2593 2822//2593 2821//2593
f 2652//2594 2653//2594 2823//2594 2822//2594
f 2653//2595 2654//2595 2824//2595 2823//2595
f 2654//2596 2655//2596 2825//2596 2824//2596
f 2655//2597 2656//2597 2826//2597 2825//2597
f 2656//2598 2657//2598 2827//2598 2826//2598
f 2657//2599 2658//2599 2828//2599 2827//2599
f 2658//2600 2659//2600 2829//2600 2828//2600
f 2660//2601 2643//2601 2813//2601 2830//2601
f 2659//2602 2660//2602 2830//2602 2829//2602
f 2871//2643 2872//2643 2880//2643 2879//2643
f 2872//2644 2873//2644 2881//2644 2880//2644
f 2873//2645 2874//2645 2882//2645 2881//2645
f 2874//2646 2875//2646 2883//2646 2882//2646
f 2875//2647 2876//2647 2884//2647 2883//2647
f 2876//2648 2877//2648 2885//2648 2884//2648
f 2877//2649 2878//2649 2886//2649 2885//2649
f 2878//2650 2871//2650 2879//2650 2886//2650
f 2927//2692 2928//2692 2936//2692 2935//2692
f 2928//2693 2929//2693 2937//2693 2936//2693
f 2929//2694 2930//2694 2938//2694 2937//2694
f 2930//2695 2931//2695 2939//2695 2938//2695
f 2931//2696 2932//2696 2940//2696 2939//2696
f 2932//2697 2933//2697 2941//2697 2940//2697
f 2933//2698 2934//2698 2942//2698 2941//2698
f 2934//2699 2927//2699 2935//2699 2942//2699
f 2983//2741 2991//2741 2992//2741 2984//2741
f 2984//2742 2992//2742 2993//2742 2985//2742
f 2985//2743 2993//2743 2994//2743 2986//2743
f 2986//2744 2994//2744 2995//2744 2987//2744
f 2987//2745 2995//2745 2996//2745 2988//2745
f 2988//2746 2996//2746 2997//2746 2989//2746
f 2989//2747 2997//2747 2998//2747 2990//2747
f 2990//2748 2998//2748 2991//2748 2983//2748
f 3039//2790 3047//2790 3048//2790 3040//2790
f 3040//2791 3048//2791 3049//2791 3041//2791
f 3041//2792 3049//2792 3050//2792 3042//2792
f 3042//2793 3050//2793 3051//2793 3043//2793
f 3043//2794 3051//2794 3052//2794 3044//2794
f 3044//2795 3052//2795 3053//2795 3045//2795
f 3045//2796 3053//2796 3054//2796 3046//2796
f 3046//2797 3054//2797 3047//2797 3039//2797
f 2879//2799 2880//2799 2992//2799 2991//2799
f 2880//2800 2881//2800 2993//2800 2992//2800
f 2881//2801 2882//2801 2994//2801 2993//2801
f 2882//2802 2883//2802 2995//2802 2994//2802
f 2883//2803 2884//2803 2996//2803 2995//2803
f 2884//2804 2885//2804 2997//2804 2996//2804
f 2885//2805 2886//2805 2998//2805 2997//2805
f 2886//2806 2879//2806 2991//2806 2998//2806
f 2935//2807 2936//2807 3048//2807 3047//2807
f 2936//2808 2937//2808 3049//2808 3048//2808
f 2937//2809 2938//2809 3050//2809 3049//2809
f 2938//2810 2939//2810 3051//2810 3050//2810
f 2939//2811 2940//2811 3052//2811 3051//2811
f 2940//2812 2941//2812 3053//2812 3052//2812
f 2941//2813 2942//2813 3054//2813 3053//2813
f 2942//2814 2935//2814 3047//2814 3054//2814
o Aqua_Heartia
v -0.314000 0.000000 0.150000
v -0.307000 0.000000 0.162124
v -0.293000 0.000000 0.162124
v -0.286000 0.000000 0.150000
v -0.293000 0.000000 0.137876
v -0.307000 0.000000 0.137876
v -0.315999 0.029864 0.150000
v -0.308000 0.029923 0.163856
v -0.292000 0.030058 0.163856
v -0.284001 0.030136 0.150000
v -0.292000 0.030077 0.136144
v -0.308000 0.029942 0.136144
v -0.320819 0.449945 0.150306
v -0.312319 0.449917 0.165029
v -0.295319 0.449973 0.165029
v -0.286820 0.450055 0.150306
v -0.295320 0.450083 0.135584
v -0.312320 0.450027 0.135584
v -0.320656 0.850007 0.153063
v -0.311656 0.850055 0.168652
v -0.293656 0.850047 0.168652
v -0.284656 0.849993 0.153063
v -0.293656 0.849946 0.137475
v -0.311656 0.849953 0.137475
v -0.322528 1.200095 0.147854
v -0.313028 1.200143 0.164308
v -0.294028 1.200048 0.164308
v -0.284529 1.199905 0.147854
v -0.294029 1.199857 0.131400
v -0.313029 1.199952 0.131400
v -0.322996 1.380451 0.150000
v -0.311502 1.379988 0.169917
v -0.288507 1.379537 0.169917
v -0.277004 1.379549 0.150000
v -0.288498 1.380012 0.130083
v -0.311493 1.380463 0.130083
v -0.319000 -0.002000 0.150000
v -0.309500 -0.002000 0.166454
v -0.290500 -0.002000 0.166454
v -0.281000 -0.002000 0.150000
v -0.290500 -0.002000 0.133546
v -0.309500 -0.002000 0.133546
v -0.319000 0.050000 0.150000
v -0.309500 0.050000 0.166454
v -0.290500 0.050000 0.166454
v -0.281000 0.050000 0.150000
v -0.290500 0.050000 0.133546
v -0.309500 0.050000 0.133546
v -0.320000 0.835000 0.150000
v -0.310000 0.835000 0.167321
v -0.290000 0.835000 0.167321
v -0.280000 0.835000 0.150000
v -0.290000 0.835000 0.132679
v -0.310000 0.835000 0.132679
v -0.320000 0.975000 0.150000
v -0.310000 0.975000 0.167321
v -0.290000 0.975000 0.167321
v -0.280000 0.975000 0.150000
v -0.290000 0.975000 0.132679
v -0.310000 0.975000 0.132679
v -0.326000 1.345000 0.150000
v -0.318385 1.345000 0.168385
v -0.300000 1.345000 0.176000
v -0.281615 1.345000 0.168385
v -0.274000 1.345000 0.150000
v -0.281615 1.345000 0.131615
v -0.300000 1.345000 0.124000
v -0.318385 1.345000 0.131615
v -0.330000 1.360000 0.150000
v -0.321213 1.360000 0.171213
v -0.300000 1.360000 0.180000
v -0.278787 1.360000 0.171213
v -0.270000 1.360000 0.150000
v -0.278787 1.360000 0.128787
v -0.300000 1.360000 0.120000
v -0.321213 1.360000 0.128787
v -0.334000 1.384000 0.150000
v -0.324042 1.384000 0.174042
v -0.300000 1.384000 0.184000
v -0.275958 1.384000 0.174042
v -0.266000 1.384000 0.150000
v -0.275958 1.384000 0.125958
v -0.300000 1.384000 0.116000
v -0.324042 1.384000 0.125958
v -0.324000 1.270000 0.150000
v -0.316971 1.270000 0.166971
v -0.300000 1.270000 0.174000
v -0.283029 1.270000 0.166971
v -0.276000 1.270000 0.150000
v -0.283029 1.270000 0.133029
v -0.300000 1.270000 0.126000
v -0.316971 1.270000 0.133029
v -0.324000 1.285000 0.150000
v -0.316971 1.285000 0.166971
v -0.300000 1.285000 0.174000
v -0.283029 1.285000 0.166971
v -0.276000 1.285000 0.150000
v -0.283029 1.285000 0.133029
v -0.300000 1.285000 0.126000
v -0.316971 1.285000 0.133029
v -0.275042 1.379760 0.153229
v -0.268558 1.367497 0.140527
v -0.281589 1.365603 0.127097
v -0.296128 1.376695 0.131499
v -0.292081 1.385445 0.147649
v -0.256075 1.414712 0.128489
v -0.248714 1.406319 0.114839
v -0.261365 1.403013 0.103009
v -0.276546 1.409363 0.109348
v -0.273276 1.416593 0.125095
v -0.254477 1.483128 0.098172
v -0.248110 1.480806 0.084474
v -0.259261 1.477370 0.074605
v -0.272519 1.477568 0.082203
v -0.269563 1.481127 0.096768
v -0.274006 1.560433 0.093303
v -0.268673 1.563156 0.080530
v -0.278996 1.561518 0.071056
v -0.290709 1.557782 0.077974
v -0.287625 1.557112 0.091724
v -0.291891 1.616943 0.110363
v -0.287069 1.622754 0.101353
v -0.295490 1.624759 0.093399
v -0.305517 1.620188 0.097493
v -0.303292 1.615357 0.107977
v -0.299864 1.642025 0.131224
v -0.294720 1.647946 0.128733
v -0.299205 1.653941 0.125319
v -0.307121 1.651726 0.125700
v -0.307528 1.644362 0.129349
v -0.300695 1.642000 0.146061
v -0.309683 1.379760 0.126771
v -0.323925 1.367497 0.127507
v -0.329040 1.365603 0.145508
v -0.317959 1.376695 0.155897
v -0.305995 1.385445 0.144317
v -0.340592 1.414712 0.122715
v -0.356093 1.406319 0.123165
v -0.360012 1.403013 0.140037
v -0.346933 1.409363 0.150014
v -0.334930 1.416593 0.139309
v -0.367646 1.483128 0.136490
v -0.382692 1.480806 0.137825
v -0.385664 1.477370 0.152416
v -0.372454 1.477568 0.160100
v -0.361319 1.481127 0.150256
v -0.362098 1.560433 0.155837
v -0.375826 1.563156 0.157605
v -0.378869 1.561518 0.171282
v -0.367021 1.557782 0.177967
v -0.356657 1.557112 0.168421
v -0.338381 1.616943 0.162796
v -0.348595 1.622754 0.163125
v -0.351273 1.624759 0.174394
v -0.342714 1.620188 0.181031
v -0.334747 1.615357 0.173863
v -0.316329 1.642025 0.159270
v -0.321058 1.647946 0.156061
v -0.321772 1.653941 0.161652
v -0.317484 1.651726 0.168317
v -0.314120 1.644362 0.166845
v -0.303064 1.642000 0.152571
v -0.315275 1.379760 0.170000
v -0.307517 1.367497 0.181967
v -0.289370 1.365603 0.177396
v -0.285914 1.376695 0.162604
v -0.301924 1.385445 0.158033
v -0.303334 1.414712 0.198796
v -0.295193 1.406319 0.211996
v -0.278622 1.403013 0.206954
v -0.276521 1.409363 0.190638
v -0.291794 1.416593 0.185596
v -0.277877 1.483128 0.215338
v -0.269198 1.480806 0.227701
v -0.255076 1.477370 0.222979
v -0.255026 1.477568 0.207698
v -0.269119 1.481127 0.202975
v -0.263896 1.560433 0.200860
v -0.255501 1.563156 0.211865
v -0.242135 1.561518 0.207662
v -0.242269 1.557782 0.194059
v -0.255719 1.557112 0.189856
v -0.269727 1.616943 0.176841
v -0.264336 1.622754 0.185522
v -0.253237 1.624759 0.182207
v -0.251769 1.620188 0.171476
v -0.261961 1.615357 0.168160
v -0.283807 1.642025 0.159506
v -0.284222 1.647946 0.165206
v -0.279023 1.653941 0.163029
v -0.275395 1.651726 0.155983
v -0.278351 1.644362 0.153806
v -0.296241 1.642000 0.151368
v -0.300000 1.420000 0.150000
v -0.345083 1.465000 0.159139
v -0.325416 1.465000 0.188341
v -0.290861 1.465000 0.195083
v -0.261659 1.465000 0.175416
v -0.254917 1.465000 0.140861
v -0.274584 1.465000 0.111659
v -0.309139 1.465000 0.104917
v -0.338341 1.465000 0.124584
v -0.360764 1.515000 0.162317
v -0.334257 1.515000 0.201677
v -0.287683 1.515000 0.210764
v -0.248324 1.515000 0.184257
v -0.239236 1.515000 0.137683
v -0.265743 1.515000 0.098323
v -0.312318 1.515000 0.089236
v -0.351677 1.515000 0.115743
v -0.349003 1.565000 0.159933
v -0.327627 1.565000 0.191675
v -0.290067 1.565000 0.199003
v -0.258325 1.565000 0.177627
v -0.250997 1.565000 0.140067
v -0.272373 1.565000 0.108325
v -0.309933 1.565000 0.100997
v -0.341675 1.565000 0.122373
v -0.300000 1.615000 0.150000
vn -0.8645 -0.0578 0.4993
vn 0.0003 -0.0577 0.9983
vn 0.8647 -0.0574 0.4990
vn 0.8647 -0.0574 -0.4991
vn 0.0003 -0.0576 -0.9983
vn -0.8645 -0.0578 -0.4993
vn -0.8660 -0.0103 0.5000
vn -0.0000 -0.0028 1.0000
vn 0.8660 0.0054 0.5000
vn 0.8660 0.0062 -0.5000
vn -0.0000 -0.0013 -1.0000
vn -0.8660 -0.0096 -0.5000
vn -0.8660 -0.0031 0.5000
vn -0.0000 -0.0091 1.0000
vn 0.8660 -0.0081 0.5000
vn 0.8660 -0.0012 -0.5000
vn -0.0000 0.0047 -1.0000
vn -0.8660 0.0038 -0.5000
vn -0.8660 0.0028 0.5000
vn -0.0000 0.0124 0.9999
vn 0.8660 0.0071 0.4999
vn 0.8660 -0.0078 -0.5000
vn -0.0000 -0.0174 -0.9998
vn -0.8660 -0.0121 -0.4999
vn -0.8661 -0.0082 0.4998
vn -0.0004 -0.0312 0.9995
vn 0.8652 -0.0422 0.4997
vn 0.8655 -0.0303 -0.4999
vn -0.0001 -0.0073 -1.0000
vn -0.8660 0.0037 -0.5001
vn -0.0000 -1.0000 -0.0000
vn 0.0196 0.9997 0.0119
vn -0.8660 -0.0000 0.5000
vn -0.0000 -0.0000 1.0000
vn 0.8660 -0.0000 0.5000
vn 0.8660 -0.0000 -0.5000
vn -0.0000 -0.0000 -1.0000
vn -0.8660 -0.0000 -0.5000
vn -0.0000 1.0000 -0.0000
vn -0.8971 -0.2392 0.3716
vn -0.3716 -0.2392 0.8971
vn 0.3716 -0.2392 0.8971
vn 0.8971 -0.2392 0.3716
vn 0.8971 -0.2392 -0.3716
vn 0.3716 -0.2392 -0.8971
vn -0.3716 -0.2392 -0.8971
vn -0.8971 -0.2392 -0.3716
vn -0.9131 -0.1522 0.3782
vn -0.3782 -0.1522 0.9131
vn 0.3782 -0.1522 0.9131
vn 0.9131 -0.1522 0.3782
vn 0.9131 -0.1522 -0.3782
vn 0.3782 -0.1522 -0.9131
vn -0.3782 -0.1522 -0.9131
vn -0.9131 -0.1522 -0.3782
vn -0.9239 -0.0000 0.3827
vn -0.3827 -0.0000 0.9239
vn 0.3827 -0.0000 0.9239
vn 0.9239 -0.0000 0.3827
vn 0.9239 -0.0000 -0.3827
vn 0.3827 -0.0000 -0.9239
vn -0.3827 -0.0000 -0.9239
vn -0.9239 -0.0000 -0.3827
vn 0.8498 -0.0924 0.5189
vn 0.6040 -0.6333 -0.4838
vn -0.4693 -0.2849 -0.8358
vn -0.8700 0.4909 -0.0464
vn -0.0730 0.6076 0.7909
vn 0.9059 0.1536 0.3946
vn 0.6890 -0.2770 -0.6697
vn -0.4747 -0.3018 -0.8268
vn -0.9798 0.1230 0.1575
vn -0.1359 0.4044 0.9044
vn 0.8856 0.2442 0.3951
vn 0.6480 0.1230 -0.7517
vn -0.4806 -0.1518 -0.8637
vn -0.9521 -0.2077 0.2243
vn -0.1101 0.0372 0.9932
vn 0.8796 0.1251 0.4590
vn 0.6251 0.4108 -0.6637
vn -0.4943 0.1614 -0.8541
vn -0.9485 -0.2822 0.1437
vn -0.0911 -0.3021 0.9489
vn 0.8371 -0.2203 0.5007
vn 0.7101 0.5814 -0.3970
vn -0.4032 0.6258 -0.6677
vn -0.9927 -0.1174 0.0264
vn -0.1928 -0.6306 0.7518
vn 0.7628 -0.6453 0.0416
vn 0.5835 0.6850 0.4362
vn -0.2158 0.8529 0.4755
vn -0.8847 0.2454 0.3964
vn -0.2876 -0.9576 -0.0177
vn -0.4180 -0.7508 0.5115
vn 0.0245 -0.0924 -0.9954
vn -0.7210 -0.6333 -0.2812
vn -0.4892 -0.2849 0.8243
vn 0.3949 0.4909 0.7766
vn 0.7214 0.6076 -0.3322
vn -0.1112 0.1536 -0.9819
vn -0.9245 -0.2770 -0.2618
vn -0.4787 -0.3018 0.8245
vn 0.6263 0.1230 0.7698
vn 0.8512 0.4044 -0.3345
vn -0.1006 0.2442 -0.9645
vn -0.9749 0.1230 -0.1854
vn -0.5077 -0.1518 0.8481
vn 0.6703 -0.2077 0.7124
vn 0.9152 0.0372 -0.4012
vn -0.0422 0.1251 -0.9912
vn -0.8873 0.4108 -0.2095
vn -0.4925 0.1614 0.8552
vn 0.5987 -0.2822 0.7496
vn 0.8673 -0.3021 -0.3955
vn 0.0151 -0.2203 -0.9753
vn -0.6989 0.5814 -0.4165
vn -0.3766 0.6258 0.6830
vn 0.5192 -0.1174 0.8466
vn 0.7475 -0.6306 -0.2089
vn -0.3454 -0.6453 -0.6814
vn 0.0861 0.6850 -0.7235
vn 0.5197 0.8529 -0.0509
vn 0.7857 0.2454 0.5679
vn 0.1284 -0.9576 0.2579
vn 0.6519 -0.7508 0.1062
vn -0.8743 -0.0924 0.4765
vn 0.1169 -0.6333 0.7650
vn 0.9585 -0.2849 0.0115
vn 0.4751 0.4909 -0.7303
vn -0.6484 0.6076 -0.4587
vn -0.7947 0.1536 0.5873
vn 0.2355 -0.2770 0.9316
vn 0.9534 -0.3018 0.0023
vn 0.3535 0.1230 -0.9273
vn -0.7153 0.4044 -0.5699
vn -0.7850 0.2442 0.5694
vn 0.3270 0.1230 0.9370
vn 0.9883 -0.1518 0.0157
vn 0.2818 -0.2077 -0.9367
vn -0.8051 0.0372 -0.5920
vn -0.8373 0.1251 0.5322
vn 0.2622 0.4108 0.8732
vn 0.9869 0.1614 -0.0010
vn 0.3498 -0.2822 -0.8933
vn -0.7762 -0.3021 -0.5534
vn -0.8522 -0.2203 0.4746
vn -0.0112 0.5814 0.8135
vn 0.7798 0.6258 -0.0154
vn 0.4735 -0.1174 -0.8729
vn -0.5547 -0.6306 -0.5429
vn -0.4174 -0.6453 0.6398
vn -0.6695 0.6850 0.2872
vn -0.3039 0.8528 -0.4246
vn 0.0990 0.2454 -0.9644
vn 0.1592 -0.9576 -0.2402
vn -0.2340 -0.7508 -0.6177
vn -0.6030 -0.6866 0.4061
vn -0.1392 -0.6866 0.7136
vn 0.4061 -0.6866 0.6030
vn 0.7136 -0.6866 0.1392
vn 0.6030 -0.6866 -0.4061
vn 0.1392 -0.6866 -0.7136
vn -0.4061 -0.6866 -0.6030
vn -0.7136 -0.6866 -0.1392
vn -0.7954 -0.2835 0.5357
vn -0.1837 -0.2835 0.9412
vn 0.5357 -0.2835 0.7954
vn 0.9412 -0.2835 0.1837
vn 0.7954 -0.2835 -0.5357
vn 0.1837 -0.2835 -0.9412
vn -0.5357 -0.2835 -0.7954
vn -0.9412 -0.2835 -0.1837
vn -0.8098 0.2165 0.5454
vn -0.1870 0.2165 0.9582
vn 0.5454 0.2165 0.8098
vn 0.9582 0.2165 0.1870
vn 0.8098 0.2165 -0.5454
vn 0.1870 0.2165 -0.9582
vn -0.5454 0.2165 -0.8098
vn -0.9582 0.2165 -0.1870
vn -0.6092 0.6786 0.4103
vn -0.1407 0.6786 0.7209
vn 0.4103 0.6786 0.6092
vn 0.7209 0.6786 0.1407
vn 0.6092 0.6786 -0.4103
vn 0.1407 0.6786 -0.7209
vn -0.4103 0.6786 -0.6092
vn -0.7209 0.6786 -0.1407
s 0
usemtl Wood
f 3160//2915 3161//2915 3167//2915 3166//2915
f 3161//2916 3162//2916 3168//2916 3167//2916
f 3162//2917 3163//2917 3169//2917 3168//2917
f 3163//2918 3164//2918 3170//2918 3169//2918
f 3164//2919 3165//2919 3171//2919 3170//2919
f 3165//2920 3160//2920 3166//2920 3171//2920
f 3166//2921 3167//2921 3173//2921 3172//2921
f 3167//2922 3168//2922 3174//2922 3173//2922
f 3168//2923 3169//2923 3175//2923 3174//2923
f 3169//2924 3170//2924 3176//2924 3175//2924
f 3170//2925 3171//2925 3177//2925 3176//2925
f 3171//2926 3166//2926 3172//2926 3177//2926
f 3172//2927 3173//2927 3179//2927 3178//2927
f 3173//2928 3174//2928 3180//2928 3179//2928
f 3174//2929 3175//2929 3181//2929 3180//2929
f 3175//2930 3176//2930 3182//2930 3181//2930
f 3176//2931 3177//2931 3183//2931 3182//2931
f 3177//2932 3172//2932 3178//2932 3183//2932
f 3178//2933 3179//2933 3185//2933 3184//2933
f 3179//2934 3180//2934 3186//2934 3185//2934
f 3180//2935 3181//2935 3187//2935 3186//2935
f 3181//2936 3182//2936 3188//2936 3187//2936
f 3182//2937 3183//2937 3189//2937 3188//2937
f 3183//2938 3178//2938 3184//2938 3189//2938
f 3184//2939 3185//2939 3191//2939 3190//2939
f 3185//2940 3186//2940 3192//2940 3191//2940
f 3186//2941 3187//2941 3193//2941 3192//2941
f 3187//2942 3188//2942 3194//2942 3193//2942
f 3188//2943 3189//2943 3195//2943 3194//2943
f 3189//2944 3184//2944 3190//2944 3195//2944
f 3165//2945 3164//2945 3163//2945 3162//2945 3161//2945 3160//2945
f 3190//2946 3191//2946 3192//2946 3193//2946 3194//2946 3195//2946
f 3260//2978 3261//2978 3266//2978 3265//2978
f 3261//2979 3262//2979 3267//2979 3266//2979
f 3262//2980 3263//2980 3268//2980 3267//2980
f 3263//2981 3264//2981 3269//2981 3268//2981
f 3264//2982 3260//2982 3265//2982 3269//2982
f 3265//2983 3266//2983 3271//2983 3270//2983
f 3266//2984 3267//2984 3272//2984 3271//2984
f 3267//2985 3268//2985 3273//2985 3272//2985
f 3268//2986 3269//2986 3274//2986 3273//2986
f 3269//2987 3265//2987 3270//2987 3274//2987
f 3270//2988 3271//2988 3276//2988 3275//2988
f 3271//2989 3272//2989 3277//2989 3276//2989
f 3272//2990 3273//2990 3278//2990 3277//2990
f 3273//2991 3274//2991 3279//2991 3278//2991
f 3274//2992 3270//2992 3275//2992 3279//2992
f 3275//2993 3276//2993 3281//2993 3280//2993
f 3276//2994 3277//2994 3282//2994 3281//2994
f 3277//2995 3278//2995 3283//2995 3282//2995
f 3278//2996 3279//2996 3284//2996 3283//2996
f 3279//2997 3275//2997 3280//2997 3284//2997
f 3280//2998 3281//2998 3286//2998 3285//2998
f 3281//2999 3282//2999 3287//2999 3286//2999
f 3282//3000 3283//3000 3288//3000 3287//3000
f 3283//3001 3284//3001 3289//3001 3288//3001
f 3284//3002 3280//3002 3285//3002 3289//3002
f 3285//3003 3286//3003 3290//3003
f 3286//3004 3287//3004 3290//3004
f 3287//3005 3288//3005 3290//3005
f 3288//3006 3289//3006 3290//3006
f 3289//3007 3285//3007 3290//3007
f 3264//3008 3263//3008 3262//3008 3261//3008 3260//3008
f 3291//3009 3292//3009 3297//3009 3296//3009
f 3292//3010 3293//3010 3298//3010 3297//3010
f 3293//3011 3294//3011 3299//3011 3298//3011
f 3294//3012 3295//3012 3300//3012 3299//3012
f 3295//3013 3291//3013 3296//3013 3300//3013
f 3296//3014 3297//3014 3302//3014 3301//3014
f 3297//3015 3298//3015 3303//3015 3302//3015
f 3298//3016 3299//3016 3304//3016 3303//3016
f 3299//3017 3300//3017 3305//3017 3304//3017
f 3300//3018 3296//3018 3301//3018 3305//3018
f 3301//3019 3302//3019 3307//3019 3306//3019
f 3302//3020 3303//3020 3308//3020 3307//3020
f 3303//3021 3304//3021 3309//3021 3308//3021
f 3304//3022 3305//3022 3310//3022 3309//3022
f 3305//3023 3301//3023 3306//3023 3310//3023
f 3306//3024 3307//3024 3312//3024 3311//3024
f 3307//3025 3308//3025 3313//3025 3312//3025
f 3308//3026 3309//3026 3314//3026 3313//3026
f 3309//3027 3310//3027 3315//3027 3314//3027
f 3310//3028 3306//3028 3311//3028 3315//3028
f 3311//3029 3312//3029 3317//3029 3316//3029
f 3312//3030 3313//3030 3318//3030 3317//3030
f 3313//3031 3314//3031 3319//3031 3318//3031
f 3314//3032 3315//3032 3320//3032 3319//3032
f 3315//3033 3311//3033 3316//3033 3320//3033
f 3316//3034 3317//3034 3321//3034
f 3317//3035 3318//3035 3321//3035
f 3318//3036 3319//3036 3321//3036
f 3319//3037 3320//3037 3321//3037
f 3320//3038 3316//3038 3321//3038
f 3295//3039 3294//3039 3293//3039 3292//3039 3291//3039
f 3322//3040 3323//3040 3328//3040 3327//3040
f 3323//3041 3324//3041 3329//3041 3328//3041
f 3324//3042 3325//3042 3330//3042 3329//3042
f 3325//3043 3326//3043 3331//3043 3330//3043
f 3326//3044 3322//3044 3327//3044 3331//3044
f 3327//3045 3328//3045 3333//3045 3332//3045
f 3328//3046 3329//3046 3334//3046 3333//3046
f 3329//3047 3330//3047 3335//3047 3334//3047
f 3330//3048 3331//3048 3336//3048 3335//3048
f 3331//3049 3327//3049 3332//3049 3336//3049
f 3332//3050 3333//3050 3338//3050 3337//3050
f 3333//3051 3334//3051 3339//3051 3338//3051
f 3334//3052 3335//3052 3340//3052 3339//3052
f 3335//3053 3336//3053 3341//3053 3340//3053
f 3336//3054 3332//3054 3337//3054 3341//3054
f 3337//3055 3338//3055 3343//3055 3342//3055
f 3338//3056 3339//3056 3344//3056 3343//3056
f 3339//3057 3340//3057 3345//3057 3344//3057
f 3340//3058 3341//3058 3346//3058 3345//3058
f 3341//3059 3337//3059 3342//3059 3346//3059
f 3342//3060 3343//3060 3348//3060 3347//3060
f 3343//3061 3344//3061 3349//3061 3348//3061
f 3344//3062 3345//3062 3350//3062 3349//3062
f 3345//3063 3346//3063 3351//3063 3350//3063
f 3346//3064 3342//3064 3347//3064 3351//3064
f 3347//3065 3348//3065 3352//3065
f 3348//3066 3349//3066 3352//3066
f 3349//3067 3350//3067 3352//3067
f 3350//3068 3351//3068 3352//3068
f 3351//3069 3347//3069 3352//3069
f 3326//3070 3325//3070 3324//3070 3323//3070 3322//3070
usemtl Wood_Dark
f 3196//2947 3197//2947 3203//2947 3202//2947
f 3197//2948 3198//2948 3204//2948 3203//2948
f 3198//2949 3199//2949 3205//2949 3204//2949
f 3199//2950 3200//2950 3206//2950 3205//2950
f 3200//2951 3201//2951 3207//2951 3206//2951
f 3201//2952 3196//2952 3202//2952 3207//2952
f 3201//2945 3200//2945 3199//2945 3198//2945 3197//2945 3196//2945
f 3202//2953 3203//2953 3204//2953 3205//2953 3206//2953 3207//2953
f 3208//2947 3209//2947 3215//2947 3214//2947
f 3209//2948 3210//2948 3216//2948 3215//2948
f 3210//2949 3211//2949 3217//2949 3216//2949
f 3211//2950 3212//2950 3218//2950 3217//2950
f 3212//2951 3213//2951 3219//2951 3218//2951
f 3213//2952 3208//2952 3214//2952 3219//2952
f 3213//2945 3212//2945 3211//2945 3210//2945 3209//2945 3208//2945
f 3214//2953 3215//2953 3216//2953 3217//2953 3218//2953 3219//2953
usemtl Gold
f 3220//2954 3221//2954 3229//2954 3228//2954
f 3221//2955 3222//2955 3230//2955 3229//2955
f 3222//2956 3223//2956 3231//2956 3230//2956
f 3223//2957 3224//2957 3232//2957 3231//2957
f 3224//2958 3225//2958 3233//2958 3232//2958
f 3225//2959 3226//2959 3234//2959 3233//2959
f 3226//2960 3227//2960 3235//2960 3234//2960
f 3227//2961 3220//2961 3228//2961 3235//2961
f 3228//2962 3229//2962 3237//2962 3236//2962
f 3229//2963 3230//2963 3238//2963 3237//2963
f 3230//2964 3231//2964 3239//2964 3238//2964
f 3231//2965 3232//2965 3240//2965 3239//2965
f 3232//2966 3233//2966 3241//2966 3240//2966
f 3233//2967 3234//2967 3242//2967 3241//2967
f 3234//2968 3235//2968 3243//2968 3242//2968
f 3235//2969 3228//2969 3236//2969 3243//2969
f 3227//2945 3226//2945 3225//2945 3224//2945 3223//2945 3222//2945 3221//2945 3220//2945
f 3236//2953 3237//2953 3238//2953 3239//2953 3240//2953 3241//2953 3242//2953 3243//2953
f 3244//2970 3245//2970 3253//2970 3252//2970
f 3245//2971 3246//2971 3254//2971 3253//2971
f 3246//2972 3247//2972 3255//2972 3254//2972
f 3247//2973 3248//2973 3256//2973 3255//2973
f 3248//2974 3249//2974 3257//2974 3256//2974
f 3249//2975 3250//2975 3258//2975 3257//2975
f 3250//2976 3251//2976 3259//2976 3258//2976
f 3251//2977 3244//2977 3252//2977 3259//2977
f 3251//2945 3250//2945 3249//2945 3248//2945 3247//2945 3246//2945 3245//2945 3244//2945
f 3252//2953 3253//2953 3254//2953 3255//2953 3256//2953 3257//2953 3258//2953 3259//2953
usemtl Crystal
f 3353//3071 3355//3071 3354//3071
f 3353//3072 3356//3072 3355//3072
f 3353//3073 3357//3073 3356//3073
f 3353//3074 3358//3074 3357//3074
f 3353//3075 3359//3075 3358//3075
f 3353//3076 3360//3076 3359//3076
f 3353//3077 3361//3077 3360//3077
f 3353//3078 3354//3078 3361//3078
f 3354//3079 3355//3079 3363//3079 3362//3079
f 3355//3080 3356//3080 3364//3080 3363//3080
f 3356//3081 3357//3081 3365//3081 3364//3081
f 3357//3082 3358//3082 3366//3082 3365//3082
f 3358//3083 3359//3083 3367//3083 3366//3083
f 3359//3084 3360//3084 3368//3084 3367//3084
f 3360//3085 3361//3085 3369//3085 3368//3085
f 3361//3086 3354//3086 3362//3086 3369//3086
f 3362//3087 3363//3087 3371//3087 3370//3087
f 3363//3088 3364//3088 3372//3088 3371//3088
f 3364//3089 3365//3089 3373//3089 3372//3089
f 3365//3090 3366//3090 3374//3090 3373//3090
f 3366//3091 3367//3091 3375//3091 3374//3091
f 3367//3092 3368//3092 3376//3092 3375//3092
f 3368//3093 3369//3093 3377//3093 3376//3093
f 3369//3094 3362//3094 3370//3094 3377//3094
f 3370//3095 3371//3095 3378//3095
f 3371//3096 3372//3096 3378//3096
f 3372//3097 3373//3097 3378//3097
f 3373//3098 3374//3098 3378//3098
f 3374//3099 3375//3099 3378//3099
f 3375//3100 3376//3100 3378//3100
f 3376//3101 3377//3101 3378//3101
f 3377//3102 3370//3102 3378//3102
